{"3":"{\"totalGroups\":50,\"totalClones\":150,\"groups\":[{\"clone_length\":4,\"clones\":[{\"psi\":\"[PsiElement(BAD_CHARACTER), PsiElement(Py:IDENTIFIER), PsiElement(Py:IDENTIFIER), PsiElement(Py:IDENTIFIER)]\",\"text\":\"!pip install gym\",\"position\":[67,80]},{\"psi\":\"[PsiElement(BAD_CHARACTER), PsiElement(Py:IDENTIFIER), PsiElement(Py:IDENTIFIER), PsiElement(Py:IDENTIFIER)]\",\"text\":\"!pip install gym\",\"position\":[428,441]}]},{\"clone_length\":4,\"clones\":[{\"psi\":\"[PsiElement(Py:IDENTIFIER), PsiElement(Py:DOT), PsiElement(Py:IDENTIFIER), PsiElement(Py:LPAR)]\",\"text\":\"critic_loss_val.backward(\",\"position\":[8410,8434]},{\"psi\":\"[PsiElement(Py:IDENTIFIER), PsiElement(Py:DOT), PsiElement(Py:IDENTIFIER), PsiElement(Py:LPAR)]\",\"text\":\"critic_loss_val.item(\",\"position\":[9242,9262]},{\"psi\":\"[PsiElement(Py:IDENTIFIER), PsiElement(Py:DOT), PsiElement(Py:IDENTIFIER), PsiElement(Py:LPAR)]\",\"text\":\"critic_loss_val.item(\",\"position\":[9006,9026]}]},{\"clone_length\":4,\"clones\":[{\"psi\":\"[PsiElement(Py:IDENTIFIER), PsiElement(Py:DOT), PsiElement(Py:IDENTIFIER), PsiElement(Py:LPAR)]\",\"text\":\"policy.log_prob(\",\"position\":[5476,5491]},{\"psi\":\"[PsiElement(Py:IDENTIFIER), PsiElement(Py:DOT), PsiElement(Py:IDENTIFIER), PsiElement(Py:LPAR)]\",\"text\":\"policy.sample(\",\"position\":[6680,6693]}]},{\"clone_length\":39,\"clones\":[{\"psi\":\"[PsiElement(Py:IDENTIFIER), PsiElement(Py:LPAR), PsiElement(Py:IDENTIFIER), PsiElement(Py:COMMA), PsiElement(Py:IDENTIFIER), PsiElement(Py:RPAR), PsiElement(Py:COLON), PsiElement(Py:IDENTIFIER), PsiElement(Py:EQ), PsiElement(Py:IDENTIFIER), PsiElement(Py:DOT), PsiElement(Py:IDENTIFIER), PsiElement(Py:LPAR), PsiElement(Py:IDENTIFIER), PsiElement(Py:DOT), PsiElement(Py:IDENTIFIER), PsiElement(Py:LPAR), PsiElement(Py:IDENTIFIER), PsiElement(Py:RPAR), PsiElement(Py:RPAR), PsiElement(Py:IDENTIFIER), PsiElement(Py:EQ), PsiElement(Py:IDENTIFIER), PsiElement(Py:DOT), PsiElement(Py:IDENTIFIER), PsiElement(Py:LPAR), PsiElement(Py:IDENTIFIER), PsiElement(Py:DOT), PsiElement(Py:IDENTIFIER), PsiElement(Py:LPAR), PsiElement(Py:IDENTIFIER), PsiElement(Py:RPAR), PsiElement(Py:RPAR), PsiElement(Py:RETURN_KEYWORD), PsiElement(Py:IDENTIFIER), PsiElement(Py:DOT), PsiElement(Py:IDENTIFIER), PsiElement(Py:LPAR), PsiElement(Py:IDENTIFIER)]\",\"text\":\"forward(self, state):\\n        \\\"\\\"\\\"Build a network that maps state -\\u003e action values.\\\"\\\"\\\"\\n        x \\u003d F.relu(self.fc1(state))\\n        x \\u003d F.relu(self.fc2(x))\\n        return self.actor(x\",\"position\":[4293,4473]},{\"psi\":\"[PsiElement(Py:IDENTIFIER), PsiElement(Py:LPAR), PsiElement(Py:IDENTIFIER), PsiElement(Py:COMMA), PsiElement(Py:IDENTIFIER), PsiElement(Py:RPAR), PsiElement(Py:COLON), PsiElement(Py:IDENTIFIER), PsiElement(Py:EQ), PsiElement(Py:IDENTIFIER), PsiElement(Py:DOT), PsiElement(Py:IDENTIFIER), PsiElement(Py:LPAR), PsiElement(Py:IDENTIFIER), PsiElement(Py:DOT), PsiElement(Py:IDENTIFIER), PsiElement(Py:LPAR), PsiElement(Py:IDENTIFIER), PsiElement(Py:RPAR), PsiElement(Py:RPAR), PsiElement(Py:IDENTIFIER), PsiElement(Py:EQ), PsiElement(Py:IDENTIFIER), PsiElement(Py:DOT), PsiElement(Py:IDENTIFIER), PsiElement(Py:LPAR), PsiElement(Py:IDENTIFIER), PsiElement(Py:DOT), PsiElement(Py:IDENTIFIER), PsiElement(Py:LPAR), PsiElement(Py:IDENTIFIER), PsiElement(Py:RPAR), PsiElement(Py:RPAR), PsiElement(Py:RETURN_KEYWORD), PsiElement(Py:IDENTIFIER), PsiElement(Py:DOT), PsiElement(Py:IDENTIFIER), PsiElement(Py:LPAR), PsiElement(Py:IDENTIFIER)]\",\"text\":\"forward(self, state):\\n        \\\"\\\"\\\"Build a network that maps state -\\u003e action values.\\\"\\\"\\\"\\n        x \\u003d F.relu(self.fc1(state))\\n        x \\u003d F.relu(self.fc2(x))\\n        return self.critic(x\",\"position\":[5207,5388]}]},{\"clone_length\":1,\"clones\":[{\"psi\":\"[PsiElement(Py:IDENTIFIER)]\",\"text\":\"cur_policy\",\"position\":[8149,8149]},{\"psi\":\"[PsiElement(Py:IDENTIFIER)]\",\"text\":\"cur_policy\",\"position\":[8149,8149]}]},{\"clone_length\":8,\"clones\":[{\"psi\":\"[PsiElement(Py:DIV), PsiElement(Py:IDENTIFIER), PsiElement(Py:DIV), PsiElement(Py:IDENTIFIER), PsiElement(Py:INTEGER_LITERAL), PsiElement(Py:GT), PsiElement(Py:AND), PsiElement(Py:INTEGER_LITERAL)]\",\"text\":\"/dev/null 2\\u003e\\u00261\",\"position\":[166,179]},{\"psi\":\"[PsiElement(Py:DIV), PsiElement(Py:IDENTIFIER), PsiElement(Py:DIV), PsiElement(Py:IDENTIFIER), PsiElement(Py:INTEGER_LITERAL), PsiElement(Py:GT), PsiElement(Py:AND), PsiElement(Py:INTEGER_LITERAL)]\",\"text\":\"/dev/null 2\\u003e\\u00261\",\"position\":[103,116]},{\"psi\":\"[PsiElement(Py:DIV), PsiElement(Py:IDENTIFIER), PsiElement(Py:DIV), PsiElement(Py:IDENTIFIER), PsiElement(Py:INTEGER_LITERAL), PsiElement(Py:GT), PsiElement(Py:AND), PsiElement(Py:INTEGER_LITERAL)]\",\"text\":\"/dev/null 2\\u003e\\u00261\",\"position\":[200,213]},{\"psi\":\"[PsiElement(Py:DIV), PsiElement(Py:IDENTIFIER), PsiElement(Py:DIV), PsiElement(Py:IDENTIFIER), PsiElement(Py:INTEGER_LITERAL), PsiElement(Py:GT), PsiElement(Py:AND), PsiElement(Py:INTEGER_LITERAL)]\",\"text\":\"/dev/null 2\\u003e\\u00261\",\"position\":[289,302]},{\"psi\":\"[PsiElement(Py:DIV), PsiElement(Py:IDENTIFIER), PsiElement(Py:DIV), PsiElement(Py:IDENTIFIER), PsiElement(Py:INTEGER_LITERAL), PsiElement(Py:GT), PsiElement(Py:AND), PsiElement(Py:INTEGER_LITERAL)]\",\"text\":\"/dev/null 2\\u003e\\u00261\",\"position\":[240,253]},{\"psi\":\"[PsiElement(Py:DIV), PsiElement(Py:IDENTIFIER), PsiElement(Py:DIV), PsiElement(Py:IDENTIFIER), PsiElement(Py:INTEGER_LITERAL), PsiElement(Py:GT), PsiElement(Py:AND), PsiElement(Py:INTEGER_LITERAL)]\",\"text\":\"/dev/null 2\\u003e\\u00261\",\"position\":[334,347]},{\"psi\":\"[PsiElement(Py:DIV), PsiElement(Py:IDENTIFIER), PsiElement(Py:DIV), PsiElement(Py:IDENTIFIER), PsiElement(Py:INTEGER_LITERAL), PsiElement(Py:GT), PsiElement(Py:AND), PsiElement(Py:INTEGER_LITERAL)]\",\"text\":\"/dev/null 2\\u003e\\u00261\",\"position\":[413,426]},{\"psi\":\"[PsiElement(Py:DIV), PsiElement(Py:IDENTIFIER), PsiElement(Py:DIV), PsiElement(Py:IDENTIFIER), PsiElement(Py:INTEGER_LITERAL), PsiElement(Py:GT), PsiElement(Py:AND), PsiElement(Py:INTEGER_LITERAL)]\",\"text\":\"/dev/null 2\\u003e\\u00261\",\"position\":[476,489]},{\"psi\":\"[PsiElement(Py:DIV), PsiElement(Py:IDENTIFIER), PsiElement(Py:DIV), PsiElement(Py:IDENTIFIER), PsiElement(Py:INTEGER_LITERAL), PsiElement(Py:GT), PsiElement(Py:AND), PsiElement(Py:INTEGER_LITERAL)]\",\"text\":\"/dev/null 2\\u003e\\u00261\",\"position\":[573,586]}]},{\"clone_length\":12,\"clones\":[{\"psi\":\"[PsiElement(Py:DIV), PsiElement(Py:IDENTIFIER), PsiElement(Py:DIV), PsiElement(Py:IDENTIFIER), PsiElement(Py:INTEGER_LITERAL), PsiElement(Py:GT), PsiElement(Py:AND), PsiElement(Py:INTEGER_LITERAL), PsiElement(BAD_CHARACTER), PsiElement(Py:IDENTIFIER), PsiElement(Py:MINUS), PsiElement(Py:IDENTIFIER)]\",\"text\":\"/dev/null 2\\u003e\\u00261\\n\\n!apt-get\",\"position\":[166,187]},{\"psi\":\"[PsiElement(Py:DIV), PsiElement(Py:IDENTIFIER), PsiElement(Py:DIV), PsiElement(Py:IDENTIFIER), PsiElement(Py:INTEGER_LITERAL), PsiElement(Py:GT), PsiElement(Py:AND), PsiElement(Py:INTEGER_LITERAL), PsiElement(BAD_CHARACTER), PsiElement(Py:IDENTIFIER), PsiElement(Py:MINUS), PsiElement(Py:IDENTIFIER)]\",\"text\":\"/dev/null 2\\u003e\\u00261\\n!apt-get\",\"position\":[103,123]},{\"psi\":\"[PsiElement(Py:DIV), PsiElement(Py:IDENTIFIER), PsiElement(Py:DIV), PsiElement(Py:IDENTIFIER), PsiElement(Py:INTEGER_LITERAL), PsiElement(Py:GT), PsiElement(Py:AND), PsiElement(Py:INTEGER_LITERAL), PsiElement(BAD_CHARACTER), PsiElement(Py:IDENTIFIER), PsiElement(Py:MINUS), PsiElement(Py:IDENTIFIER)]\",\"text\":\"/dev/null 2\\u003e\\u00261\\n!apt-get\",\"position\":[200,220]},{\"psi\":\"[PsiElement(Py:DIV), PsiElement(Py:IDENTIFIER), PsiElement(Py:DIV), PsiElement(Py:IDENTIFIER), PsiElement(Py:INTEGER_LITERAL), PsiElement(Py:GT), PsiElement(Py:AND), PsiElement(Py:INTEGER_LITERAL), PsiElement(BAD_CHARACTER), PsiElement(Py:IDENTIFIER), PsiElement(Py:MINUS), PsiElement(Py:IDENTIFIER)]\",\"text\":\"/dev/null 2\\u003e\\u00261\\n!apt-get\",\"position\":[289,309]},{\"psi\":\"[PsiElement(Py:DIV), PsiElement(Py:IDENTIFIER), PsiElement(Py:DIV), PsiElement(Py:IDENTIFIER), PsiElement(Py:INTEGER_LITERAL), PsiElement(Py:GT), PsiElement(Py:AND), PsiElement(Py:INTEGER_LITERAL), PsiElement(BAD_CHARACTER), PsiElement(Py:IDENTIFIER), PsiElement(Py:MINUS), PsiElement(Py:IDENTIFIER)]\",\"text\":\"/dev/null 2\\u003e\\u00261\\n!apt-get\",\"position\":[240,260]}]},{\"clone_length\":13,\"clones\":[{\"psi\":\"[PsiElement(Py:DIV), PsiElement(Py:IDENTIFIER), PsiElement(Py:DIV), PsiElement(Py:IDENTIFIER), PsiElement(Py:INTEGER_LITERAL), PsiElement(Py:GT), PsiElement(Py:AND), PsiElement(Py:INTEGER_LITERAL), PsiElement(BAD_CHARACTER), PsiElement(Py:IDENTIFIER), PsiElement(Py:MINUS), PsiElement(Py:IDENTIFIER), PsiElement(Py:IDENTIFIER)]\",\"text\":\"/dev/null 2\\u003e\\u00261\\n!apt-get install\",\"position\":[103,127]},{\"psi\":\"[PsiElement(Py:DIV), PsiElement(Py:IDENTIFIER), PsiElement(Py:DIV), PsiElement(Py:IDENTIFIER), PsiElement(Py:INTEGER_LITERAL), PsiElement(Py:GT), PsiElement(Py:AND), PsiElement(Py:INTEGER_LITERAL), PsiElement(BAD_CHARACTER), PsiElement(Py:IDENTIFIER), PsiElement(Py:MINUS), PsiElement(Py:IDENTIFIER), PsiElement(Py:IDENTIFIER)]\",\"text\":\"/dev/null 2\\u003e\\u00261\\n!apt-get install\",\"position\":[200,224]},{\"psi\":\"[PsiElement(Py:DIV), PsiElement(Py:IDENTIFIER), PsiElement(Py:DIV), PsiElement(Py:IDENTIFIER), PsiElement(Py:INTEGER_LITERAL), PsiElement(Py:GT), PsiElement(Py:AND), PsiElement(Py:INTEGER_LITERAL), PsiElement(BAD_CHARACTER), PsiElement(Py:IDENTIFIER), PsiElement(Py:MINUS), PsiElement(Py:IDENTIFIER), PsiElement(Py:IDENTIFIER)]\",\"text\":\"/dev/null 2\\u003e\\u00261\\n!apt-get install\",\"position\":[289,313]},{\"psi\":\"[PsiElement(Py:DIV), PsiElement(Py:IDENTIFIER), PsiElement(Py:DIV), PsiElement(Py:IDENTIFIER), PsiElement(Py:INTEGER_LITERAL), PsiElement(Py:GT), PsiElement(Py:AND), PsiElement(Py:INTEGER_LITERAL), PsiElement(BAD_CHARACTER), PsiElement(Py:IDENTIFIER), PsiElement(Py:MINUS), PsiElement(Py:IDENTIFIER), PsiElement(Py:IDENTIFIER)]\",\"text\":\"/dev/null 2\\u003e\\u00261\\n!apt-get install\",\"position\":[240,264]}]},{\"clone_length\":11,\"clones\":[{\"psi\":\"[PsiElement(Py:DIV), PsiElement(Py:IDENTIFIER), PsiElement(Py:DIV), PsiElement(Py:IDENTIFIER), PsiElement(Py:INTEGER_LITERAL), PsiElement(Py:GT), PsiElement(Py:AND), PsiElement(Py:INTEGER_LITERAL), PsiElement(BAD_CHARACTER), PsiElement(Py:IDENTIFIER), PsiElement(Py:IDENTIFIER)]\",\"text\":\"/dev/null 2\\u003e\\u00261\\n\\n!pip install\",\"position\":[334,355]},{\"psi\":\"[PsiElement(Py:DIV), PsiElement(Py:IDENTIFIER), PsiElement(Py:DIV), PsiElement(Py:IDENTIFIER), PsiElement(Py:INTEGER_LITERAL), PsiElement(Py:GT), PsiElement(Py:AND), PsiElement(Py:INTEGER_LITERAL), PsiElement(BAD_CHARACTER), PsiElement(Py:IDENTIFIER), PsiElement(Py:IDENTIFIER)]\",\"text\":\"/dev/null 2\\u003e\\u00261\\n!pip install\",\"position\":[413,433]},{\"psi\":\"[PsiElement(Py:DIV), PsiElement(Py:IDENTIFIER), PsiElement(Py:DIV), PsiElement(Py:IDENTIFIER), PsiElement(Py:INTEGER_LITERAL), PsiElement(Py:GT), PsiElement(Py:AND), PsiElement(Py:INTEGER_LITERAL), PsiElement(BAD_CHARACTER), PsiElement(Py:IDENTIFIER), PsiElement(Py:IDENTIFIER)]\",\"text\":\"/dev/null 2\\u003e\\u00261 # change to gym[atari,box2d,classic_control]\\n!pip install\",\"position\":[476,541]}]},{\"clone_length\":3,\"clones\":[{\"psi\":\"[PsiElement(Py:LPAR), PsiElement(Py:RPAR), PsiElement(Py:IDENTIFIER)]\",\"text\":\"()\\n\\n            critic_loss_val\",\"position\":[8394,8410]},{\"psi\":\"[PsiElement(Py:LPAR), PsiElement(Py:RPAR), PsiElement(Py:COMMA), PsiElement(Py:IDENTIFIER)]\",\"text\":\"(), critic_loss_val\",\"position\":[9238,9242]}]},{\"clone_length\":6,\"clones\":[{\"psi\":\"[PsiElement(Py:LPAR), PsiElement(Py:RPAR), PsiElement(Py:IDENTIFIER), PsiElement(Py:DOT), PsiElement(Py:IDENTIFIER), PsiElement(Py:LPAR)]\",\"text\":\"()\\n            critic_optimizer.zero_grad(\",\"position\":[7895,7936]},{\"psi\":\"[PsiElement(Py:LPAR), PsiElement(Py:RPAR), PsiElement(Py:IDENTIFIER), PsiElement(Py:DOT), PsiElement(Py:IDENTIFIER), PsiElement(Py:LPAR)]\",\"text\":\"()\\n            critic_optimizer.step(\",\"position\":[8434,8470]}]},{\"clone_length\":5,\"clones\":[{\"psi\":\"[PsiElement(Py:LPAR), PsiElement(Py:IDENTIFIER), PsiElement(Py:RPAR), PsiElement(Py:COLON), PsiElement(Py:IDENTIFIER)]\",\"text\":\"(env):\\n    env\",\"position\":[2251,2262]},{\"psi\":\"[PsiElement(Py:LPAR), PsiElement(Py:RPAR), PsiElement(Py:COLON), PsiElement(Py:IDENTIFIER)]\",\"text\":\"():\\n        env\",\"position\":[2680,2692]}]},{\"clone_length\":12,\"clones\":[{\"psi\":\"[PsiElement(Py:LPAR), PsiElement(Py:IDENTIFIER), PsiElement(Py:DOT), PsiElement(Py:IDENTIFIER), PsiElement(Py:RPAR), PsiElement(Py:COLON), PsiElement(Py:DEF_KEYWORD), PsiElement(Py:IDENTIFIER), PsiElement(Py:LPAR), PsiElement(Py:IDENTIFIER), PsiElement(Py:COMMA), PsiElement(Py:IDENTIFIER)]\",\"text\":\"(nn.Module):\\n    \\\"\\\"\\\"Actor (Policy) Model.\\\"\\\"\\\"\\n\\n    def __init__(self, state_size\",\"position\":[3554,3623]},{\"psi\":\"[PsiElement(Py:LPAR), PsiElement(Py:IDENTIFIER), PsiElement(Py:DOT), PsiElement(Py:IDENTIFIER), PsiElement(Py:RPAR), PsiElement(Py:COLON), PsiElement(Py:DEF_KEYWORD), PsiElement(Py:IDENTIFIER), PsiElement(Py:LPAR), PsiElement(Py:IDENTIFIER), PsiElement(Py:COMMA), PsiElement(Py:IDENTIFIER)]\",\"text\":\"(nn.Module):\\n    \\\"\\\"\\\"Actor (Policy) Model.\\\"\\\"\\\"\\n\\n    def __init__(self, state_size\",\"position\":[4489,4558]}]},{\"clone_length\":6,\"clones\":[{\"psi\":\"[PsiElement(Py:LPAR), PsiElement(Py:RPAR), PsiElement(Py:IMPORT_KEYWORD), PsiElement(Py:IDENTIFIER), PsiElement(Py:FROM_KEYWORD), PsiElement(Py:IDENTIFIER)]\",\"text\":\"()\\n# [___CELL_SEPARATOR___]\\n\\n# from google.colab import drive\\n# drive.mount(\\u0027/content/gdrive\\u0027)\\n\\n# root_path \\u003d \\u0027gdrive/My Drive/Colab Notebooks/RL/\\u0027\\n# import os\\n# os.chdir(root_path)\\n# [___CELL_SEPARATOR___]\\nimport gym\\nfrom gym\",\"position\":[786,1009]},{\"psi\":\"[PsiElement(Py:LPAR), PsiElement(Py:IDENTIFIER)]\",\"text\":\"(gym\",\"position\":[10032,10033]}]},{\"clone_length\":6,\"clones\":[{\"psi\":\"[PsiElement(Py:LPAR), PsiElement(Py:IDENTIFIER), PsiElement(Py:DOT), PsiElement(Py:IDENTIFIER), PsiElement(Py:COMMA), PsiElement(Py:IDENTIFIER)]\",\"text\":\"(self.state_size, self\",\"position\":[6032,6050]},{\"psi\":\"[PsiElement(Py:LPAR), PsiElement(Py:IDENTIFIER)]\",\"text\":\"(self\",\"position\":[6762,6763]},{\"psi\":\"[PsiElement(Py:LPAR), PsiElement(Py:IDENTIFIER)]\",\"text\":\"(self\",\"position\":[6842,6843]},{\"psi\":\"[PsiElement(Py:LPAR), PsiElement(Py:RPAR), PsiElement(Py:RBRACKET), PsiElement(Py:IDENTIFIER)]\",\"text\":\"()]\\n                self\",\"position\":[9026,9046]},{\"psi\":\"[PsiElement(Py:LPAR), PsiElement(Py:RPAR), PsiElement(Py:COMMA), PsiElement(Py:IDENTIFIER)]\",\"text\":\"(), self\",\"position\":[9287,9291]},{\"psi\":\"[PsiElement(Py:LPAR), PsiElement(Py:IDENTIFIER)]\",\"text\":\"(self\",\"position\":[6544,6545]},{\"psi\":\"[PsiElement(Py:LPAR), PsiElement(Py:RPAR), PsiElement(Py:RBRACKET), PsiElement(Py:IDENTIFIER)]\",\"text\":\"()]\\n                self\",\"position\":[8950,8970]}]},{\"clone_length\":7,\"clones\":[{\"psi\":\"[PsiElement(Py:LPAR), PsiElement(Py:RPAR), PsiElement(Py:RBRACKET), PsiElement(Py:IDENTIFIER), PsiElement(Py:DOT), PsiElement(Py:IDENTIFIER), PsiElement(Py:LBRACKET)]\",\"text\":\"()]\\n                self.train_stats[\\\"returns\\\"\",\"position\":[9026,9062]},{\"psi\":\"[PsiElement(Py:LPAR), PsiElement(Py:RPAR), PsiElement(Py:COMMA), PsiElement(Py:IDENTIFIER), PsiElement(Py:DOT), PsiElement(Py:IDENTIFIER), PsiElement(Py:LBRACKET)]\",\"text\":\"(), self.train_stats[\\\"returns\\\"\",\"position\":[9287,9307]}]},{\"clone_length\":6,\"clones\":[{\"psi\":\"[PsiElement(Py:LPAR), PsiElement(Py:RPAR), PsiElement(Py:IMPORT_KEYWORD), PsiElement(Py:IDENTIFIER), PsiElement(Py:IMPORT_KEYWORD), PsiElement(Py:IDENTIFIER)]\",\"text\":\"()\\n\\n\\n# [___CELL_SEPARATOR___]\\nimport torch\\nimport torch\",\"position\":[5533,5583]},{\"psi\":\"[PsiElement(Py:LPAR), PsiElement(Py:IDENTIFIER)]\",\"text\":\"(torch\",\"position\":[6372,6373]},{\"psi\":\"[PsiElement(Py:LPAR), PsiElement(Py:IDENTIFIER)]\",\"text\":\"(torch\",\"position\":[6564,6565]}]},{\"clone_length\":2,\"clones\":[{\"psi\":\"[PsiElement(Py:INTEGER_LITERAL), PsiElement(Py:IDENTIFIER)]\",\"text\":\"0\\n                print\",\"position\":[9182,9200]},{\"psi\":\"[PsiElement(Py:INTEGER_LITERAL), PsiElement(Py:COLON), PsiElement(Py:IDENTIFIER)]\",\"text\":\"0:\\n            print\",\"position\":[9395,9410]}]},{\"clone_length\":10,\"clones\":[{\"psi\":\"[PsiElement(Py:IDENTIFIER), PsiElement(Py:EQ), PsiElement(Py:IDENTIFIER), PsiElement(Py:DOT), PsiElement(Py:IDENTIFIER), PsiElement(Py:LPAR), PsiElement(Py:IDENTIFIER), PsiElement(Py:DOT), PsiElement(Py:IDENTIFIER), PsiElement(Py:LPAR)]\",\"text\":\"x \\u003d F.relu(self.fc1(\",\"position\":[4387,4406]},{\"psi\":\"[PsiElement(Py:IDENTIFIER), PsiElement(Py:EQ), PsiElement(Py:IDENTIFIER), PsiElement(Py:DOT), PsiElement(Py:IDENTIFIER), PsiElement(Py:LPAR), PsiElement(Py:IDENTIFIER), PsiElement(Py:DOT), PsiElement(Py:IDENTIFIER), PsiElement(Py:LPAR)]\",\"text\":\"x \\u003d F.relu(self.fc1(\",\"position\":[5301,5320]},{\"psi\":\"[PsiElement(Py:IDENTIFIER), PsiElement(Py:EQ), PsiElement(Py:IDENTIFIER), PsiElement(Py:DOT), PsiElement(Py:IDENTIFIER), PsiElement(Py:LPAR), PsiElement(Py:IDENTIFIER), PsiElement(Py:DOT), PsiElement(Py:IDENTIFIER), PsiElement(Py:LPAR)]\",\"text\":\"x \\u003d F.relu(self.fc2(\",\"position\":[4423,4442]},{\"psi\":\"[PsiElement(Py:IDENTIFIER), PsiElement(Py:EQ), PsiElement(Py:IDENTIFIER), PsiElement(Py:DOT), PsiElement(Py:IDENTIFIER), PsiElement(Py:LPAR), PsiElement(Py:IDENTIFIER), PsiElement(Py:DOT), PsiElement(Py:IDENTIFIER), PsiElement(Py:LPAR)]\",\"text\":\"x \\u003d F.relu(self.fc2(\",\"position\":[5337,5356]}]},{\"clone_length\":7,\"clones\":[{\"psi\":\"[PsiElement(Py:IDENTIFIER), PsiElement(Py:RBRACKET), PsiElement(Py:RPAR), PsiElement(Py:IDENTIFIER), PsiElement(Py:DOT), PsiElement(Py:IDENTIFIER), PsiElement(Py:LPAR)]\",\"text\":\"i])\\n            plt.xlabel(\",\"position\":[9525,9551]},{\"psi\":\"[PsiElement(Py:IDENTIFIER), PsiElement(Py:RPAR), PsiElement(Py:IDENTIFIER), PsiElement(Py:DOT), PsiElement(Py:IDENTIFIER), PsiElement(Py:LPAR)]\",\"text\":\"i)\\n            plt.show(\",\"position\":[9584,9607]}]},{\"clone_length\":4,\"clones\":[{\"psi\":\"[PsiElement(Py:IDENTIFIER), PsiElement(Py:IN_KEYWORD), PsiElement(Py:IDENTIFIER), PsiElement(Py:LPAR)]\",\"text\":\"i in range(\",\"position\":[7127,7137]},{\"psi\":\"[PsiElement(Py:IDENTIFIER), PsiElement(Py:IN_KEYWORD), PsiElement(Py:IDENTIFIER), PsiElement(Py:LPAR)]\",\"text\":\"i in range(\",\"position\":[9837,9847]}]},{\"clone_length\":1,\"clones\":[{\"psi\":\"[PsiElement(Py:IDENTIFIER)]\",\"text\":\"io\",\"position\":[1766,1766]},{\"psi\":\"[PsiElement(Py:IDENTIFIER)]\",\"text\":\"io\",\"position\":[1766,1766]}]},{\"clone_length\":3,\"clones\":[{\"psi\":\"[PsiElement(Py:IF_KEYWORD), PsiElement(Py:IDENTIFIER), PsiElement(Py:LPAR)]\",\"text\":\"if len(\",\"position\":[1703,1709]},{\"psi\":\"[PsiElement(Py:IF_KEYWORD), PsiElement(Py:IDENTIFIER), PsiElement(Py:LPAR)]\",\"text\":\"if len(\",\"position\":[9369,9375]}]},{\"clone_length\":4,\"clones\":[{\"psi\":\"[PsiElement(Py:IDENTIFIER), PsiElement(Py:DOT), PsiElement(Py:IDENTIFIER), PsiElement(Py:LPAR)]\",\"text\":\"np.any(\",\"position\":[8558,8564]},{\"psi\":\"[PsiElement(Py:IDENTIFIER), PsiElement(Py:DOT), PsiElement(Py:IDENTIFIER), PsiElement(Py:LPAR)]\",\"text\":\"np.argwhere(\",\"position\":[8608,8619]},{\"psi\":\"[PsiElement(Py:IDENTIFIER), PsiElement(Py:DOT), PsiElement(Py:IDENTIFIER), PsiElement(Py:LPAR)]\",\"text\":\"np.squeeze(\",\"position\":[8597,8607]},{\"psi\":\"[PsiElement(Py:IDENTIFIER), PsiElement(Py:DOT), PsiElement(Py:IDENTIFIER), PsiElement(Py:LPAR)]\",\"text\":\"np.zeros(\",\"position\":[7096,7104]},{\"psi\":\"[PsiElement(Py:IDENTIFIER), PsiElement(Py:DOT), PsiElement(Py:IDENTIFIER), PsiElement(Py:LPAR)]\",\"text\":\"np.sum(\",\"position\":[8715,8721]}]},{\"clone_length\":5,\"clones\":[{\"psi\":\"[PsiElement(Py:IDENTIFIER), PsiElement(Py:DOT), PsiElement(Py:IDENTIFIER), PsiElement(Py:LPAR), PsiElement(Py:IDENTIFIER)]\",\"text\":\"np.any(done\",\"position\":[8558,8565]},{\"psi\":\"[PsiElement(Py:IDENTIFIER), PsiElement(Py:DOT), PsiElement(Py:IDENTIFIER), PsiElement(Py:LPAR), PsiElement(Py:IDENTIFIER)]\",\"text\":\"np.argwhere(done\",\"position\":[8608,8620]}]},{\"clone_length\":4,\"clones\":[{\"psi\":\"[PsiElement(Py:IDENTIFIER), PsiElement(Py:DOT), PsiElement(Py:IDENTIFIER), PsiElement(Py:LPAR)]\",\"text\":\"gym.make(\",\"position\":[2698,2706]},{\"psi\":\"[PsiElement(Py:IDENTIFIER), PsiElement(Py:DOT), PsiElement(Py:IDENTIFIER), PsiElement(Py:LPAR)]\",\"text\":\"gym.make(\",\"position\":[10033,10041]}]},{\"clone_length\":11,\"clones\":[{\"psi\":\"[PsiElement(Py:IDENTIFIER), PsiElement(Py:GT), PsiElement(Py:DIV), PsiElement(Py:IDENTIFIER), PsiElement(Py:DIV), PsiElement(Py:IDENTIFIER), PsiElement(Py:INTEGER_LITERAL), PsiElement(Py:GT), PsiElement(Py:AND), PsiElement(Py:INTEGER_LITERAL), PsiElement(BAD_CHARACTER)]\",\"text\":\"dev \\u003e /dev/null 2\\u003e\\u00261\\n!\",\"position\":[283,304]},{\"psi\":\"[PsiElement(Py:IDENTIFIER), PsiElement(Py:GT), PsiElement(Py:DIV), PsiElement(Py:IDENTIFIER), PsiElement(Py:DIV), PsiElement(Py:IDENTIFIER), PsiElement(Py:INTEGER_LITERAL), PsiElement(Py:GT), PsiElement(Py:AND), PsiElement(Py:INTEGER_LITERAL), PsiElement(BAD_CHARACTER)]\",\"text\":\"dev \\u003e /dev/null 2\\u003e\\u00261\\n\\n!\",\"position\":[328,350]}]},{\"clone_length\":4,\"clones\":[{\"psi\":\"[PsiElement(Py:IDENTIFIER), PsiElement(Py:RPAR), PsiElement(Py:COLON), PsiElement(Py:IDENTIFIER)]\",\"text\":\"env):\\n    env\",\"position\":[2252,2262]},{\"psi\":\"[PsiElement(Py:IDENTIFIER)]\",\"text\":\"env\",\"position\":[2723,2723]},{\"psi\":\"[PsiElement(Py:IDENTIFIER)]\",\"text\":\"env\",\"position\":[10184,10184]},{\"psi\":\"[PsiElement(Py:IDENTIFIER)]\",\"text\":\"env\",\"position\":[10279,10279]}]},{\"clone_length\":4,\"clones\":[{\"psi\":\"[PsiElement(Py:IDENTIFIER), PsiElement(Py:DOT), PsiElement(Py:IDENTIFIER), PsiElement(Py:LPAR)]\",\"text\":\"env.seed(\",\"position\":[2723,2731]},{\"psi\":\"[PsiElement(Py:IDENTIFIER), PsiElement(Py:DOT), PsiElement(Py:IDENTIFIER), PsiElement(Py:LPAR)]\",\"text\":\"env.render(\",\"position\":[10184,10194]},{\"psi\":\"[PsiElement(Py:IDENTIFIER), PsiElement(Py:DOT), PsiElement(Py:IDENTIFIER), PsiElement(Py:LPAR)]\",\"text\":\"env.close(\",\"position\":[10279,10288]}]},{\"clone_length\":1,\"clones\":[{\"psi\":\"[PsiElement(Py:IDENTIFIER)]\",\"text\":\"plt\",\"position\":[9499,9499]},{\"psi\":\"[PsiElement(Py:IDENTIFIER)]\",\"text\":\"plt\",\"position\":[9573,9573]},{\"psi\":\"[PsiElement(Py:IDENTIFIER)]\",\"text\":\"plt\",\"position\":[9599,9599]},{\"psi\":\"[PsiElement(Py:IDENTIFIER)]\",\"text\":\"plt\",\"position\":[9541,9541]},{\"psi\":\"[PsiElement(Py:IDENTIFIER)]\",\"text\":\"plt\",\"position\":[9499,9499]}]},{\"clone_length\":13,\"clones\":[{\"psi\":\"[PsiElement(Py:IDENTIFIER), PsiElement(Py:COMMA), PsiElement(Py:IDENTIFIER), PsiElement(Py:EQ), PsiElement(Py:INTEGER_LITERAL), PsiElement(Py:COMMA), PsiElement(Py:IDENTIFIER), PsiElement(Py:EQ), PsiElement(Py:INTEGER_LITERAL), PsiElement(Py:RPAR), PsiElement(Py:COLON), PsiElement(Py:IDENTIFIER), PsiElement(Py:LPAR)]\",\"text\":\"seed, fc1_units\\u003d64, fc2_units\\u003d64):\\n        \\\"\\\"\\\"Initialize parameters and build model.\\n        Params\\n        \\u003d\\u003d\\u003d\\u003d\\u003d\\u003d\\n            state_size (int): Dimension of each state\\n            action_size (int): Dimension of each action\\n            seed (int): Random seed\\n            fc1_units (int): Number of nodes in first hidden layer\\n            fc2_units (int): Number of nodes in second hidden layer\\n        \\\"\\\"\\\"\\n        super(\",\"position\":[3648,4069]},{\"psi\":\"[PsiElement(Py:IDENTIFIER), PsiElement(Py:COMMA), PsiElement(Py:IDENTIFIER), PsiElement(Py:EQ), PsiElement(Py:INTEGER_LITERAL), PsiElement(Py:COMMA), PsiElement(Py:IDENTIFIER), PsiElement(Py:EQ), PsiElement(Py:INTEGER_LITERAL), PsiElement(Py:RPAR), PsiElement(Py:COLON), PsiElement(Py:IDENTIFIER), PsiElement(Py:LPAR)]\",\"text\":\"seed, fc1_units\\u003d64, fc2_units\\u003d64):\\n        \\\"\\\"\\\"Initialize parameters and build model.\\n        Params\\n        \\u003d\\u003d\\u003d\\u003d\\u003d\\u003d\\n            state_size (int): Dimension of each state\\n            action_size (int): Dimension of each action\\n            seed (int): Random seed\\n            fc1_units (int): Number of nodes in first hidden layer\\n            fc2_units (int): Number of nodes in second hidden layer\\n        \\\"\\\"\\\"\\n        super(\",\"position\":[4570,4991]}]},{\"clone_length\":8,\"clones\":[{\"psi\":\"[PsiElement(Py:IDENTIFIER), PsiElement(Py:DOT), PsiElement(Py:IDENTIFIER), PsiElement(Py:EQ), PsiElement(Py:IDENTIFIER), PsiElement(Py:DOT), PsiElement(Py:IDENTIFIER), PsiElement(Py:LPAR)]\",\"text\":\"self.fc1 \\u003d nn.Linear(\",\"position\":[4134,4154]},{\"psi\":\"[PsiElement(Py:IDENTIFIER), PsiElement(Py:DOT), PsiElement(Py:IDENTIFIER), PsiElement(Py:EQ), PsiElement(Py:IDENTIFIER), PsiElement(Py:DOT), PsiElement(Py:IDENTIFIER), PsiElement(Py:LPAR)]\",\"text\":\"self.fc1 \\u003d nn.Linear(\",\"position\":[5057,5077]},{\"psi\":\"[PsiElement(Py:IDENTIFIER), PsiElement(Py:DOT), PsiElement(Py:IDENTIFIER), PsiElement(Py:EQ), PsiElement(Py:IDENTIFIER), PsiElement(Py:DOT), PsiElement(Py:IDENTIFIER), PsiElement(Py:LPAR)]\",\"text\":\"self.fc2 \\u003d nn.Linear(\",\"position\":[4186,4206]},{\"psi\":\"[PsiElement(Py:IDENTIFIER), PsiElement(Py:DOT), PsiElement(Py:IDENTIFIER), PsiElement(Py:EQ), PsiElement(Py:IDENTIFIER), PsiElement(Py:DOT), PsiElement(Py:IDENTIFIER), PsiElement(Py:LPAR)]\",\"text\":\"self.fc2 \\u003d nn.Linear(\",\"position\":[5109,5129]},{\"psi\":\"[PsiElement(Py:IDENTIFIER), PsiElement(Py:DOT), PsiElement(Py:IDENTIFIER), PsiElement(Py:EQ), PsiElement(Py:IDENTIFIER), PsiElement(Py:DOT), PsiElement(Py:IDENTIFIER), PsiElement(Py:LPAR)]\",\"text\":\"self.critic_loss \\u003d nn.MSELoss(\",\"position\":[6204,6233]},{\"psi\":\"[PsiElement(Py:IDENTIFIER), PsiElement(Py:DOT), PsiElement(Py:IDENTIFIER), PsiElement(Py:EQ), PsiElement(Py:IDENTIFIER), PsiElement(Py:DOT), PsiElement(Py:IDENTIFIER), PsiElement(Py:LPAR)]\",\"text\":\"self.actor \\u003d nn.Linear(\",\"position\":[4237,4259]},{\"psi\":\"[PsiElement(Py:IDENTIFIER), PsiElement(Py:DOT), PsiElement(Py:IDENTIFIER), PsiElement(Py:EQ), PsiElement(Py:IDENTIFIER), PsiElement(Py:DOT), PsiElement(Py:IDENTIFIER), PsiElement(Py:LPAR)]\",\"text\":\"self.critic \\u003d nn.Linear(\",\"position\":[5160,5183]}]},{\"clone_length\":9,\"clones\":[{\"psi\":\"[PsiElement(Py:IDENTIFIER), PsiElement(Py:DOT), PsiElement(Py:IDENTIFIER), PsiElement(Py:EQ), PsiElement(Py:IDENTIFIER), PsiElement(Py:DOT), PsiElement(Py:IDENTIFIER), PsiElement(Py:LPAR), PsiElement(Py:IDENTIFIER)]\",\"text\":\"self.actor \\u003d nn.Linear(fc2_units\",\"position\":[4237,4260]},{\"psi\":\"[PsiElement(Py:IDENTIFIER), PsiElement(Py:DOT), PsiElement(Py:IDENTIFIER), PsiElement(Py:EQ), PsiElement(Py:IDENTIFIER), PsiElement(Py:DOT), PsiElement(Py:IDENTIFIER), PsiElement(Py:LPAR), PsiElement(Py:IDENTIFIER)]\",\"text\":\"self.critic \\u003d nn.Linear(fc2_units\",\"position\":[5160,5184]}]},{\"clone_length\":7,\"clones\":[{\"psi\":\"[PsiElement(Py:IDENTIFIER), PsiElement(Py:RPAR), PsiElement(Py:DOT), PsiElement(Py:IDENTIFIER), PsiElement(Py:LPAR), PsiElement(Py:RPAR), PsiElement(Py:IDENTIFIER)]\",\"text\":\"self).__init__()\\n        torch\",\"position\":[4077,4102]},{\"psi\":\"[PsiElement(Py:IDENTIFIER), PsiElement(Py:RPAR), PsiElement(Py:DOT), PsiElement(Py:IDENTIFIER), PsiElement(Py:LPAR), PsiElement(Py:RPAR), PsiElement(Py:IDENTIFIER)]\",\"text\":\"self).__init__()\\n        torch\",\"position\":[5000,5025]},{\"psi\":\"[PsiElement(Py:IDENTIFIER), PsiElement(Py:DOT), PsiElement(Py:IDENTIFIER), PsiElement(Py:LPAR), PsiElement(Py:IDENTIFIER)]\",\"text\":\"self.actor_network(torch\",\"position\":[6354,6373]},{\"psi\":\"[PsiElement(Py:IDENTIFIER), PsiElement(Py:DOT), PsiElement(Py:IDENTIFIER), PsiElement(Py:LPAR), PsiElement(Py:IDENTIFIER)]\",\"text\":\"self.critic_network(torch\",\"position\":[6545,6565]}]},{\"clone_length\":37,\"clones\":[{\"psi\":\"[PsiElement(Py:IDENTIFIER), PsiElement(Py:RPAR), PsiElement(Py:DOT), PsiElement(Py:IDENTIFIER), PsiElement(Py:LPAR), PsiElement(Py:RPAR), PsiElement(Py:IDENTIFIER), PsiElement(Py:DOT), PsiElement(Py:IDENTIFIER), PsiElement(Py:LPAR), PsiElement(Py:IDENTIFIER), PsiElement(Py:RPAR), PsiElement(Py:IDENTIFIER), PsiElement(Py:DOT), PsiElement(Py:IDENTIFIER), PsiElement(Py:EQ), PsiElement(Py:IDENTIFIER), PsiElement(Py:DOT), PsiElement(Py:IDENTIFIER), PsiElement(Py:LPAR), PsiElement(Py:IDENTIFIER), PsiElement(Py:COMMA), PsiElement(Py:IDENTIFIER), PsiElement(Py:RPAR), PsiElement(Py:IDENTIFIER), PsiElement(Py:DOT), PsiElement(Py:IDENTIFIER), PsiElement(Py:EQ), PsiElement(Py:IDENTIFIER), PsiElement(Py:DOT), PsiElement(Py:IDENTIFIER), PsiElement(Py:LPAR), PsiElement(Py:IDENTIFIER), PsiElement(Py:COMMA), PsiElement(Py:IDENTIFIER), PsiElement(Py:RPAR), PsiElement(Py:IDENTIFIER)]\",\"text\":\"self).__init__()\\n        torch.manual_seed(seed)\\n        self.fc1 \\u003d nn.Linear(state_size, fc1_units)\\n        self.fc2 \\u003d nn.Linear(fc1_units, fc2_units)\\n        self\",\"position\":[4077,4237]},{\"psi\":\"[PsiElement(Py:IDENTIFIER), PsiElement(Py:RPAR), PsiElement(Py:DOT), PsiElement(Py:IDENTIFIER), PsiElement(Py:LPAR), PsiElement(Py:RPAR), PsiElement(Py:IDENTIFIER), PsiElement(Py:DOT), PsiElement(Py:IDENTIFIER), PsiElement(Py:LPAR), PsiElement(Py:IDENTIFIER), PsiElement(Py:RPAR), PsiElement(Py:IDENTIFIER), PsiElement(Py:DOT), PsiElement(Py:IDENTIFIER), PsiElement(Py:EQ), PsiElement(Py:IDENTIFIER), PsiElement(Py:DOT), PsiElement(Py:IDENTIFIER), PsiElement(Py:LPAR), PsiElement(Py:IDENTIFIER), PsiElement(Py:COMMA), PsiElement(Py:IDENTIFIER), PsiElement(Py:RPAR), PsiElement(Py:IDENTIFIER), PsiElement(Py:DOT), PsiElement(Py:IDENTIFIER), PsiElement(Py:EQ), PsiElement(Py:IDENTIFIER), PsiElement(Py:DOT), PsiElement(Py:IDENTIFIER), PsiElement(Py:LPAR), PsiElement(Py:IDENTIFIER), PsiElement(Py:COMMA), PsiElement(Py:IDENTIFIER), PsiElement(Py:RPAR), PsiElement(Py:IDENTIFIER)]\",\"text\":\"self).__init__()\\n        torch.manual_seed(seed)\\n        self.fc1 \\u003d nn.Linear(state_size, fc1_units)\\n        self.fc2 \\u003d nn.Linear(fc1_units, fc2_units)\\n        self\",\"position\":[5000,5160]}]},{\"clone_length\":14,\"clones\":[{\"psi\":\"[PsiElement(Py:IDENTIFIER), PsiElement(Py:DOT), PsiElement(Py:IDENTIFIER), PsiElement(Py:COMMA), PsiElement(Py:INTEGER_LITERAL), PsiElement(Py:RPAR), PsiElement(Py:DOT), PsiElement(Py:IDENTIFIER), PsiElement(Py:LPAR), PsiElement(Py:IDENTIFIER), PsiElement(Py:DOT), PsiElement(Py:IDENTIFIER), PsiElement(Py:RPAR), PsiElement(Py:IDENTIFIER)]\",\"text\":\"self.action_size, 4).to(self.device)\\n        self\",\"position\":[6050,6095]},{\"psi\":\"[PsiElement(Py:IDENTIFIER), PsiElement(Py:DOT), PsiElement(Py:IDENTIFIER), PsiElement(Py:COMMA), PsiElement(Py:INTEGER_LITERAL), PsiElement(Py:RPAR), PsiElement(Py:DOT), PsiElement(Py:IDENTIFIER), PsiElement(Py:LPAR), PsiElement(Py:IDENTIFIER), PsiElement(Py:DOT), PsiElement(Py:IDENTIFIER), PsiElement(Py:RPAR), PsiElement(Py:IDENTIFIER)]\",\"text\":\"self.state_size, 4).to(self.device)\\n\\n        self\",\"position\":[6124,6169]}]},{\"clone_length\":8,\"clones\":[{\"psi\":\"[PsiElement(Py:IDENTIFIER), PsiElement(Py:DOT), PsiElement(Py:IDENTIFIER), PsiElement(Py:DOT), PsiElement(Py:IDENTIFIER), PsiElement(Py:LPAR), PsiElement(Py:RPAR), PsiElement(Py:IDENTIFIER)]\",\"text\":\"self.env.reset()\\n\\n        cur_policy\",\"position\":[6905,6931]},{\"psi\":\"[PsiElement(Py:IDENTIFIER), PsiElement(Py:DOT), PsiElement(Py:IDENTIFIER), PsiElement(Py:LPAR), PsiElement(Py:IDENTIFIER)]\",\"text\":\"self.actor_loss(cur_policy\",\"position\":[7981,7997]},{\"psi\":\"[PsiElement(Py:IDENTIFIER), PsiElement(Py:DOT), PsiElement(Py:IDENTIFIER), PsiElement(Py:LPAR), PsiElement(Py:IDENTIFIER)]\",\"text\":\"self.get_action(cur_policy\",\"position\":[7173,7189]}]},{\"clone_length\":5,\"clones\":[{\"psi\":\"[PsiElement(Py:IDENTIFIER), PsiElement(Py:DOT), PsiElement(Py:IDENTIFIER), PsiElement(Py:LPAR), PsiElement(Py:IDENTIFIER)]\",\"text\":\"self.get_policy(cur_obs\",\"position\":[6944,6960]},{\"psi\":\"[PsiElement(Py:IDENTIFIER), PsiElement(Py:DOT), PsiElement(Py:IDENTIFIER), PsiElement(Py:LPAR), PsiElement(Py:IDENTIFIER)]\",\"text\":\"self.get_critic_value(cur_obs\",\"position\":[6987,7009]}]},{\"clone_length\":20,\"clones\":[{\"psi\":\"[PsiElement(Py:IDENTIFIER), PsiElement(Py:DOT), PsiElement(Py:IDENTIFIER), PsiElement(Py:LPAR), PsiElement(Py:IDENTIFIER), PsiElement(Py:DOT), PsiElement(Py:IDENTIFIER), PsiElement(Py:LPAR), PsiElement(Py:IDENTIFIER), PsiElement(Py:COMMA), PsiElement(Py:IDENTIFIER), PsiElement(Py:EQ), PsiElement(Py:IDENTIFIER), PsiElement(Py:DOT), PsiElement(Py:IDENTIFIER), PsiElement(Py:RPAR), PsiElement(Py:DOT), PsiElement(Py:IDENTIFIER), PsiElement(Py:LPAR), PsiElement(Py:IDENTIFIER)]\",\"text\":\"self.actor_network(torch.as_tensor(obs, dtype\\u003dtorch.float32).to(self\",\"position\":[6354,6418]},{\"psi\":\"[PsiElement(Py:IDENTIFIER), PsiElement(Py:DOT), PsiElement(Py:IDENTIFIER), PsiElement(Py:LPAR), PsiElement(Py:IDENTIFIER), PsiElement(Py:DOT), PsiElement(Py:IDENTIFIER), PsiElement(Py:LPAR), PsiElement(Py:IDENTIFIER), PsiElement(Py:COMMA), PsiElement(Py:IDENTIFIER), PsiElement(Py:EQ), PsiElement(Py:IDENTIFIER), PsiElement(Py:DOT), PsiElement(Py:IDENTIFIER), PsiElement(Py:RPAR), PsiElement(Py:DOT), PsiElement(Py:IDENTIFIER), PsiElement(Py:LPAR), PsiElement(Py:IDENTIFIER)]\",\"text\":\"self.critic_network(torch.as_tensor(obs, dtype\\u003dtorch.float32).to(self\",\"position\":[6545,6610]}]},{\"clone_length\":5,\"clones\":[{\"psi\":\"[PsiElement(Py:IDENTIFIER), PsiElement(Py:DOT), PsiElement(Py:IDENTIFIER), PsiElement(Py:LPAR), PsiElement(Py:IDENTIFIER)]\",\"text\":\"self.get_policy(next_obs\",\"position\":[7538,7554]},{\"psi\":\"[PsiElement(Py:IDENTIFIER), PsiElement(Py:DOT), PsiElement(Py:IDENTIFIER), PsiElement(Py:LPAR), PsiElement(Py:IDENTIFIER)]\",\"text\":\"self.get_critic_value(next_obs\",\"position\":[7587,7609]}]},{\"clone_length\":4,\"clones\":[{\"psi\":\"[PsiElement(Py:IDENTIFIER), PsiElement(Py:DOT), PsiElement(Py:IDENTIFIER), PsiElement(Py:LPAR)]\",\"text\":\"self.critic_network(\",\"position\":[6545,6564]},{\"psi\":\"[PsiElement(Py:IDENTIFIER), PsiElement(Py:DOT), PsiElement(Py:IDENTIFIER), PsiElement(Py:DOT), PsiElement(Py:IDENTIFIER), PsiElement(Py:LPAR)]\",\"text\":\"self.actor_network.parameters(\",\"position\":[6763,6792]},{\"psi\":\"[PsiElement(Py:IDENTIFIER), PsiElement(Py:DOT), PsiElement(Py:IDENTIFIER), PsiElement(Py:DOT), PsiElement(Py:IDENTIFIER), PsiElement(Py:LPAR)]\",\"text\":\"self.critic_network.parameters(\",\"position\":[6843,6873]},{\"psi\":\"[PsiElement(Py:IDENTIFIER), PsiElement(Py:DOT), PsiElement(Py:IDENTIFIER), PsiElement(Py:DOT), PsiElement(Py:IDENTIFIER), PsiElement(Py:LPAR)]\",\"text\":\"self.env.reset(\",\"position\":[6905,6919]},{\"psi\":\"[PsiElement(Py:IDENTIFIER), PsiElement(Py:DOT), PsiElement(Py:IDENTIFIER), PsiElement(Py:DOT), PsiElement(Py:IDENTIFIER), PsiElement(Py:LPAR)]\",\"text\":\"self.env.step(\",\"position\":[7459,7472]}]},{\"clone_length\":5,\"clones\":[{\"psi\":\"[PsiElement(Py:IDENTIFIER), PsiElement(Py:DOT), PsiElement(Py:IDENTIFIER), PsiElement(Py:EQ), PsiElement(Py:IDENTIFIER)]\",\"text\":\"self.state_size \\u003d self\",\"position\":[5816,5834]},{\"psi\":\"[PsiElement(Py:IDENTIFIER), PsiElement(Py:DOT), PsiElement(Py:IDENTIFIER), PsiElement(Py:EQ), PsiElement(Py:IDENTIFIER), PsiElement(Py:DOT), PsiElement(Py:IDENTIFIER), PsiElement(Py:DOT), PsiElement(Py:IDENTIFIER), PsiElement(Py:DOT), PsiElement(Py:IDENTIFIER), PsiElement(Py:IDENTIFIER)]\",\"text\":\"self.action_size \\u003d self.env.action_space.n\\n\\n        # self.policy_network \\u003d ACNet(self.state_size, self.action_size, 4)\\n        self\",\"position\":[5878,6006]}]},{\"clone_length\":4,\"clones\":[{\"psi\":\"[PsiElement(Py:IDENTIFIER), PsiElement(Py:DOT), PsiElement(Py:IDENTIFIER), PsiElement(Py:LPAR)]\",\"text\":\"agent.train(\",\"position\":[9894,9905]},{\"psi\":\"[PsiElement(Py:IDENTIFIER), PsiElement(Py:DOT), PsiElement(Py:IDENTIFIER), PsiElement(Py:LPAR)]\",\"text\":\"agent.plot_train_stats(\",\"position\":[9942,9964]}]},{\"clone_length\":1,\"clones\":[{\"psi\":\"[PsiElement(Py:IDENTIFIER)]\",\"text\":\"super\",\"position\":[4064,4064]},{\"psi\":\"[PsiElement(Py:IDENTIFIER)]\",\"text\":\"super\",\"position\":[4986,4986]},{\"psi\":\"[PsiElement(Py:IDENTIFIER)]\",\"text\":\"super\",\"position\":[4064,4064]},{\"psi\":\"[PsiElement(Py:IDENTIFIER)]\",\"text\":\"super\",\"position\":[4986,4986]}]},{\"clone_length\":2,\"clones\":[{\"psi\":\"[PsiElement(Py:IDENTIFIER), PsiElement(Py:LPAR)]\",\"text\":\"print(\",\"position\":[2207,2212]},{\"psi\":\"[PsiElement(Py:IDENTIFIER), PsiElement(Py:LPAR)]\",\"text\":\"print(\",\"position\":[9410,9415]}]},{\"clone_length\":15,\"clones\":[{\"psi\":\"[PsiElement(Py:IDENTIFIER), PsiElement(Py:DOT), PsiElement(Py:IDENTIFIER), PsiElement(Py:LPAR), PsiElement(Py:IDENTIFIER), PsiElement(Py:DOT), PsiElement(Py:IDENTIFIER), PsiElement(Py:DOT), PsiElement(Py:IDENTIFIER), PsiElement(Py:LPAR), PsiElement(Py:RPAR), PsiElement(Py:COMMA), PsiElement(Py:IDENTIFIER), PsiElement(Py:EQ), PsiElement(Py:FLOAT_LITERAL)]\",\"text\":\"optim.Adam(self.actor_network.parameters(), lr\\u003d1e-2\",\"position\":[6752,6799]},{\"psi\":\"[PsiElement(Py:IDENTIFIER), PsiElement(Py:DOT), PsiElement(Py:IDENTIFIER), PsiElement(Py:LPAR), PsiElement(Py:IDENTIFIER), PsiElement(Py:DOT), PsiElement(Py:IDENTIFIER), PsiElement(Py:DOT), PsiElement(Py:IDENTIFIER), PsiElement(Py:LPAR), PsiElement(Py:RPAR), PsiElement(Py:COMMA), PsiElement(Py:IDENTIFIER), PsiElement(Py:EQ), PsiElement(Py:FLOAT_LITERAL)]\",\"text\":\"optim.Adam(self.critic_network.parameters(), lr\\u003d1e-2\",\"position\":[6832,6880]}]},{\"clone_length\":4,\"clones\":[{\"psi\":\"[PsiElement(Py:IDENTIFIER), PsiElement(Py:DOT), PsiElement(Py:IDENTIFIER), PsiElement(Py:LPAR)]\",\"text\":\"torch.as_tensor(\",\"position\":[6373,6388]},{\"psi\":\"[PsiElement(Py:IDENTIFIER), PsiElement(Py:DOT), PsiElement(Py:IDENTIFIER), PsiElement(Py:LPAR)]\",\"text\":\"torch.as_tensor(\",\"position\":[6565,6580]},{\"psi\":\"[PsiElement(Py:IDENTIFIER), PsiElement(Py:DOT), PsiElement(Py:IDENTIFIER), PsiElement(Py:LPAR)]\",\"text\":\"torch.tensor(\",\"position\":[7736,7748]},{\"psi\":\"[PsiElement(Py:IDENTIFIER), PsiElement(Py:DOT), PsiElement(Py:IDENTIFIER), PsiElement(Py:DOT), PsiElement(Py:IDENTIFIER), PsiElement(Py:LPAR)]\",\"text\":\"torch.cuda.is_available(\",\"position\":[9676,9699]},{\"psi\":\"[PsiElement(Py:IDENTIFIER), PsiElement(Py:DOT), PsiElement(Py:IDENTIFIER), PsiElement(Py:LPAR)]\",\"text\":\"torch.manual_seed(\",\"position\":[4102,4119]},{\"psi\":\"[PsiElement(Py:IDENTIFIER), PsiElement(Py:DOT), PsiElement(Py:IDENTIFIER), PsiElement(Py:LPAR)]\",\"text\":\"torch.manual_seed(\",\"position\":[5025,5042]},{\"psi\":\"[PsiElement(Py:IDENTIFIER), PsiElement(Py:DOT), PsiElement(Py:IDENTIFIER), PsiElement(Py:DOT), PsiElement(Py:IDENTIFIER), PsiElement(Py:LPAR)]\",\"text\":\"torch.cuda.is_available(\",\"position\":[9749,9772]}]},{\"clone_length\":3,\"clones\":[{\"psi\":\"[PsiElement(Py:IDENTIFIER), PsiElement(Py:IMPORT_KEYWORD), PsiElement(Py:IDENTIFIER)]\",\"text\":\"matplotlib\\nimport matplotlib\",\"position\":[1173,1191]},{\"psi\":\"[PsiElement(Py:IDENTIFIER), PsiElement(Py:IMPORT_KEYWORD), PsiElement(Py:IDENTIFIER)]\",\"text\":\"matplotlib\\nimport matplotlib\",\"position\":[1173,1191]}]},{\"clone_length\":4,\"clones\":[{\"psi\":\"[PsiElement(Py:IDENTIFIER), PsiElement(Py:DOT), PsiElement(Py:IDENTIFIER), PsiElement(Py:LPAR)]\",\"text\":\"actor_optimizer.zero_grad(\",\"position\":[7870,7895]},{\"psi\":\"[PsiElement(Py:IDENTIFIER), PsiElement(Py:DOT), PsiElement(Py:IDENTIFIER), PsiElement(Py:LPAR)]\",\"text\":\"actor_optimizer.step(\",\"position\":[8374,8394]}]},{\"clone_length\":4,\"clones\":[{\"psi\":\"[PsiElement(Py:IDENTIFIER), PsiElement(Py:DOT), PsiElement(Py:IDENTIFIER), PsiElement(Py:LPAR)]\",\"text\":\"actor_loss_val.backward(\",\"position\":[8336,8359]},{\"psi\":\"[PsiElement(Py:IDENTIFIER), PsiElement(Py:DOT), PsiElement(Py:IDENTIFIER), PsiElement(Py:LPAR)]\",\"text\":\"actor_loss_val.item(\",\"position\":[8931,8950]},{\"psi\":\"[PsiElement(Py:IDENTIFIER), PsiElement(Py:DOT), PsiElement(Py:IDENTIFIER), PsiElement(Py:LPAR)]\",\"text\":\"actor_loss_val.item(\",\"position\":[9219,9238]}]}]}","initial_tree_length":1646,"project_name":"0043b4360b68529652bf7ab7d3e315b137d40a46","file_name":"0043b4360b68529652bf7ab7d3e315b137d40a46.ipynb.py"}