{"3":"{\"totalGroups\":16,\"totalClones\":38,\"groups\":[{\"clone_length\":1,\"clones\":[{\"psi\":\"[PsiElement(Py:IDENTIFIER)]\",\"text\":\"G\",\"position\":[292,292]},{\"psi\":\"[PsiElement(Py:IDENTIFIER)]\",\"text\":\"G\",\"position\":[223,223]},{\"psi\":\"[PsiElement(Py:IDENTIFIER)]\",\"text\":\"G\",\"position\":[292,292]}]},{\"clone_length\":4,\"clones\":[{\"psi\":\"[PsiElement(Py:IDENTIFIER), PsiElement(Py:DOT), PsiElement(Py:IDENTIFIER), PsiElement(Py:LPAR)]\",\"text\":\"G.add_nodes_from(\",\"position\":[223,239]},{\"psi\":\"[PsiElement(Py:IDENTIFIER), PsiElement(Py:DOT), PsiElement(Py:IDENTIFIER), PsiElement(Py:LPAR)]\",\"text\":\"G.add_edge(\",\"position\":[292,302]}]},{\"clone_length\":14,\"clones\":[{\"psi\":\"[PsiElement(Py:IDENTIFIER), PsiElement(Py:DOT), PsiElement(Py:IDENTIFIER), PsiElement(Py:RBRACKET), PsiElement(Py:COMMA), PsiElement(Py:IDENTIFIER), PsiElement(Py:EQ), PsiElement(Py:INTEGER_LITERAL), PsiElement(Py:COMMA), PsiElement(Py:IDENTIFIER), PsiElement(Py:EQ), PsiElement(Py:COMMA), PsiElement(Py:IDENTIFIER), PsiElement(Py:EQ)]\",\"text\":\"G.nodes], node_size\\u003d400, font_weight\\u003d\\u0027bold\\u0027, font_color\\u003d\\u0027w\\u0027\",\"position\":[572,627]},{\"psi\":\"[PsiElement(Py:IDENTIFIER), PsiElement(Py:DOT), PsiElement(Py:IDENTIFIER), PsiElement(Py:RBRACKET), PsiElement(Py:COMMA), PsiElement(Py:IDENTIFIER), PsiElement(Py:EQ), PsiElement(Py:INTEGER_LITERAL), PsiElement(Py:COMMA), PsiElement(Py:IDENTIFIER), PsiElement(Py:EQ), PsiElement(Py:COMMA), PsiElement(Py:IDENTIFIER), PsiElement(Py:EQ)]\",\"text\":\"G.nodes], node_size\\u003d400, font_weight\\u003d\\u0027bold\\u0027, font_color\\u003d\\u0027w\\u0027\",\"position\":[710,765]}]},{\"clone_length\":1,\"clones\":[{\"psi\":\"[PsiElement(Py:IDENTIFIER)]\",\"text\":\"decoded_solution\",\"position\":[2274,2274]},{\"psi\":\"[PsiElement(Py:IDENTIFIER)]\",\"text\":\"decoded_solution\",\"position\":[2274,2274]}]},{\"clone_length\":8,\"clones\":[{\"psi\":\"[PsiElement(Py:IDENTIFIER), PsiElement(Py:IN_KEYWORD), PsiElement(Py:IDENTIFIER), PsiElement(Py:LPAR), PsiElement(Py:IDENTIFIER), PsiElement(Py:RPAR), PsiElement(Py:RBRACKET), PsiElement(Py:FOR_KEYWORD)]\",\"text\":\"i in range(N)]\\nfor\",\"position\":[2206,2221]},{\"psi\":\"[PsiElement(Py:IDENTIFIER), PsiElement(Py:IN_KEYWORD), PsiElement(Py:IDENTIFIER), PsiElement(Py:LPAR), PsiElement(Py:IDENTIFIER), PsiElement(Py:RPAR), PsiElement(Py:COLON), PsiElement(Py:FOR_KEYWORD)]\",\"text\":\"i in range(N):\\n    for\",\"position\":[2225,2244]}]},{\"clone_length\":6,\"clones\":[{\"psi\":\"[PsiElement(Py:IDENTIFIER), PsiElement(Py:DOT), PsiElement(Py:IDENTIFIER), PsiElement(Py:LPAR), PsiElement(Py:RPAR), PsiElement(Py:IDENTIFIER)]\",\"text\":\"nx.Graph()\\n    G\",\"position\":[208,223]},{\"psi\":\"[PsiElement(Py:IDENTIFIER), PsiElement(Py:DOT), PsiElement(Py:IDENTIFIER), PsiElement(Py:LPAR), PsiElement(Py:IDENTIFIER)]\",\"text\":\"nx.circular_layout(G\",\"position\":[349,368]},{\"psi\":\"[PsiElement(Py:IDENTIFIER), PsiElement(Py:DOT), PsiElement(Py:IDENTIFIER), PsiElement(Py:LPAR), PsiElement(Py:IDENTIFIER)]\",\"text\":\"nx.draw_networkx(G\",\"position\":[499,516]},{\"psi\":\"[PsiElement(Py:IDENTIFIER), PsiElement(Py:DOT), PsiElement(Py:IDENTIFIER), PsiElement(Py:LPAR), PsiElement(Py:IDENTIFIER)]\",\"text\":\"nx.draw_networkx(G\",\"position\":[651,668]}]},{\"clone_length\":1,\"clones\":[{\"psi\":\"[PsiElement(Py:IDENTIFIER)]\",\"text\":\"nx\",\"position\":[499,499]},{\"psi\":\"[PsiElement(Py:IDENTIFIER)]\",\"text\":\"nx\",\"position\":[651,651]},{\"psi\":\"[PsiElement(Py:IDENTIFIER)]\",\"text\":\"nx\",\"position\":[499,499]},{\"psi\":\"[PsiElement(Py:IDENTIFIER)]\",\"text\":\"nx\",\"position\":[651,651]}]},{\"clone_length\":12,\"clones\":[{\"psi\":\"[PsiElement(Py:IDENTIFIER), PsiElement(Py:DOT), PsiElement(Py:IDENTIFIER), PsiElement(Py:LPAR), PsiElement(Py:IDENTIFIER), PsiElement(Py:COMMA), PsiElement(Py:IDENTIFIER), PsiElement(Py:COMMA), PsiElement(Py:IDENTIFIER), PsiElement(Py:EQ), PsiElement(Py:LBRACKET), PsiElement(Py:IDENTIFIER)]\",\"text\":\"nx.draw_networkx(G, pos, node_color\\u003d[colorlist\",\"position\":[499,536]},{\"psi\":\"[PsiElement(Py:IDENTIFIER), PsiElement(Py:DOT), PsiElement(Py:IDENTIFIER), PsiElement(Py:LPAR), PsiElement(Py:IDENTIFIER), PsiElement(Py:COMMA), PsiElement(Py:IDENTIFIER), PsiElement(Py:COMMA), PsiElement(Py:IDENTIFIER), PsiElement(Py:EQ), PsiElement(Py:LBRACKET), PsiElement(Py:IDENTIFIER)]\",\"text\":\"nx.draw_networkx(G, pos, node_color\\u003d[colorlist\",\"position\":[651,688]}]},{\"clone_length\":3,\"clones\":[{\"psi\":\"[PsiElement(Py:IDENTIFIER), PsiElement(Py:LBRACKET), PsiElement(Py:IDENTIFIER)]\",\"text\":\"x[i\",\"position\":[1256,1258]},{\"psi\":\"[PsiElement(Py:IDENTIFIER), PsiElement(Py:LBRACKET), PsiElement(Py:IDENTIFIER)]\",\"text\":\"x[i\",\"position\":[1521,1523]}]},{\"clone_length\":6,\"clones\":[{\"psi\":\"[PsiElement(Py:FOR_KEYWORD), PsiElement(Py:IDENTIFIER), PsiElement(Py:IN_KEYWORD), PsiElement(Py:IDENTIFIER), PsiElement(Py:LPAR), PsiElement(Py:IDENTIFIER)]\",\"text\":\"for i in range(N\",\"position\":[1183,1198]},{\"psi\":\"[PsiElement(Py:FOR_KEYWORD), PsiElement(Py:IDENTIFIER), PsiElement(Py:IN_KEYWORD), PsiElement(Py:IDENTIFIER), PsiElement(Py:LPAR), PsiElement(Py:IDENTIFIER)]\",\"text\":\"for i in range(N\",\"position\":[2221,2236]}]},{\"clone_length\":8,\"clones\":[{\"psi\":\"[PsiElement(Py:FOR_KEYWORD), PsiElement(Py:LPAR), PsiElement(Py:IDENTIFIER), PsiElement(Py:COMMA), PsiElement(Py:IDENTIFIER), PsiElement(Py:RPAR), PsiElement(Py:IN_KEYWORD), PsiElement(Py:IDENTIFIER)]\",\"text\":\"for (i, j) in E\",\"position\":[267,281]},{\"psi\":\"[PsiElement(Py:FOR_KEYWORD), PsiElement(Py:LPAR), PsiElement(Py:IDENTIFIER), PsiElement(Py:COMMA), PsiElement(Py:IDENTIFIER), PsiElement(Py:RPAR), PsiElement(Py:IN_KEYWORD), PsiElement(Py:IDENTIFIER)]\",\"text\":\"for (i, j) in E\",\"position\":[1444,1458]}]},{\"clone_length\":6,\"clones\":[{\"psi\":\"[PsiElement(Py:FOR_KEYWORD), PsiElement(Py:IDENTIFIER), PsiElement(Py:IN_KEYWORD), PsiElement(Py:IDENTIFIER), PsiElement(Py:LPAR), PsiElement(Py:IDENTIFIER)]\",\"text\":\"for k in range(K\",\"position\":[1465,1480]},{\"psi\":\"[PsiElement(Py:FOR_KEYWORD), PsiElement(Py:IDENTIFIER), PsiElement(Py:IN_KEYWORD), PsiElement(Py:IDENTIFIER), PsiElement(Py:LPAR), PsiElement(Py:IDENTIFIER)]\",\"text\":\"for k in range(K\",\"position\":[2244,2259]}]},{\"clone_length\":4,\"clones\":[{\"psi\":\"[PsiElement(Py:IDENTIFIER), PsiElement(Py:DOT), PsiElement(Py:IDENTIFIER), PsiElement(Py:LPAR)]\",\"text\":\"plt.figure(\",\"position\":[313,323]},{\"psi\":\"[PsiElement(Py:IDENTIFIER), PsiElement(Py:DOT), PsiElement(Py:IDENTIFIER), PsiElement(Py:LPAR)]\",\"text\":\"plt.axis(\",\"position\":[775,783]},{\"psi\":\"[PsiElement(Py:IDENTIFIER), PsiElement(Py:DOT), PsiElement(Py:IDENTIFIER), PsiElement(Py:LPAR)]\",\"text\":\"plt.show(\",\"position\":[795,803]}]},{\"clone_length\":4,\"clones\":[{\"psi\":\"[PsiElement(Py:IDENTIFIER), PsiElement(Py:DOT), PsiElement(Py:IDENTIFIER), PsiElement(Py:LPAR)]\",\"text\":\"model.to_qubo(\",\"position\":[1834,1847]},{\"psi\":\"[PsiElement(Py:IDENTIFIER), PsiElement(Py:DOT), PsiElement(Py:IDENTIFIER), PsiElement(Py:LPAR)]\",\"text\":\"model.decode_solution(\",\"position\":[2025,2046]}]},{\"clone_length\":5,\"clones\":[{\"psi\":\"[PsiElement(Py:IDENTIFIER), PsiElement(Py:LPAR), PsiElement(Py:IDENTIFIER), PsiElement(Py:COMMA), PsiElement(Py:IDENTIFIER)]\",\"text\":\"plot_graph(N, E\",\"position\":[967,981]},{\"psi\":\"[PsiElement(Py:IDENTIFIER), PsiElement(Py:LPAR), PsiElement(Py:IDENTIFIER), PsiElement(Py:COMMA), PsiElement(Py:IDENTIFIER)]\",\"text\":\"plot_graph(N, E\",\"position\":[2405,2419]}]},{\"clone_length\":7,\"clones\":[{\"psi\":\"[PsiElement(Py:IDENTIFIER), PsiElement(Py:LPAR), PsiElement(Py:IDENTIFIER), PsiElement(Py:COMMA), PsiElement(Py:IDENTIFIER), PsiElement(Py:COMMA), PsiElement(Py:IDENTIFIER)]\",\"text\":\"plot_graph(N, E, colors\",\"position\":[169,186]},{\"psi\":\"[PsiElement(Py:IDENTIFIER), PsiElement(Py:LPAR), PsiElement(Py:IDENTIFIER), PsiElement(Py:COMMA), PsiElement(Py:IDENTIFIER), PsiElement(Py:COMMA), PsiElement(Py:IDENTIFIER)]\",\"text\":\"plot_graph(N, E, colors\",\"position\":[2405,2422]}]}]}","initial_tree_length":473,"project_name":"06b3e7eb3a796c04993332276edfc0fc90d946fe","file_name":"06b3e7eb3a796c04993332276edfc0fc90d946fe.ipynb.py"}