{"3":"{\"totalGroups\":34,\"totalClones\":112,\"groups\":[{\"clone_length\":1,\"clones\":[{\"psi\":\"[PsiElement(Py:IDENTIFIER)]\",\"text\":\"urllib\",\"position\":[960,960]},{\"psi\":\"[PsiElement(Py:IDENTIFIER)]\",\"text\":\"urllib\",\"position\":[3526,3526]},{\"psi\":\"[PsiElement(Py:IDENTIFIER)]\",\"text\":\"urllib\",\"position\":[960,960]},{\"psi\":\"[PsiElement(Py:IDENTIFIER)]\",\"text\":\"urllib\",\"position\":[3526,3526]}]},{\"clone_length\":100,\"clones\":[{\"psi\":\"[PsiElement(Py:IDENTIFIER), PsiElement(Py:DOT), PsiElement(Py:IDENTIFIER), PsiElement(Py:IMPORT_KEYWORD), PsiElement(Py:IDENTIFIER), PsiElement(Py:IMPORT_KEYWORD), PsiElement(Py:IDENTIFIER), PsiElement(Py:CLASS_KEYWORD), PsiElement(Py:IDENTIFIER), PsiElement(Py:COLON), PsiElement(Py:DEF_KEYWORD), PsiElement(Py:IDENTIFIER), PsiElement(Py:LPAR), PsiElement(Py:IDENTIFIER), PsiElement(Py:COMMA), PsiElement(Py:IDENTIFIER), PsiElement(Py:EQ), PsiElement(Py:COMMA), PsiElement(Py:IDENTIFIER), PsiElement(Py:EQ), PsiElement(Py:RPAR), PsiElement(Py:COLON), PsiElement(Py:IDENTIFIER), PsiElement(Py:DOT), PsiElement(Py:IDENTIFIER), PsiElement(Py:EQ), PsiElement(Py:IDENTIFIER), PsiElement(Py:IDENTIFIER), PsiElement(Py:DOT), PsiElement(Py:IDENTIFIER), PsiElement(Py:EQ), PsiElement(Py:IDENTIFIER), PsiElement(Py:IDENTIFIER), PsiElement(Py:DOT), PsiElement(Py:IDENTIFIER), PsiElement(Py:EQ), PsiElement(Py:DOT), PsiElement(Py:IDENTIFIER), PsiElement(Py:LPAR), PsiElement(Py:IDENTIFIER), PsiElement(Py:EQ), PsiElement(Py:IDENTIFIER), PsiElement(Py:COMMA), PsiElement(Py:IDENTIFIER), PsiElement(Py:EQ), PsiElement(Py:IDENTIFIER), PsiElement(Py:RPAR), PsiElement(Py:DEF_KEYWORD), PsiElement(Py:IDENTIFIER), PsiElement(Py:LPAR), PsiElement(Py:IDENTIFIER), PsiElement(Py:COMMA), PsiElement(Py:IDENTIFIER), PsiElement(Py:RPAR), PsiElement(Py:COLON), PsiElement(Py:WITH_KEYWORD), PsiElement(Py:IDENTIFIER), PsiElement(Py:DOT), PsiElement(Py:IDENTIFIER), PsiElement(Py:DOT), PsiElement(Py:IDENTIFIER), PsiElement(Py:LPAR), PsiElement(Py:IDENTIFIER), PsiElement(Py:DOT), PsiElement(Py:IDENTIFIER), PsiElement(Py:DOT), PsiElement(Py:IDENTIFIER), PsiElement(Py:LPAR), PsiElement(Py:IDENTIFIER), PsiElement(Py:EQ), PsiElement(Py:IDENTIFIER), PsiElement(Py:DOT), PsiElement(Py:IDENTIFIER), PsiElement(Py:LPAR), PsiElement(Py:RPAR), PsiElement(Py:RPAR), PsiElement(Py:RPAR), PsiElement(Py:AS_KEYWORD), PsiElement(Py:IDENTIFIER), PsiElement(Py:COLON), PsiElement(Py:IDENTIFIER), PsiElement(Py:EQ), PsiElement(Py:IDENTIFIER), PsiElement(Py:DOT), PsiElement(Py:IDENTIFIER), PsiElement(Py:LPAR), PsiElement(Py:IDENTIFIER), PsiElement(Py:DOT), PsiElement(Py:IDENTIFIER), PsiElement(Py:LPAR), PsiElement(Py:RPAR), PsiElement(Py:DOT), PsiElement(Py:IDENTIFIER), PsiElement(Py:LPAR), PsiElement(Py:RPAR), PsiElement(Py:RPAR), PsiElement(Py:RETURN_KEYWORD), PsiElement(Py:IDENTIFIER), PsiElement(Py:DEF_KEYWORD), PsiElement(Py:IDENTIFIER)]\",\"text\":\"urllib.request\\nimport json\\nimport re\\n\\n\\nclass Translate:\\n    \\\"\\\"\\\"Translate words and sentences in the worst possible way. The Glosbe dictionary\\n    has a nice REST interface that we query for a phrase. We then take the first result.\\n    To translate a sentence, we cut it in pieces, translate it and paste it back into\\n    a Frankenstein monster.\\\"\\\"\\\"\\n    def __init__(self, src_lang\\u003d\\u0027en\\u0027, tgt_lang\\u003d\\u0027fy\\u0027):\\n        self.src \\u003d src_lang\\n        self.tgt \\u003d tgt_lang\\n        self.url \\u003d \\u0027https://glosbe.com/gapi/translate?\\u0027 \\\\\\n                   \\u0027from\\u003d{src}\\u0026dest\\u003d{tgt}\\u0026\\u0027 \\\\\\n                   \\u0027phrase\\u003d{{phrase}}\\u0026format\\u003djson\\u0027.format(\\n                        src\\u003dsrc_lang, tgt\\u003dtgt_lang)\\n    \\n    def query_phrase(self, phrase):\\n        with urllib.request.urlopen(self.url.format(phrase\\u003dphrase.lower())) as response:\\n            translation \\u003d json.loads(response.read().decode())\\n        return translation\\n\\n    def word\",\"position\":[233,1135]},{\"psi\":\"[PsiElement(Py:IDENTIFIER), PsiElement(Py:DOT), PsiElement(Py:IDENTIFIER), PsiElement(Py:IMPORT_KEYWORD), PsiElement(Py:IDENTIFIER), PsiElement(Py:IMPORT_KEYWORD), PsiElement(Py:IDENTIFIER), PsiElement(Py:CLASS_KEYWORD), PsiElement(Py:IDENTIFIER), PsiElement(Py:COLON), PsiElement(Py:DEF_KEYWORD), PsiElement(Py:IDENTIFIER), PsiElement(Py:LPAR), PsiElement(Py:IDENTIFIER), PsiElement(Py:COMMA), PsiElement(Py:IDENTIFIER), PsiElement(Py:EQ), PsiElement(Py:COMMA), PsiElement(Py:IDENTIFIER), PsiElement(Py:EQ), PsiElement(Py:RPAR), PsiElement(Py:COLON), PsiElement(Py:IDENTIFIER), PsiElement(Py:DOT), PsiElement(Py:IDENTIFIER), PsiElement(Py:EQ), PsiElement(Py:IDENTIFIER), PsiElement(Py:IDENTIFIER), PsiElement(Py:DOT), PsiElement(Py:IDENTIFIER), PsiElement(Py:EQ), PsiElement(Py:IDENTIFIER), PsiElement(Py:IDENTIFIER), PsiElement(Py:DOT), PsiElement(Py:IDENTIFIER), PsiElement(Py:EQ), PsiElement(Py:DOT), PsiElement(Py:IDENTIFIER), PsiElement(Py:LPAR), PsiElement(Py:IDENTIFIER), PsiElement(Py:EQ), PsiElement(Py:IDENTIFIER), PsiElement(Py:COMMA), PsiElement(Py:IDENTIFIER), PsiElement(Py:EQ), PsiElement(Py:IDENTIFIER), PsiElement(Py:RPAR), PsiElement(Py:DEF_KEYWORD), PsiElement(Py:IDENTIFIER), PsiElement(Py:LPAR), PsiElement(Py:IDENTIFIER), PsiElement(Py:COMMA), PsiElement(Py:IDENTIFIER), PsiElement(Py:RPAR), PsiElement(Py:COLON), PsiElement(Py:WITH_KEYWORD), PsiElement(Py:IDENTIFIER), PsiElement(Py:DOT), PsiElement(Py:IDENTIFIER), PsiElement(Py:DOT), PsiElement(Py:IDENTIFIER), PsiElement(Py:LPAR), PsiElement(Py:IDENTIFIER), PsiElement(Py:DOT), PsiElement(Py:IDENTIFIER), PsiElement(Py:DOT), PsiElement(Py:IDENTIFIER), PsiElement(Py:LPAR), PsiElement(Py:IDENTIFIER), PsiElement(Py:EQ), PsiElement(Py:IDENTIFIER), PsiElement(Py:DOT), PsiElement(Py:IDENTIFIER), PsiElement(Py:LPAR), PsiElement(Py:RPAR), PsiElement(Py:RPAR), PsiElement(Py:RPAR), PsiElement(Py:AS_KEYWORD), PsiElement(Py:IDENTIFIER), PsiElement(Py:COLON), PsiElement(Py:IDENTIFIER), PsiElement(Py:EQ), PsiElement(Py:IDENTIFIER), PsiElement(Py:DOT), PsiElement(Py:IDENTIFIER), PsiElement(Py:LPAR), PsiElement(Py:IDENTIFIER), PsiElement(Py:DOT), PsiElement(Py:IDENTIFIER), PsiElement(Py:LPAR), PsiElement(Py:RPAR), PsiElement(Py:DOT), PsiElement(Py:IDENTIFIER), PsiElement(Py:LPAR), PsiElement(Py:RPAR), PsiElement(Py:RPAR), PsiElement(Py:RETURN_KEYWORD), PsiElement(Py:IDENTIFIER), PsiElement(Py:AT), PsiElement(Py:IDENTIFIER), PsiElement(Py:DEF_KEYWORD), PsiElement(Py:IDENTIFIER)]\",\"text\":\"urllib.request\\nimport json\\nimport re\\n\\n\\nclass Translate:\\n    \\\"\\\"\\\"Translate words and sentences in the worst possible way. The Glosbe dictionary\\n    has a nice REST interface that we query for a phrase. We then take the first result.\\n    To translate a sentence, we cut it in pieces, translate it and paste it back into\\n    a Frankenstein monster.\\\"\\\"\\\"\\n    def __init__(self, src_lang\\u003d\\u0027en\\u0027, tgt_lang\\u003d\\u0027fy\\u0027):\\n        self.src \\u003d src_lang\\n        self.tgt \\u003d tgt_lang\\n        self.url \\u003d \\u0027https://glosbe.com/gapi/translate?\\u0027 \\\\\\n                   \\u0027from\\u003d{src}\\u0026dest\\u003d{tgt}\\u0026\\u0027 \\\\\\n                   \\u0027phrase\\u003d{{phrase}}\\u0026format\\u003djson\\u0027.format(\\n                        src\\u003dsrc_lang, tgt\\u003dtgt_lang)\\n    \\n    def query_phrase(self, phrase):\\n        with urllib.request.urlopen(self.url.format(phrase\\u003dphrase.lower())) as response:\\n            translation \\u003d json.loads(response.read().decode())\\n        return translation\\n    \\n    @schedule\\n    def word\",\"position\":[2799,3719]}]},{\"clone_length\":97,\"clones\":[{\"psi\":\"[PsiElement(Py:IDENTIFIER), PsiElement(Py:EQ), PsiElement(Py:IDENTIFIER), PsiElement(Py:DOT), PsiElement(Py:IDENTIFIER), PsiElement(Py:LPAR), PsiElement(Py:IDENTIFIER), PsiElement(Py:RPAR), PsiElement(Py:IF_KEYWORD), PsiElement(Py:IDENTIFIER), PsiElement(Py:LPAR), PsiElement(Py:IDENTIFIER), PsiElement(Py:LBRACKET), PsiElement(Py:RBRACKET), PsiElement(Py:RPAR), PsiElement(Py:GT), PsiElement(Py:INTEGER_LITERAL), PsiElement(Py:AND_KEYWORD), PsiElement(Py:IN_KEYWORD), PsiElement(Py:IDENTIFIER), PsiElement(Py:LBRACKET), PsiElement(Py:RBRACKET), PsiElement(Py:LBRACKET), PsiElement(Py:INTEGER_LITERAL), PsiElement(Py:RBRACKET), PsiElement(Py:COLON), PsiElement(Py:IDENTIFIER), PsiElement(Py:EQ), PsiElement(Py:IDENTIFIER), PsiElement(Py:LBRACKET), PsiElement(Py:RBRACKET), PsiElement(Py:LBRACKET), PsiElement(Py:INTEGER_LITERAL), PsiElement(Py:RBRACKET), PsiElement(Py:LBRACKET), PsiElement(Py:RBRACKET), PsiElement(Py:LBRACKET), PsiElement(Py:RBRACKET), PsiElement(Py:IF_KEYWORD), PsiElement(Py:IDENTIFIER), PsiElement(Py:LBRACKET), PsiElement(Py:INTEGER_LITERAL), PsiElement(Py:RBRACKET), PsiElement(Py:DOT), PsiElement(Py:IDENTIFIER), PsiElement(Py:LPAR), PsiElement(Py:RPAR), PsiElement(Py:COLON), PsiElement(Py:RETURN_KEYWORD), PsiElement(Py:IDENTIFIER), PsiElement(Py:DOT), PsiElement(Py:IDENTIFIER), PsiElement(Py:LPAR), PsiElement(Py:RPAR), PsiElement(Py:ELSE_KEYWORD), PsiElement(Py:COLON), PsiElement(Py:RETURN_KEYWORD), PsiElement(Py:IDENTIFIER), PsiElement(Py:ELSE_KEYWORD), PsiElement(Py:COLON), PsiElement(Py:RETURN_KEYWORD), PsiElement(Py:PLUS), PsiElement(Py:IDENTIFIER), PsiElement(Py:PLUS), PsiElement(Py:DEF_KEYWORD), PsiElement(Py:IDENTIFIER), PsiElement(Py:LPAR), PsiElement(Py:IDENTIFIER), PsiElement(Py:COMMA), PsiElement(Py:IDENTIFIER), PsiElement(Py:RPAR), PsiElement(Py:COLON), PsiElement(Py:IDENTIFIER), PsiElement(Py:EQ), PsiElement(Py:IDENTIFIER), PsiElement(Py:DOT), PsiElement(Py:IDENTIFIER), PsiElement(Py:LPAR), PsiElement(Py:COMMA), PsiElement(Py:COMMA), PsiElement(Py:IDENTIFIER), PsiElement(Py:RPAR), PsiElement(Py:DOT), PsiElement(Py:IDENTIFIER), PsiElement(Py:LPAR), PsiElement(Py:RPAR), PsiElement(Py:IDENTIFIER), PsiElement(Py:EQ), PsiElement(Py:IDENTIFIER), PsiElement(Py:DOT), PsiElement(Py:IDENTIFIER), PsiElement(Py:LPAR), PsiElement(Py:COMMA), PsiElement(Py:COMMA), PsiElement(Py:IDENTIFIER), PsiElement(Py:RPAR), PsiElement(Py:RETURN_KEYWORD)]\",\"text\":\"translation \\u003d self.query_phrase(phrase)\\n        #translation \\u003d {\\u0027tuc\\u0027: [{\\u0027phrase\\u0027: {\\u0027text\\u0027: phrase.lower()[::-1]}}]}\\n        if len(translation[\\u0027tuc\\u0027]) \\u003e 0 and \\u0027phrase\\u0027 in translation[\\u0027tuc\\u0027][0]:\\n            result \\u003d translation[\\u0027tuc\\u0027][0][\\u0027phrase\\u0027][\\u0027text\\u0027]\\n            if phrase[0].isupper():\\n                return result.title()\\n            else:\\n                return result            \\n        else:\\n            return \\\"\\u003c\\\" + phrase + \\\"\\u003e\\\"\\n    \\n    def sentence(self, phrase):\\n        words \\u003d re.sub(\\\"[^\\\\w]\\\", \\\" \\\", phrase).split()\\n        space \\u003d re.sub(\\\"[\\\\w]+\\\", \\\"{}\\\", phrase)\\n        return\",\"position\":[1163,1749]},{\"psi\":\"[PsiElement(Py:IDENTIFIER), PsiElement(Py:EQ), PsiElement(Py:IDENTIFIER), PsiElement(Py:DOT), PsiElement(Py:IDENTIFIER), PsiElement(Py:LPAR), PsiElement(Py:IDENTIFIER), PsiElement(Py:RPAR), PsiElement(Py:IF_KEYWORD), PsiElement(Py:IDENTIFIER), PsiElement(Py:LPAR), PsiElement(Py:IDENTIFIER), PsiElement(Py:LBRACKET), PsiElement(Py:RBRACKET), PsiElement(Py:RPAR), PsiElement(Py:GT), PsiElement(Py:INTEGER_LITERAL), PsiElement(Py:AND_KEYWORD), PsiElement(Py:IN_KEYWORD), PsiElement(Py:IDENTIFIER), PsiElement(Py:LBRACKET), PsiElement(Py:RBRACKET), PsiElement(Py:LBRACKET), PsiElement(Py:INTEGER_LITERAL), PsiElement(Py:RBRACKET), PsiElement(Py:COLON), PsiElement(Py:IDENTIFIER), PsiElement(Py:EQ), PsiElement(Py:IDENTIFIER), PsiElement(Py:LBRACKET), PsiElement(Py:RBRACKET), PsiElement(Py:LBRACKET), PsiElement(Py:INTEGER_LITERAL), PsiElement(Py:RBRACKET), PsiElement(Py:LBRACKET), PsiElement(Py:RBRACKET), PsiElement(Py:LBRACKET), PsiElement(Py:RBRACKET), PsiElement(Py:IF_KEYWORD), PsiElement(Py:IDENTIFIER), PsiElement(Py:LBRACKET), PsiElement(Py:INTEGER_LITERAL), PsiElement(Py:RBRACKET), PsiElement(Py:DOT), PsiElement(Py:IDENTIFIER), PsiElement(Py:LPAR), PsiElement(Py:RPAR), PsiElement(Py:COLON), PsiElement(Py:RETURN_KEYWORD), PsiElement(Py:IDENTIFIER), PsiElement(Py:DOT), PsiElement(Py:IDENTIFIER), PsiElement(Py:LPAR), PsiElement(Py:RPAR), PsiElement(Py:ELSE_KEYWORD), PsiElement(Py:COLON), PsiElement(Py:RETURN_KEYWORD), PsiElement(Py:IDENTIFIER), PsiElement(Py:ELSE_KEYWORD), PsiElement(Py:COLON), PsiElement(Py:RETURN_KEYWORD), PsiElement(Py:PLUS), PsiElement(Py:IDENTIFIER), PsiElement(Py:PLUS), PsiElement(Py:DEF_KEYWORD), PsiElement(Py:IDENTIFIER), PsiElement(Py:LPAR), PsiElement(Py:IDENTIFIER), PsiElement(Py:COMMA), PsiElement(Py:IDENTIFIER), PsiElement(Py:RPAR), PsiElement(Py:COLON), PsiElement(Py:IDENTIFIER), PsiElement(Py:EQ), PsiElement(Py:IDENTIFIER), PsiElement(Py:DOT), PsiElement(Py:IDENTIFIER), PsiElement(Py:LPAR), PsiElement(Py:COMMA), PsiElement(Py:COMMA), PsiElement(Py:IDENTIFIER), PsiElement(Py:RPAR), PsiElement(Py:DOT), PsiElement(Py:IDENTIFIER), PsiElement(Py:LPAR), PsiElement(Py:RPAR), PsiElement(Py:IDENTIFIER), PsiElement(Py:EQ), PsiElement(Py:IDENTIFIER), PsiElement(Py:DOT), PsiElement(Py:IDENTIFIER), PsiElement(Py:LPAR), PsiElement(Py:COMMA), PsiElement(Py:COMMA), PsiElement(Py:IDENTIFIER), PsiElement(Py:RPAR), PsiElement(Py:RETURN_KEYWORD)]\",\"text\":\"translation \\u003d self.query_phrase(phrase)\\n        \\n        if len(translation[\\u0027tuc\\u0027]) \\u003e 0 and \\u0027phrase\\u0027 in translation[\\u0027tuc\\u0027][0]:\\n            result \\u003d translation[\\u0027tuc\\u0027][0][\\u0027phrase\\u0027][\\u0027text\\u0027]\\n            if phrase[0].isupper():\\n                return result.title()\\n            else:\\n                return result            \\n        else:\\n            return \\\"\\u003c\\\" + phrase + \\\"\\u003e\\\"\\n        \\n    def sentence(self, phrase):\\n        words \\u003d re.sub(\\\"[^\\\\w]\\\", \\\" \\\", phrase).split()\\n        space \\u003d re.sub(\\\"[\\\\w]+\\\", \\\"{}\\\", phrase)\\n        return\",\"position\":[3824,4346]}]},{\"clone_length\":1,\"clones\":[{\"psi\":\"[PsiElement(Py:IDENTIFIER)]\",\"text\":\"translation\",\"position\":[1379,1379]},{\"psi\":\"[PsiElement(Py:IDENTIFIER)]\",\"text\":\"translation\",\"position\":[3972,3972]},{\"psi\":\"[PsiElement(Py:IDENTIFIER)]\",\"text\":\"translation\",\"position\":[1379,1379]},{\"psi\":\"[PsiElement(Py:IDENTIFIER)]\",\"text\":\"translation\",\"position\":[3972,3972]}]},{\"clone_length\":5,\"clones\":[{\"psi\":\"[PsiElement(Py:IDENTIFIER), PsiElement(Py:LBRACKET), PsiElement(Py:RBRACKET), PsiElement(Py:LBRACKET), PsiElement(Py:INTEGER_LITERAL)]\",\"text\":\"translation[\\u0027tuc\\u0027][0\",\"position\":[1335,1354]},{\"psi\":\"[PsiElement(Py:IDENTIFIER), PsiElement(Py:LBRACKET), PsiElement(Py:RBRACKET), PsiElement(Py:LBRACKET), PsiElement(Py:INTEGER_LITERAL)]\",\"text\":\"translation[\\u0027tuc\\u0027][0\",\"position\":[3928,3947]},{\"psi\":\"[PsiElement(Py:IDENTIFIER), PsiElement(Py:LBRACKET), PsiElement(Py:RBRACKET), PsiElement(Py:LBRACKET), PsiElement(Py:INTEGER_LITERAL)]\",\"text\":\"translation[\\u0027tuc\\u0027][0\",\"position\":[1379,1398]},{\"psi\":\"[PsiElement(Py:IDENTIFIER), PsiElement(Py:LBRACKET), PsiElement(Py:RBRACKET), PsiElement(Py:LBRACKET), PsiElement(Py:INTEGER_LITERAL)]\",\"text\":\"translation[\\u0027tuc\\u0027][0\",\"position\":[3972,3991]}]},{\"clone_length\":7,\"clones\":[{\"psi\":\"[PsiElement(Py:IDENTIFIER), PsiElement(Py:LBRACKET), PsiElement(Py:RBRACKET), PsiElement(Py:RPAR), PsiElement(Py:GT), PsiElement(Py:INTEGER_LITERAL), PsiElement(Py:AND_KEYWORD)]\",\"text\":\"translation[\\u0027tuc\\u0027]) \\u003e 0 and \\u0027phrase\\u0027\",\"position\":[1295,1319]},{\"psi\":\"[PsiElement(Py:IDENTIFIER), PsiElement(Py:LBRACKET), PsiElement(Py:RBRACKET), PsiElement(Py:RPAR), PsiElement(Py:GT), PsiElement(Py:INTEGER_LITERAL), PsiElement(Py:AND_KEYWORD)]\",\"text\":\"translation[\\u0027tuc\\u0027]) \\u003e 0 and \\u0027phrase\\u0027\",\"position\":[3888,3912]},{\"psi\":\"[PsiElement(Py:IDENTIFIER), PsiElement(Py:LBRACKET), PsiElement(Py:RBRACKET), PsiElement(Py:LBRACKET), PsiElement(Py:INTEGER_LITERAL), PsiElement(Py:RBRACKET), PsiElement(Py:LBRACKET)]\",\"text\":\"translation[\\u0027tuc\\u0027][0][\\u0027phrase\\u0027\",\"position\":[1379,1400]},{\"psi\":\"[PsiElement(Py:IDENTIFIER), PsiElement(Py:LBRACKET), PsiElement(Py:RBRACKET), PsiElement(Py:LBRACKET), PsiElement(Py:INTEGER_LITERAL), PsiElement(Py:RBRACKET), PsiElement(Py:LBRACKET)]\",\"text\":\"translation[\\u0027tuc\\u0027][0][\\u0027phrase\\u0027\",\"position\":[3972,3993]}]},{\"clone_length\":4,\"clones\":[{\"psi\":\"[PsiElement(Py:IDENTIFIER), PsiElement(Py:LPAR), PsiElement(Py:IDENTIFIER), PsiElement(Py:LPAR)]\",\"text\":\"run_and_print_log(word_size_phrase(\",\"position\":[5853,5887]},{\"psi\":\"[PsiElement(Py:IDENTIFIER), PsiElement(Py:LPAR), PsiElement(Py:IDENTIFIER), PsiElement(Py:LPAR)]\",\"text\":\"run_and_print_log(word_size_phrase(\",\"position\":[5960,5994]},{\"psi\":\"[PsiElement(Py:IDENTIFIER), PsiElement(Py:LPAR), PsiElement(Py:IDENTIFIER), PsiElement(Py:LPAR)]\",\"text\":\"run_and_print_log(word_size_phrase(\",\"position\":[6713,6747]},{\"psi\":\"[PsiElement(Py:IDENTIFIER), PsiElement(Py:LPAR), PsiElement(Py:IDENTIFIER), PsiElement(Py:LPAR)]\",\"text\":\"run_and_print_log(\\n    word_size_phrase(\",\"position\":[6304,6343]},{\"psi\":\"[PsiElement(Py:IDENTIFIER), PsiElement(Py:LPAR), PsiElement(Py:IDENTIFIER), PsiElement(Py:LPAR)]\",\"text\":\"run_and_print_log(\\n    word_size_phrase(\",\"position\":[6974,7013]}]},{\"clone_length\":4,\"clones\":[{\"psi\":\"[PsiElement(Py:IDENTIFIER), PsiElement(Py:LPAR), PsiElement(Py:IDENTIFIER), PsiElement(Py:LPAR)]\",\"text\":\"run_and_print_log(word_size_phrase(\\\"Kneu kneu kneu kneu ote kneu eur\\\"\",\"position\":[6713,6747]},{\"psi\":\"[PsiElement(Py:IDENTIFIER), PsiElement(Py:LPAR), PsiElement(Py:IDENTIFIER), PsiElement(Py:LPAR)]\",\"text\":\"run_and_print_log(\\n    word_size_phrase(\\\"Kneu kneu kneu kneu ote kneu eur\\\"\",\"position\":[6304,6343]},{\"psi\":\"[PsiElement(Py:IDENTIFIER), PsiElement(Py:LPAR), PsiElement(Py:IDENTIFIER), PsiElement(Py:LPAR)]\",\"text\":\"run_and_print_log(\\n    word_size_phrase(\\\"Kneu kneu kneu kneu ote kneu eur\\\"\",\"position\":[6974,7013]}]},{\"clone_length\":10,\"clones\":[{\"psi\":\"[PsiElement(Py:IDENTIFIER), PsiElement(Py:LPAR), PsiElement(Py:IDENTIFIER), PsiElement(Py:LPAR), PsiElement(Py:RPAR), PsiElement(Py:COMMA), PsiElement(Py:IDENTIFIER), PsiElement(Py:EQ), PsiElement(Py:LBRACKET), PsiElement(Py:INTEGER_LITERAL)]\",\"text\":\"run_and_print_log(\\n    word_size_phrase(\\\"Kneu kneu kneu kneu ote kneu eur\\\"),\\n    highlight\\u003d[1\",\"position\":[6304,6396]},{\"psi\":\"[PsiElement(Py:IDENTIFIER), PsiElement(Py:LPAR), PsiElement(Py:IDENTIFIER), PsiElement(Py:LPAR), PsiElement(Py:RPAR), PsiElement(Py:COMMA), PsiElement(Py:IDENTIFIER), PsiElement(Py:EQ), PsiElement(Py:LBRACKET), PsiElement(Py:INTEGER_LITERAL)]\",\"text\":\"run_and_print_log(\\n    word_size_phrase(\\\"Kneu kneu kneu kneu ote kneu eur\\\"),\\n    highlight\\u003d[1\",\"position\":[6974,7066]}]},{\"clone_length\":18,\"clones\":[{\"psi\":\"[PsiElement(Py:IDENTIFIER), PsiElement(Py:LPAR), PsiElement(Py:IDENTIFIER), PsiElement(Py:RPAR), PsiElement(Py:COLON), PsiElement(Py:IDENTIFIER), PsiElement(Py:EQ), PsiElement(Py:IDENTIFIER), PsiElement(Py:DOT), PsiElement(Py:IDENTIFIER), PsiElement(Py:LPAR), PsiElement(Py:COMMA), PsiElement(Py:COMMA), PsiElement(Py:IDENTIFIER), PsiElement(Py:RPAR), PsiElement(Py:DOT), PsiElement(Py:IDENTIFIER), PsiElement(Py:LPAR)]\",\"text\":\"word_size_phrase(phrase):\\n    words \\u003d re.sub(\\\"[^\\\\w]\\\", \\\" \\\", phrase).split(\",\"position\":[5353,5425]},{\"psi\":\"[PsiElement(Py:IDENTIFIER), PsiElement(Py:LPAR), PsiElement(Py:IDENTIFIER), PsiElement(Py:RPAR), PsiElement(Py:COLON), PsiElement(Py:IDENTIFIER), PsiElement(Py:EQ), PsiElement(Py:IDENTIFIER), PsiElement(Py:DOT), PsiElement(Py:IDENTIFIER), PsiElement(Py:LPAR), PsiElement(Py:COMMA), PsiElement(Py:COMMA), PsiElement(Py:IDENTIFIER), PsiElement(Py:RPAR), PsiElement(Py:DOT), PsiElement(Py:IDENTIFIER), PsiElement(Py:LPAR)]\",\"text\":\"word_size_phrase(phrase):\\n    words \\u003d re.sub(\\\"[^\\\\w]\\\", \\\" \\\", phrase).split(\",\"position\":[6459,6531]}]},{\"clone_length\":2,\"clones\":[{\"psi\":\"[PsiElement(Py:IDENTIFIER), PsiElement(Py:LPAR)]\",\"text\":\"word_size_phrase(\\\"Oote oote oote, Boe\\\"\",\"position\":[5700,5716]},{\"psi\":\"[PsiElement(Py:IDENTIFIER), PsiElement(Py:LPAR)]\",\"text\":\"word_size_phrase(\\\"Oote oote oote, Boe\\\"\",\"position\":[5871,5887]}]},{\"clone_length\":18,\"clones\":[{\"psi\":\"[PsiElement(Py:IDENTIFIER), PsiElement(Py:LPAR), PsiElement(Py:IDENTIFIER), PsiElement(Py:RPAR), PsiElement(Py:COLON), PsiElement(Py:IDENTIFIER), PsiElement(Py:EQ), PsiElement(Py:IDENTIFIER), PsiElement(Py:DOT), PsiElement(Py:IDENTIFIER), PsiElement(Py:LPAR), PsiElement(Py:COMMA), PsiElement(Py:COMMA), PsiElement(Py:IDENTIFIER), PsiElement(Py:RPAR), PsiElement(Py:DOT), PsiElement(Py:IDENTIFIER), PsiElement(Py:LPAR)]\",\"text\":\"word_size_phrase(phrase):\\n    words \\u003d re.sub(\\\"[^\\\\w]\\\", \\\" \\\", phrase).split(\",\"position\":[6098,6170]},{\"psi\":\"[PsiElement(Py:IDENTIFIER), PsiElement(Py:LPAR), PsiElement(Py:IDENTIFIER), PsiElement(Py:RPAR), PsiElement(Py:COLON), PsiElement(Py:IDENTIFIER), PsiElement(Py:EQ), PsiElement(Py:IDENTIFIER), PsiElement(Py:DOT), PsiElement(Py:IDENTIFIER), PsiElement(Py:LPAR), PsiElement(Py:COMMA), PsiElement(Py:COMMA), PsiElement(Py:IDENTIFIER), PsiElement(Py:RPAR), PsiElement(Py:DOT), PsiElement(Py:IDENTIFIER), PsiElement(Py:LPAR)]\",\"text\":\"word_size_phrase(phrase):\\n    words \\u003d re.sub(\\\"[^\\\\w]\\\", \\\" \\\", phrase).split(\",\"position\":[6839,6911]}]},{\"clone_length\":6,\"clones\":[{\"psi\":\"[PsiElement(Py:RETURN_KEYWORD), PsiElement(Py:IDENTIFIER), PsiElement(Py:LPAR), PsiElement(Py:IDENTIFIER), PsiElement(Py:COMMA), PsiElement(Py:MULT)]\",\"text\":\"return format_string(space, *\",\"position\":[4346,4374]},{\"psi\":\"[PsiElement(Py:RETURN_KEYWORD), PsiElement(Py:IDENTIFIER), PsiElement(Py:LPAR), PsiElement(Py:IDENTIFIER), PsiElement(Py:COMMA), PsiElement(Py:MULT)]\",\"text\":\"return format_string(space, *\",\"position\":[5515,5543]},{\"psi\":\"[PsiElement(Py:RETURN_KEYWORD), PsiElement(Py:IDENTIFIER), PsiElement(Py:LPAR), PsiElement(Py:IDENTIFIER), PsiElement(Py:COMMA), PsiElement(Py:MULT)]\",\"text\":\"return format_string(space, *\",\"position\":[6260,6288]}]},{\"clone_length\":3,\"clones\":[{\"psi\":\"[PsiElement(Py:IDENTIFIER), PsiElement(Py:EQ), PsiElement(Py:IDENTIFIER)]\",\"text\":\"phrase\\u003dphrase\",\"position\":[999,1006]},{\"psi\":\"[PsiElement(Py:IDENTIFIER), PsiElement(Py:EQ), PsiElement(Py:IDENTIFIER)]\",\"text\":\"phrase\\u003dphrase\",\"position\":[3565,3572]},{\"psi\":\"[PsiElement(Py:IDENTIFIER)]\",\"text\":\"phrase\",\"position\":[1434,1434]},{\"psi\":\"[PsiElement(Py:IDENTIFIER)]\",\"text\":\"phrase\",\"position\":[4027,4027]}]},{\"clone_length\":26,\"clones\":[{\"psi\":\"[PsiElement(Py:IDENTIFIER), PsiElement(Py:RPAR), PsiElement(Py:COLON), PsiElement(Py:IDENTIFIER), PsiElement(Py:EQ), PsiElement(Py:IDENTIFIER), PsiElement(Py:DOT), PsiElement(Py:IDENTIFIER), PsiElement(Py:LPAR), PsiElement(Py:COMMA), PsiElement(Py:COMMA), PsiElement(Py:IDENTIFIER), PsiElement(Py:RPAR), PsiElement(Py:DOT), PsiElement(Py:IDENTIFIER), PsiElement(Py:LPAR), PsiElement(Py:RPAR), PsiElement(Py:IDENTIFIER), PsiElement(Py:EQ), PsiElement(Py:IDENTIFIER), PsiElement(Py:DOT), PsiElement(Py:IDENTIFIER), PsiElement(Py:LPAR), PsiElement(Py:COMMA), PsiElement(Py:COMMA), PsiElement(Py:IDENTIFIER)]\",\"text\":\"phrase):\\n        words \\u003d re.sub(\\\"[^\\\\w]\\\", \\\" \\\", phrase).split()\\n        space \\u003d re.sub(\\\"[\\\\w]+\\\", \\\"{}\\\", phrase\",\"position\":[1633,1733]},{\"psi\":\"[PsiElement(Py:IDENTIFIER), PsiElement(Py:RPAR), PsiElement(Py:COLON), PsiElement(Py:IDENTIFIER), PsiElement(Py:EQ), PsiElement(Py:IDENTIFIER), PsiElement(Py:DOT), PsiElement(Py:IDENTIFIER), PsiElement(Py:LPAR), PsiElement(Py:COMMA), PsiElement(Py:COMMA), PsiElement(Py:IDENTIFIER), PsiElement(Py:RPAR), PsiElement(Py:DOT), PsiElement(Py:IDENTIFIER), PsiElement(Py:LPAR), PsiElement(Py:RPAR), PsiElement(Py:IDENTIFIER), PsiElement(Py:EQ), PsiElement(Py:IDENTIFIER), PsiElement(Py:DOT), PsiElement(Py:IDENTIFIER), PsiElement(Py:LPAR), PsiElement(Py:COMMA), PsiElement(Py:COMMA), PsiElement(Py:IDENTIFIER)]\",\"text\":\"phrase):\\n        words \\u003d re.sub(\\\"[^\\\\w]\\\", \\\" \\\", phrase).split()\\n        space \\u003d re.sub(\\\"[\\\\w]+\\\", \\\"{}\\\", phrase\",\"position\":[4230,4330]},{\"psi\":\"[PsiElement(Py:IDENTIFIER), PsiElement(Py:RPAR), PsiElement(Py:COLON), PsiElement(Py:IDENTIFIER), PsiElement(Py:EQ), PsiElement(Py:IDENTIFIER), PsiElement(Py:DOT), PsiElement(Py:IDENTIFIER), PsiElement(Py:LPAR), PsiElement(Py:COMMA), PsiElement(Py:COMMA), PsiElement(Py:IDENTIFIER), PsiElement(Py:RPAR), PsiElement(Py:DOT), PsiElement(Py:IDENTIFIER), PsiElement(Py:LPAR), PsiElement(Py:RPAR), PsiElement(Py:IDENTIFIER), PsiElement(Py:EQ), PsiElement(Py:IDENTIFIER), PsiElement(Py:DOT), PsiElement(Py:IDENTIFIER), PsiElement(Py:LPAR), PsiElement(Py:COMMA), PsiElement(Py:COMMA), PsiElement(Py:IDENTIFIER)]\",\"text\":\"phrase):\\n    words \\u003d re.sub(\\\"[^\\\\w]\\\", \\\" \\\", phrase).split()\\n    space \\u003d re.sub(\\\"[\\\\w]+\\\", \\\"{}\\\", phrase\",\"position\":[5370,5462]},{\"psi\":\"[PsiElement(Py:IDENTIFIER), PsiElement(Py:RPAR), PsiElement(Py:COLON), PsiElement(Py:IDENTIFIER), PsiElement(Py:EQ), PsiElement(Py:IDENTIFIER), PsiElement(Py:DOT), PsiElement(Py:IDENTIFIER), PsiElement(Py:LPAR), PsiElement(Py:COMMA), PsiElement(Py:COMMA), PsiElement(Py:IDENTIFIER), PsiElement(Py:RPAR), PsiElement(Py:DOT), PsiElement(Py:IDENTIFIER), PsiElement(Py:LPAR), PsiElement(Py:RPAR), PsiElement(Py:IDENTIFIER), PsiElement(Py:EQ), PsiElement(Py:IDENTIFIER), PsiElement(Py:DOT), PsiElement(Py:IDENTIFIER), PsiElement(Py:LPAR), PsiElement(Py:COMMA), PsiElement(Py:COMMA), PsiElement(Py:IDENTIFIER)]\",\"text\":\"phrase):\\n    words \\u003d re.sub(\\\"[^\\\\w]\\\", \\\" \\\", phrase).split()\\n    space \\u003d re.sub(\\\"[\\\\w]+\\\", \\\"{}\\\", phrase\",\"position\":[6115,6207]}]},{\"clone_length\":43,\"clones\":[{\"psi\":\"[PsiElement(Py:LPAR), PsiElement(Py:IDENTIFIER), PsiElement(Py:RPAR), PsiElement(Py:COLON), PsiElement(Py:IDENTIFIER), PsiElement(Py:EQ), PsiElement(Py:IDENTIFIER), PsiElement(Py:DOT), PsiElement(Py:IDENTIFIER), PsiElement(Py:LPAR), PsiElement(Py:COMMA), PsiElement(Py:COMMA), PsiElement(Py:IDENTIFIER), PsiElement(Py:RPAR), PsiElement(Py:DOT), PsiElement(Py:IDENTIFIER), PsiElement(Py:LPAR), PsiElement(Py:RPAR), PsiElement(Py:IDENTIFIER), PsiElement(Py:EQ), PsiElement(Py:IDENTIFIER), PsiElement(Py:DOT), PsiElement(Py:IDENTIFIER), PsiElement(Py:LPAR), PsiElement(Py:COMMA), PsiElement(Py:COMMA), PsiElement(Py:IDENTIFIER), PsiElement(Py:RPAR), PsiElement(Py:IDENTIFIER), PsiElement(Py:EQ), PsiElement(Py:IDENTIFIER), PsiElement(Py:LPAR), PsiElement(Py:IDENTIFIER), PsiElement(Py:COMMA), PsiElement(Py:IDENTIFIER), PsiElement(Py:RPAR), PsiElement(Py:RETURN_KEYWORD), PsiElement(Py:IDENTIFIER), PsiElement(Py:LPAR), PsiElement(Py:IDENTIFIER), PsiElement(Py:COMMA), PsiElement(Py:MULT), PsiElement(Py:IDENTIFIER)]\",\"text\":\"(phrase):\\n    words \\u003d re.sub(\\\"[^\\\\w]\\\", \\\" \\\", phrase).split()\\n    space \\u003d re.sub(\\\"[\\\\w]+\\\", \\\"{}\\\", phrase)\\n    word_lengths \\u003d map(word_size, words)\\n    return format_string(space, *word_lengths\",\"position\":[5369,5544]},{\"psi\":\"[PsiElement(Py:LPAR), PsiElement(Py:IDENTIFIER), PsiElement(Py:RPAR), PsiElement(Py:COLON), PsiElement(Py:IDENTIFIER), PsiElement(Py:EQ), PsiElement(Py:IDENTIFIER), PsiElement(Py:DOT), PsiElement(Py:IDENTIFIER), PsiElement(Py:LPAR), PsiElement(Py:COMMA), PsiElement(Py:COMMA), PsiElement(Py:IDENTIFIER), PsiElement(Py:RPAR), PsiElement(Py:DOT), PsiElement(Py:IDENTIFIER), PsiElement(Py:LPAR), PsiElement(Py:RPAR), PsiElement(Py:IDENTIFIER), PsiElement(Py:EQ), PsiElement(Py:IDENTIFIER), PsiElement(Py:DOT), PsiElement(Py:IDENTIFIER), PsiElement(Py:LPAR), PsiElement(Py:COMMA), PsiElement(Py:COMMA), PsiElement(Py:IDENTIFIER), PsiElement(Py:RPAR), PsiElement(Py:IDENTIFIER), PsiElement(Py:EQ), PsiElement(Py:IDENTIFIER), PsiElement(Py:LPAR), PsiElement(Py:IDENTIFIER), PsiElement(Py:COMMA), PsiElement(Py:IDENTIFIER), PsiElement(Py:RPAR), PsiElement(Py:RETURN_KEYWORD), PsiElement(Py:IDENTIFIER), PsiElement(Py:LPAR), PsiElement(Py:IDENTIFIER), PsiElement(Py:COMMA), PsiElement(Py:MULT), PsiElement(Py:IDENTIFIER)]\",\"text\":\"(phrase):\\n    words \\u003d re.sub(\\\"[^\\\\w]\\\", \\\" \\\", phrase).split()\\n    space \\u003d re.sub(\\\"[\\\\w]+\\\", \\\"{}\\\", phrase)\\n    word_lengths \\u003d map(word_size, words)\\n    return format_string(space, *word_lengths\",\"position\":[6114,6289]}]},{\"clone_length\":32,\"clones\":[{\"psi\":\"[PsiElement(Py:LPAR), PsiElement(Py:IDENTIFIER), PsiElement(Py:RPAR), PsiElement(Py:COLON), PsiElement(Py:IDENTIFIER), PsiElement(Py:EQ), PsiElement(Py:IDENTIFIER), PsiElement(Py:DOT), PsiElement(Py:IDENTIFIER), PsiElement(Py:LPAR), PsiElement(Py:COMMA), PsiElement(Py:COMMA), PsiElement(Py:IDENTIFIER), PsiElement(Py:RPAR), PsiElement(Py:DOT), PsiElement(Py:IDENTIFIER), PsiElement(Py:LPAR), PsiElement(Py:RPAR), PsiElement(Py:RETURN_KEYWORD), PsiElement(Py:IDENTIFIER), PsiElement(Py:LPAR), PsiElement(Py:LBRACE), PsiElement(Py:IDENTIFIER), PsiElement(Py:COLON), PsiElement(Py:IDENTIFIER), PsiElement(Py:LPAR), PsiElement(Py:IDENTIFIER), PsiElement(Py:RPAR), PsiElement(Py:FOR_KEYWORD), PsiElement(Py:IDENTIFIER), PsiElement(Py:IN_KEYWORD), PsiElement(Py:IDENTIFIER)]\",\"text\":\"(phrase):\\n    words \\u003d re.sub(\\\"[^\\\\w]\\\", \\\" \\\", phrase).split()\\n    return lift({word: word_size(word) for word in words\",\"position\":[6475,6585]},{\"psi\":\"[PsiElement(Py:LPAR), PsiElement(Py:IDENTIFIER), PsiElement(Py:RPAR), PsiElement(Py:COLON), PsiElement(Py:IDENTIFIER), PsiElement(Py:EQ), PsiElement(Py:IDENTIFIER), PsiElement(Py:DOT), PsiElement(Py:IDENTIFIER), PsiElement(Py:LPAR), PsiElement(Py:COMMA), PsiElement(Py:COMMA), PsiElement(Py:IDENTIFIER), PsiElement(Py:RPAR), PsiElement(Py:DOT), PsiElement(Py:IDENTIFIER), PsiElement(Py:LPAR), PsiElement(Py:RPAR), PsiElement(Py:RETURN_KEYWORD), PsiElement(Py:IDENTIFIER), PsiElement(Py:LPAR), PsiElement(Py:LBRACE), PsiElement(Py:IDENTIFIER), PsiElement(Py:COLON), PsiElement(Py:IDENTIFIER), PsiElement(Py:LPAR), PsiElement(Py:IDENTIFIER), PsiElement(Py:RPAR), PsiElement(Py:FOR_KEYWORD), PsiElement(Py:IDENTIFIER), PsiElement(Py:IN_KEYWORD), PsiElement(Py:IDENTIFIER)]\",\"text\":\"(phrase):\\n    words \\u003d re.sub(\\\"[^\\\\w]\\\", \\\" \\\", phrase).split()\\n    return lift({word: word_size(word) for word in words\",\"position\":[6855,6965]}]},{\"clone_length\":2,\"clones\":[{\"psi\":\"[PsiElement(Py:LPAR), PsiElement(Py:IDENTIFIER)]\",\"text\":\"(\\n        Translate\",\"position\":[2231,2241]},{\"psi\":\"[PsiElement(Py:LPAR), PsiElement(Py:IDENTIFIER)]\",\"text\":\"(Translate\",\"position\":[2386,2387]},{\"psi\":\"[PsiElement(Py:LPAR), PsiElement(Py:IDENTIFIER)]\",\"text\":\"(Translate\",\"position\":[2556,2557]},{\"psi\":\"[PsiElement(Py:LPAR), PsiElement(Py:IDENTIFIER)]\",\"text\":\"(Translate\",\"position\":[4836,4837]}]},{\"clone_length\":3,\"clones\":[{\"psi\":\"[PsiElement(Py:LPAR), PsiElement(Py:IDENTIFIER), PsiElement(Py:LPAR)]\",\"text\":\"(\\n        Translate(\\u0027en\\u0027\",\"position\":[2231,2250]},{\"psi\":\"[PsiElement(Py:LPAR), PsiElement(Py:IDENTIFIER), PsiElement(Py:LPAR)]\",\"text\":\"(Translate(\\u0027en\\u0027\",\"position\":[2386,2396]}]},{\"clone_length\":2,\"clones\":[{\"psi\":\"[PsiElement(Py:LPAR), PsiElement(Py:IDENTIFIER)]\",\"text\":\"(self\",\"position\":[982,983]},{\"psi\":\"[PsiElement(Py:LPAR), PsiElement(Py:IDENTIFIER)]\",\"text\":\"(self\",\"position\":[3548,3549]},{\"psi\":\"[PsiElement(Py:LPAR), PsiElement(Py:IDENTIFIER), PsiElement(Py:DOT), PsiElement(Py:IDENTIFIER), PsiElement(Py:COMMA), PsiElement(Py:IDENTIFIER)]\",\"text\":\"(self.src, self\",\"position\":[4460,4471]}]},{\"clone_length\":1,\"clones\":[{\"psi\":\"[PsiElement(Py:IDENTIFIER)]\",\"text\":\"response\",\"position\":[1073,1073]},{\"psi\":\"[PsiElement(Py:IDENTIFIER)]\",\"text\":\"response\",\"position\":[3639,3639]},{\"psi\":\"[PsiElement(Py:IDENTIFIER)]\",\"text\":\"response\",\"position\":[1073,1073]},{\"psi\":\"[PsiElement(Py:IDENTIFIER)]\",\"text\":\"response\",\"position\":[3639,3639]}]},{\"clone_length\":4,\"clones\":[{\"psi\":\"[PsiElement(Py:IDENTIFIER), PsiElement(Py:EQ), PsiElement(Py:IDENTIFIER), PsiElement(Py:LPAR)]\",\"text\":\"highlight\\u003drange(\",\"position\":[5912,5927]},{\"psi\":\"[PsiElement(Py:IDENTIFIER), PsiElement(Py:EQ), PsiElement(Py:IDENTIFIER), PsiElement(Py:LPAR)]\",\"text\":\"highlight\\u003drange(\",\"position\":[6020,6035]}]},{\"clone_length\":1,\"clones\":[{\"psi\":\"[PsiElement(Py:IDENTIFIER)]\",\"text\":\"shakespeare_auf_deutsch\",\"position\":[2201,2201]},{\"psi\":\"[PsiElement(Py:IDENTIFIER)]\",\"text\":\"shakespeare_auf_deutsch\",\"position\":[2201,2201]}]},{\"clone_length\":8,\"clones\":[{\"psi\":\"[PsiElement(Py:MULT), PsiElement(Py:IDENTIFIER), PsiElement(Py:LPAR), PsiElement(Py:IDENTIFIER), PsiElement(Py:DOT), PsiElement(Py:IDENTIFIER), PsiElement(Py:COMMA), PsiElement(Py:IDENTIFIER)]\",\"text\":\"*map(self.word, words\",\"position\":[1769,1785]},{\"psi\":\"[PsiElement(Py:MULT), PsiElement(Py:IDENTIFIER), PsiElement(Py:LPAR), PsiElement(Py:IDENTIFIER), PsiElement(Py:DOT), PsiElement(Py:IDENTIFIER), PsiElement(Py:COMMA), PsiElement(Py:IDENTIFIER)]\",\"text\":\"*map(self.word, words\",\"position\":[4374,4390]}]},{\"clone_length\":5,\"clones\":[{\"psi\":\"[PsiElement(Py:AT), PsiElement(Py:IDENTIFIER), PsiElement(Py:DEF_KEYWORD), PsiElement(Py:IDENTIFIER), PsiElement(Py:LPAR)]\",\"text\":\"@schedule\\n    def word(\",\"position\":[3701,3723]},{\"psi\":\"[PsiElement(Py:AT), PsiElement(Py:IDENTIFIER), PsiElement(Py:DEF_KEYWORD), PsiElement(Py:IDENTIFIER), PsiElement(Py:LPAR)]\",\"text\":\"@schedule\\ndef format_string(\",\"position\":[2704,2731]},{\"psi\":\"[PsiElement(Py:AT), PsiElement(Py:IDENTIFIER), PsiElement(Py:DEF_KEYWORD), PsiElement(Py:IDENTIFIER), PsiElement(Py:LPAR)]\",\"text\":\"@schedule\\ndef format_string(\",\"position\":[5262,5289]},{\"psi\":\"[PsiElement(Py:AT), PsiElement(Py:IDENTIFIER), PsiElement(Py:DEF_KEYWORD), PsiElement(Py:IDENTIFIER), PsiElement(Py:LPAR)]\",\"text\":\"@schedule\\ndef word_size(\",\"position\":[5209,5232]}]},{\"clone_length\":5,\"clones\":[{\"psi\":\"[PsiElement(Py:IDENTIFIER), PsiElement(Py:RPAR), PsiElement(Py:COLON), PsiElement(Py:IDENTIFIER), PsiElement(Py:LPAR)]\",\"text\":\"poem):\\n    print(\",\"position\":[1993,2009]},{\"psi\":\"[PsiElement(Py:IDENTIFIER), PsiElement(Py:COLON), PsiElement(Py:IDENTIFIER), PsiElement(Py:LPAR)]\",\"text\":\"poem:\\n        print(\",\"position\":[2033,2052]}]},{\"clone_length\":1,\"clones\":[{\"psi\":\"[PsiElement(Py:IDENTIFIER)]\",\"text\":\"re\",\"position\":[1658,1658]},{\"psi\":\"[PsiElement(Py:IDENTIFIER)]\",\"text\":\"re\",\"position\":[4255,4255]},{\"psi\":\"[PsiElement(Py:IDENTIFIER)]\",\"text\":\"re\",\"position\":[5391,5391]},{\"psi\":\"[PsiElement(Py:IDENTIFIER)]\",\"text\":\"re\",\"position\":[6136,6136]},{\"psi\":\"[PsiElement(Py:IDENTIFIER)]\",\"text\":\"re\",\"position\":[6497,6497]},{\"psi\":\"[PsiElement(Py:IDENTIFIER)]\",\"text\":\"re\",\"position\":[6877,6877]},{\"psi\":\"[PsiElement(Py:IDENTIFIER)]\",\"text\":\"re\",\"position\":[1658,1658]},{\"psi\":\"[PsiElement(Py:IDENTIFIER)]\",\"text\":\"re\",\"position\":[4255,4255]},{\"psi\":\"[PsiElement(Py:IDENTIFIER)]\",\"text\":\"re\",\"position\":[5391,5391]},{\"psi\":\"[PsiElement(Py:IDENTIFIER)]\",\"text\":\"re\",\"position\":[6136,6136]},{\"psi\":\"[PsiElement(Py:IDENTIFIER)]\",\"text\":\"re\",\"position\":[6497,6497]},{\"psi\":\"[PsiElement(Py:IDENTIFIER)]\",\"text\":\"re\",\"position\":[6877,6877]}]},{\"clone_length\":4,\"clones\":[{\"psi\":\"[PsiElement(Py:IDENTIFIER), PsiElement(Py:DOT), PsiElement(Py:IDENTIFIER), PsiElement(Py:LPAR)]\",\"text\":\"re.sub(\",\"position\":[1658,1664]},{\"psi\":\"[PsiElement(Py:IDENTIFIER), PsiElement(Py:DOT), PsiElement(Py:IDENTIFIER), PsiElement(Py:LPAR)]\",\"text\":\"re.sub(\",\"position\":[4255,4261]},{\"psi\":\"[PsiElement(Py:IDENTIFIER), PsiElement(Py:DOT), PsiElement(Py:IDENTIFIER), PsiElement(Py:LPAR)]\",\"text\":\"re.sub(\",\"position\":[5391,5397]},{\"psi\":\"[PsiElement(Py:IDENTIFIER), PsiElement(Py:DOT), PsiElement(Py:IDENTIFIER), PsiElement(Py:LPAR)]\",\"text\":\"re.sub(\",\"position\":[6136,6142]},{\"psi\":\"[PsiElement(Py:IDENTIFIER), PsiElement(Py:DOT), PsiElement(Py:IDENTIFIER), PsiElement(Py:LPAR)]\",\"text\":\"re.sub(\",\"position\":[6497,6503]},{\"psi\":\"[PsiElement(Py:IDENTIFIER), PsiElement(Py:DOT), PsiElement(Py:IDENTIFIER), PsiElement(Py:LPAR)]\",\"text\":\"re.sub(\",\"position\":[6877,6883]},{\"psi\":\"[PsiElement(Py:IDENTIFIER), PsiElement(Py:DOT), PsiElement(Py:IDENTIFIER), PsiElement(Py:LPAR)]\",\"text\":\"re.sub(\",\"position\":[1711,1717]},{\"psi\":\"[PsiElement(Py:IDENTIFIER), PsiElement(Py:DOT), PsiElement(Py:IDENTIFIER), PsiElement(Py:LPAR)]\",\"text\":\"re.sub(\",\"position\":[4308,4314]},{\"psi\":\"[PsiElement(Py:IDENTIFIER), PsiElement(Py:DOT), PsiElement(Py:IDENTIFIER), PsiElement(Py:LPAR)]\",\"text\":\"re.sub(\",\"position\":[5440,5446]},{\"psi\":\"[PsiElement(Py:IDENTIFIER), PsiElement(Py:DOT), PsiElement(Py:IDENTIFIER), PsiElement(Py:LPAR)]\",\"text\":\"re.sub(\",\"position\":[6185,6191]}]},{\"clone_length\":4,\"clones\":[{\"psi\":\"[PsiElement(Py:IDENTIFIER), PsiElement(Py:LPAR), PsiElement(Py:IDENTIFIER), PsiElement(Py:LPAR)]\",\"text\":\"map(Translate(\\u0027en\\u0027\",\"position\":[2553,2566]},{\"psi\":\"[PsiElement(Py:IDENTIFIER), PsiElement(Py:LPAR), PsiElement(Py:IDENTIFIER), PsiElement(Py:LPAR)]\",\"text\":\"map(Translate(\\u0027en\\u0027\",\"position\":[4833,4846]}]},{\"clone_length\":3,\"clones\":[{\"psi\":\"[PsiElement(Py:IDENTIFIER), PsiElement(Py:LPAR), PsiElement(Py:IDENTIFIER)]\",\"text\":\"sub(u\",\"position\":[95,99]},{\"psi\":\"[PsiElement(Py:IDENTIFIER), PsiElement(Py:LPAR), PsiElement(Py:IDENTIFIER)]\",\"text\":\"sub(u\",\"position\":[109,113]}]},{\"clone_length\":7,\"clones\":[{\"psi\":\"[PsiElement(Py:IDENTIFIER), PsiElement(Py:DOT), PsiElement(Py:IDENTIFIER), PsiElement(Py:DOT), PsiElement(Py:IDENTIFIER), PsiElement(Py:LPAR), PsiElement(Py:IDENTIFIER)]\",\"text\":\"self.url.format(phrase\",\"position\":[983,999]},{\"psi\":\"[PsiElement(Py:IDENTIFIER), PsiElement(Py:DOT), PsiElement(Py:IDENTIFIER), PsiElement(Py:DOT), PsiElement(Py:IDENTIFIER), PsiElement(Py:LPAR), PsiElement(Py:IDENTIFIER)]\",\"text\":\"self.url.format(phrase\",\"position\":[3549,3565]},{\"psi\":\"[PsiElement(Py:IDENTIFIER), PsiElement(Py:DOT), PsiElement(Py:IDENTIFIER), PsiElement(Py:LPAR), PsiElement(Py:IDENTIFIER)]\",\"text\":\"self.query_phrase(phrase\",\"position\":[1177,1195]},{\"psi\":\"[PsiElement(Py:IDENTIFIER), PsiElement(Py:DOT), PsiElement(Py:IDENTIFIER), PsiElement(Py:LPAR), PsiElement(Py:IDENTIFIER)]\",\"text\":\"self.query_phrase(phrase\",\"position\":[3838,3856]}]},{\"clone_length\":4,\"clones\":[{\"psi\":\"[PsiElement(Py:IDENTIFIER), PsiElement(Py:LPAR), PsiElement(Py:IDENTIFIER), PsiElement(Py:EQ)]\",\"text\":\"display_workflows(\\n    prefix\\u003d\\u0027poetry\\u0027\",\"position\":[5650,5679]},{\"psi\":\"[PsiElement(Py:IDENTIFIER), PsiElement(Py:LPAR), PsiElement(Py:IDENTIFIER), PsiElement(Py:EQ)]\",\"text\":\"display_workflows(prefix\\u003d\\u0027poetry\\u0027\",\"position\":[6594,6618]}]},{\"clone_length\":4,\"clones\":[{\"psi\":\"[PsiElement(Py:IDENTIFIER), PsiElement(Py:RPAR), PsiElement(Py:IDENTIFIER), PsiElement(Py:LPAR)]\",\"text\":\"shakespeare)\\nprint_poem(\",\"position\":[2436,2459]},{\"psi\":\"[PsiElement(Py:IDENTIFIER), PsiElement(Py:RPAR), PsiElement(Py:IDENTIFIER), PsiElement(Py:LPAR)]\",\"text\":\"shakespeare)\\nprint_poem(\",\"position\":[2589,2612]}]},{\"clone_length\":21,\"clones\":[{\"psi\":\"[PsiElement(Py:IDENTIFIER), PsiElement(Py:LPAR), PsiElement(Py:IDENTIFIER), PsiElement(Py:COMMA), PsiElement(Py:MULT), PsiElement(Py:IDENTIFIER), PsiElement(Py:COMMA), PsiElement(Py:EXP), PsiElement(Py:IDENTIFIER), PsiElement(Py:RPAR), PsiElement(Py:COLON), PsiElement(Py:RETURN_KEYWORD), PsiElement(Py:IDENTIFIER), PsiElement(Py:DOT), PsiElement(Py:IDENTIFIER), PsiElement(Py:LPAR), PsiElement(Py:MULT), PsiElement(Py:IDENTIFIER), PsiElement(Py:COMMA), PsiElement(Py:EXP), PsiElement(Py:IDENTIFIER)]\",\"text\":\"format_string(s, *args, **kwargs):\\n    return s.format(*args, **kwargs\",\"position\":[2718,2782]},{\"psi\":\"[PsiElement(Py:IDENTIFIER), PsiElement(Py:LPAR), PsiElement(Py:IDENTIFIER), PsiElement(Py:COMMA), PsiElement(Py:MULT), PsiElement(Py:IDENTIFIER), PsiElement(Py:COMMA), PsiElement(Py:EXP), PsiElement(Py:IDENTIFIER), PsiElement(Py:RPAR), PsiElement(Py:COLON), PsiElement(Py:RETURN_KEYWORD), PsiElement(Py:IDENTIFIER), PsiElement(Py:DOT), PsiElement(Py:IDENTIFIER), PsiElement(Py:LPAR), PsiElement(Py:MULT), PsiElement(Py:IDENTIFIER), PsiElement(Py:COMMA), PsiElement(Py:EXP), PsiElement(Py:IDENTIFIER)]\",\"text\":\"format_string(s, *args, **kwargs):\\n    return s.format(*args, **kwargs\",\"position\":[5276,5340]}]}]}","initial_tree_length":1046,"project_name":"0771b8d594434c91507fa2f58446530fff9bb253","file_name":"0771b8d594434c91507fa2f58446530fff9bb253.ipynb.py"}