{"3":"{\"totalGroups\":44,\"totalClones\":119,\"groups\":[{\"clone_length\":10,\"clones\":[{\"psi\":\"[PsiElement(Py:IDENTIFIER), PsiElement(Py:DOT), PsiElement(Py:IDENTIFIER), PsiElement(Py:IDENTIFIER), PsiElement(Py:DOT), PsiElement(Py:IDENTIFIER), PsiElement(Py:IDENTIFIER), PsiElement(Py:DOT), PsiElement(Py:IDENTIFIER), PsiElement(Py:IDENTIFIER)]\",\"text\":\"cl.GAMSmooth\\ncl.GlobalSumPooling1D\\ncl.InputDNA\\ncl\",\"position\":[340,387]},{\"psi\":\"[PsiElement(Py:IDENTIFIER), PsiElement(Py:DOT), PsiElement(Py:IDENTIFIER), PsiElement(Py:IDENTIFIER), PsiElement(Py:DOT), PsiElement(Py:IDENTIFIER), PsiElement(Py:IDENTIFIER), PsiElement(Py:DOT), PsiElement(Py:IDENTIFIER), PsiElement(Py:IDENTIFIER)]\",\"text\":\"cl.GAMSmooth\\ncl.GlobalSumPooling1D\\ncl.InputDNA\\ncl\",\"position\":[340,387]}]},{\"clone_length\":3,\"clones\":[{\"psi\":\"[PsiElement(Py:IDENTIFIER), PsiElement(Py:COMMA), PsiElement(Py:IDENTIFIER)]\",\"text\":\"attract, encode\",\"position\":[257,266]},{\"psi\":\"[PsiElement(Py:IDENTIFIER), PsiElement(Py:IDENTIFIER)]\",\"text\":\"attract\\nencode\",\"position\":[592,600]}]},{\"clone_length\":1,\"clones\":[{\"psi\":\"[PsiElement(Py:IDENTIFIER)]\",\"text\":\"attract\",\"position\":[632,632]},{\"psi\":\"[PsiElement(Py:IDENTIFIER)]\",\"text\":\"attract\",\"position\":[632,632]}]},{\"clone_length\":3,\"clones\":[{\"psi\":\"[PsiElement(Py:IDENTIFIER), PsiElement(Py:EQ), PsiElement(Py:LBRACKET)]\",\"text\":\"motifs \\u003d [\\\"TTAATGA\\\"\",\"position\":[1121,1130]},{\"psi\":\"[PsiElement(Py:IDENTIFIER), PsiElement(Py:EQ), PsiElement(Py:LBRACKET)]\",\"text\":\"motifs \\u003d [\\\"TTAATGA\\\"\",\"position\":[4372,4381]}]},{\"clone_length\":10,\"clones\":[{\"psi\":\"[PsiElement(Py:IDENTIFIER), PsiElement(Py:LBRACKET), PsiElement(Py:INTEGER_LITERAL), PsiElement(Py:RBRACKET), PsiElement(Py:RPAR), PsiElement(Py:IDENTIFIER), PsiElement(Py:DOT), PsiElement(Py:IDENTIFIER), PsiElement(Py:LPAR), PsiElement(Py:IDENTIFIER)]\",\"text\":\"motifs[0])\\nplt.plot(positions\",\"position\":[6787,6807]},{\"psi\":\"[PsiElement(Py:IDENTIFIER), PsiElement(Py:LBRACKET), PsiElement(Py:INTEGER_LITERAL), PsiElement(Py:RBRACKET), PsiElement(Py:RPAR), PsiElement(Py:IDENTIFIER), PsiElement(Py:DOT), PsiElement(Py:IDENTIFIER), PsiElement(Py:LPAR), PsiElement(Py:IDENTIFIER)]\",\"text\":\"motifs[0])\\nplt.plot(positions\",\"position\":[6944,6964]}]},{\"clone_length\":9,\"clones\":[{\"psi\":\"[PsiElement(Py:IDENTIFIER), PsiElement(Py:LBRACKET), PsiElement(Py:INTEGER_LITERAL), PsiElement(Py:RBRACKET), PsiElement(Py:RPAR), PsiElement(Py:IDENTIFIER), PsiElement(Py:DOT), PsiElement(Py:IDENTIFIER), PsiElement(Py:LPAR)]\",\"text\":\"motifs[1])\\nplt.plot(\",\"position\":[6865,6884]},{\"psi\":\"[PsiElement(Py:IDENTIFIER), PsiElement(Py:LBRACKET), PsiElement(Py:INTEGER_LITERAL), PsiElement(Py:RBRACKET), PsiElement(Py:RPAR), PsiElement(Py:IDENTIFIER), PsiElement(Py:DOT), PsiElement(Py:IDENTIFIER), PsiElement(Py:LPAR)]\",\"text\":\"motifs[1])\\nplt.ylabel(\",\"position\":[7023,7044]}]},{\"clone_length\":10,\"clones\":[{\"psi\":\"[PsiElement(Py:LAMBDA_KEYWORD), PsiElement(Py:IDENTIFIER), PsiElement(Py:COLON), PsiElement(Py:FLOAT_LITERAL), PsiElement(Py:MULT), PsiElement(Py:IDENTIFIER), PsiElement(Py:DOT), PsiElement(Py:IDENTIFIER), PsiElement(Py:LPAR), PsiElement(Py:IDENTIFIER)]\",\"text\":\"lambda x: 0.3*norm.pdf(x\",\"position\":[3696,3719]},{\"psi\":\"[PsiElement(Py:LAMBDA_KEYWORD), PsiElement(Py:IDENTIFIER), PsiElement(Py:COLON), PsiElement(Py:FLOAT_LITERAL), PsiElement(Py:MULT), PsiElement(Py:IDENTIFIER), PsiElement(Py:DOT), PsiElement(Py:IDENTIFIER), PsiElement(Py:LPAR), PsiElement(Py:IDENTIFIER)]\",\"text\":\"lambda x: 0.3*norm.pdf(x\",\"position\":[6314,6337]},{\"psi\":\"[PsiElement(Py:LAMBDA_KEYWORD), PsiElement(Py:IDENTIFIER), PsiElement(Py:COLON), PsiElement(Py:FLOAT_LITERAL), PsiElement(Py:MULT), PsiElement(Py:IDENTIFIER), PsiElement(Py:DOT), PsiElement(Py:IDENTIFIER), PsiElement(Py:LPAR), PsiElement(Py:IDENTIFIER)]\",\"text\":\"lambda x: 0.3*norm.pdf(x\",\"position\":[6443,6466]}]},{\"clone_length\":28,\"clones\":[{\"psi\":\"[PsiElement(Py:LAMBDA_KEYWORD), PsiElement(Py:IDENTIFIER), PsiElement(Py:COLON), PsiElement(Py:FLOAT_LITERAL), PsiElement(Py:MULT), PsiElement(Py:IDENTIFIER), PsiElement(Py:DOT), PsiElement(Py:IDENTIFIER), PsiElement(Py:LPAR), PsiElement(Py:IDENTIFIER), PsiElement(Py:COMMA), PsiElement(Py:FLOAT_LITERAL), PsiElement(Py:COMMA), PsiElement(Py:FLOAT_LITERAL), PsiElement(Py:RPAR), PsiElement(Py:PLUS), PsiElement(Py:FLOAT_LITERAL), PsiElement(Py:MULT), PsiElement(Py:IDENTIFIER), PsiElement(Py:DOT), PsiElement(Py:IDENTIFIER), PsiElement(Py:LPAR), PsiElement(Py:INTEGER_LITERAL), PsiElement(Py:MULT), PsiElement(Py:IDENTIFIER), PsiElement(Py:RPAR), PsiElement(Py:PLUS), PsiElement(Py:FLOAT_LITERAL)]\",\"text\":\"lambda x: 0.3*norm.pdf(x, 0.2, 0.1) + 0.05*np.sin(15*x) + 0.8\",\"position\":[3696,3754]},{\"psi\":\"[PsiElement(Py:LAMBDA_KEYWORD), PsiElement(Py:IDENTIFIER), PsiElement(Py:COLON), PsiElement(Py:FLOAT_LITERAL), PsiElement(Py:MULT), PsiElement(Py:IDENTIFIER), PsiElement(Py:DOT), PsiElement(Py:IDENTIFIER), PsiElement(Py:LPAR), PsiElement(Py:IDENTIFIER), PsiElement(Py:COMMA), PsiElement(Py:FLOAT_LITERAL), PsiElement(Py:COMMA), PsiElement(Py:FLOAT_LITERAL), PsiElement(Py:RPAR), PsiElement(Py:PLUS), PsiElement(Py:FLOAT_LITERAL), PsiElement(Py:MULT), PsiElement(Py:IDENTIFIER), PsiElement(Py:DOT), PsiElement(Py:IDENTIFIER), PsiElement(Py:LPAR), PsiElement(Py:INTEGER_LITERAL), PsiElement(Py:MULT), PsiElement(Py:IDENTIFIER), PsiElement(Py:RPAR), PsiElement(Py:PLUS), PsiElement(Py:FLOAT_LITERAL)]\",\"text\":\"lambda x: 0.3*norm.pdf(x, 0.2, 0.1) + 0.05*np.sin(15*x) + 0.8\",\"position\":[6314,6372]}]},{\"clone_length\":2,\"clones\":[{\"psi\":\"[PsiElement(Py:IDENTIFIER), PsiElement(Py:IDENTIFIER)]\",\"text\":\"pwm_list\\n# [___CELL_SEPARATOR___]\\npwm_list\",\"position\":[1503,1537]},{\"psi\":\"[PsiElement(Py:IDENTIFIER), PsiElement(Py:IDENTIFIER)]\",\"text\":\"pwm_list\\n# [___CELL_SEPARATOR___]\\npwm_list\",\"position\":[1503,1537]}]},{\"clone_length\":30,\"clones\":[{\"psi\":\"[PsiElement(Py:IDENTIFIER), PsiElement(Py:EQ), PsiElement(Py:IDENTIFIER), PsiElement(Py:DOT), PsiElement(Py:IDENTIFIER), PsiElement(Py:LPAR), PsiElement(Py:IDENTIFIER), PsiElement(Py:RPAR), PsiElement(Py:IDENTIFIER), PsiElement(Py:DOT), PsiElement(Py:IDENTIFIER), PsiElement(Py:LPAR), PsiElement(Py:IDENTIFIER), PsiElement(Py:COMMA), PsiElement(Py:IDENTIFIER), PsiElement(Py:RPAR), PsiElement(Py:IDENTIFIER), PsiElement(Py:DOT), PsiElement(Py:IDENTIFIER), PsiElement(Py:LPAR), PsiElement(Py:RPAR), PsiElement(Py:IDENTIFIER), PsiElement(Py:DOT), PsiElement(Py:IDENTIFIER), PsiElement(Py:LPAR), PsiElement(Py:RPAR), PsiElement(Py:IDENTIFIER), PsiElement(Py:DOT), PsiElement(Py:IDENTIFIER), PsiElement(Py:LPAR)]\",\"text\":\"y_pred \\u003d model.predict(x_seq)\\nplt.scatter(y_pred, y)\\nplt.xlabel(\\\"Predicted\\\")\\nplt.ylabel(\\\"True\\\")\\nplt.title(\\\"True vs predicted\\\"\",\"position\":[3154,3259]},{\"psi\":\"[PsiElement(Py:IDENTIFIER), PsiElement(Py:EQ), PsiElement(Py:IDENTIFIER), PsiElement(Py:DOT), PsiElement(Py:IDENTIFIER), PsiElement(Py:LPAR), PsiElement(Py:IDENTIFIER), PsiElement(Py:RPAR), PsiElement(Py:IDENTIFIER), PsiElement(Py:DOT), PsiElement(Py:IDENTIFIER), PsiElement(Py:LPAR), PsiElement(Py:IDENTIFIER), PsiElement(Py:COMMA), PsiElement(Py:IDENTIFIER), PsiElement(Py:RPAR), PsiElement(Py:IDENTIFIER), PsiElement(Py:DOT), PsiElement(Py:IDENTIFIER), PsiElement(Py:LPAR), PsiElement(Py:RPAR), PsiElement(Py:IDENTIFIER), PsiElement(Py:DOT), PsiElement(Py:IDENTIFIER), PsiElement(Py:LPAR), PsiElement(Py:RPAR), PsiElement(Py:IDENTIFIER), PsiElement(Py:DOT), PsiElement(Py:IDENTIFIER), PsiElement(Py:LPAR)]\",\"text\":\"y_pred \\u003d model.predict(x_seq)\\nplt.scatter(y_pred, y)\\nplt.xlabel(\\\"Predicted\\\")\\nplt.ylabel(\\\"True\\\")\\nplt.title(\\\"True vs predicted\\\"\",\"position\":[5784,5889]}]},{\"clone_length\":4,\"clones\":[{\"psi\":\"[PsiElement(Py:LPAR), PsiElement(Py:IDENTIFIER), PsiElement(Py:RPAR), PsiElement(Py:IDENTIFIER)]\",\"text\":\"(x)\\nx\",\"position\":[2277,2281]},{\"psi\":\"[PsiElement(Py:LPAR), PsiElement(Py:IDENTIFIER), PsiElement(Py:RPAR), PsiElement(Py:IDENTIFIER)]\",\"text\":\"(x)\\nx\",\"position\":[5294,5298]},{\"psi\":\"[PsiElement(Py:LPAR), PsiElement(Py:IDENTIFIER), PsiElement(Py:RPAR), PsiElement(Py:IDENTIFIER)]\",\"text\":\"(x)\\nx\",\"position\":[2308,2312]},{\"psi\":\"[PsiElement(Py:LPAR), PsiElement(Py:IDENTIFIER), PsiElement(Py:RPAR), PsiElement(Py:IDENTIFIER)]\",\"text\":\"(x)\\nx\",\"position\":[5325,5329]}]},{\"clone_length\":3,\"clones\":[{\"psi\":\"[PsiElement(Py:LPAR), PsiElement(Py:RPAR), PsiElement(Py:IDENTIFIER)]\",\"text\":\"()\\n# [___CELL_SEPARATOR___]\\n# plot the filters\\nmodel\",\"position\":[4034,4081]},{\"psi\":\"[PsiElement(Py:LPAR), PsiElement(Py:RPAR), PsiElement(Py:IDENTIFIER)]\",\"text\":\"()\\n# [___CELL_SEPARATOR___]\\nmodel\",\"position\":[5592,5620]}]},{\"clone_length\":6,\"clones\":[{\"psi\":\"[PsiElement(Py:LPAR), PsiElement(Py:RPAR), PsiElement(Py:IDENTIFIER), PsiElement(Py:DOT), PsiElement(Py:IDENTIFIER), PsiElement(Py:LPAR)]\",\"text\":\"()\\nplt.title(\",\"position\":[3443,3455]},{\"psi\":\"[PsiElement(Py:LPAR), PsiElement(Py:RPAR), PsiElement(Py:RPAR), PsiElement(Py:IDENTIFIER), PsiElement(Py:DOT), PsiElement(Py:IDENTIFIER), PsiElement(Py:LPAR)]\",\"text\":\"())\\n\\n# plot\\nplt.plot(\",\"position\":[3812,3832]}]},{\"clone_length\":7,\"clones\":[{\"psi\":\"[PsiElement(Py:LPAR), PsiElement(Py:IDENTIFIER), PsiElement(Py:DIV), PsiElement(Py:IDENTIFIER), PsiElement(Py:DOT), PsiElement(Py:IDENTIFIER), PsiElement(Py:LPAR)]\",\"text\":\"(positions / positions.max(\",\"position\":[3786,3812]},{\"psi\":\"[PsiElement(Py:LPAR), PsiElement(Py:IDENTIFIER), PsiElement(Py:DIV), PsiElement(Py:IDENTIFIER), PsiElement(Py:DOT), PsiElement(Py:IDENTIFIER), PsiElement(Py:LPAR)]\",\"text\":\"(positions / positions.max(\",\"position\":[6536,6562]},{\"psi\":\"[PsiElement(Py:LPAR), PsiElement(Py:IDENTIFIER), PsiElement(Py:DIV), PsiElement(Py:IDENTIFIER), PsiElement(Py:DOT), PsiElement(Py:IDENTIFIER), PsiElement(Py:LPAR)]\",\"text\":\"(positions / positions.max(\",\"position\":[6406,6432]}]},{\"clone_length\":14,\"clones\":[{\"psi\":\"[PsiElement(Py:LPAR), PsiElement(Py:IDENTIFIER), PsiElement(Py:RPAR), PsiElement(Py:IDENTIFIER), PsiElement(Py:EQ), PsiElement(Py:IDENTIFIER), PsiElement(Py:DOT), PsiElement(Py:IDENTIFIER), PsiElement(Py:LPAR), PsiElement(Py:IDENTIFIER), PsiElement(Py:EQ), PsiElement(Py:INTEGER_LITERAL), PsiElement(Py:COMMA), PsiElement(Py:IDENTIFIER)]\",\"text\":\"(input_dna)\\n\\n## Smoothing layer - positional-dependent effect\\n# output \\u003d input * (1+ pos_effect)\\nx \\u003d cl.GAMSmooth(n_bases\\u003d10, l2_smooth\",\"position\":[2130,2256]},{\"psi\":\"[PsiElement(Py:LPAR), PsiElement(Py:IDENTIFIER), PsiElement(Py:RPAR), PsiElement(Py:IDENTIFIER), PsiElement(Py:EQ), PsiElement(Py:IDENTIFIER), PsiElement(Py:DOT), PsiElement(Py:IDENTIFIER), PsiElement(Py:LPAR), PsiElement(Py:IDENTIFIER), PsiElement(Py:EQ), PsiElement(Py:INTEGER_LITERAL), PsiElement(Py:COMMA), PsiElement(Py:IDENTIFIER)]\",\"text\":\"(input_dna)\\n## Smoothing layer - positional-dependent effect\\nx \\u003d cl.GAMSmooth(n_bases\\u003d10, l2_smooth\",\"position\":[5183,5273]}]},{\"clone_length\":14,\"clones\":[{\"psi\":\"[PsiElement(Py:IDENTIFIER), PsiElement(Py:EQ), PsiElement(Py:IDENTIFIER), PsiElement(Py:COMMA), PsiElement(Py:IDENTIFIER), PsiElement(Py:EQ), PsiElement(Py:COMMA), PsiElement(Py:IDENTIFIER), PsiElement(Py:EQ), PsiElement(Py:IDENTIFIER), PsiElement(Py:DOT), PsiElement(Py:IDENTIFIER), PsiElement(Py:LPAR), PsiElement(Py:IDENTIFIER)]\",\"text\":\"kernel_size\\u003dmotif_width, ## motif width\\n               activation\\u003d\\\"relu\\\", \\n               kernel_initializer\\u003dci.PSSMKernelInitializer(pwm_list\",\"position\":[1765,1899]},{\"psi\":\"[PsiElement(Py:IDENTIFIER), PsiElement(Py:EQ), PsiElement(Py:IDENTIFIER), PsiElement(Py:COMMA), PsiElement(Py:IDENTIFIER), PsiElement(Py:EQ), PsiElement(Py:COMMA), PsiElement(Py:IDENTIFIER), PsiElement(Py:EQ), PsiElement(Py:IDENTIFIER), PsiElement(Py:DOT), PsiElement(Py:IDENTIFIER), PsiElement(Py:LPAR), PsiElement(Py:IDENTIFIER)]\",\"text\":\"kernel_size\\u003dmotif_width, ## motif width\\n               activation\\u003d\\\"relu\\\", \\n               kernel_initializer\\u003dci.PWMKernelInitializer(pwm_list\",\"position\":[4771,4904]}]},{\"clone_length\":4,\"clones\":[{\"psi\":\"[PsiElement(Py:IDENTIFIER), PsiElement(Py:DOT), PsiElement(Py:IDENTIFIER), PsiElement(Py:IDENTIFIER)]\",\"text\":\"ci.PSSMKernelInitializer\\nci\",\"position\":[421,446]},{\"psi\":\"[PsiElement(Py:IDENTIFIER), PsiElement(Py:DOT), PsiElement(Py:IDENTIFIER), PsiElement(Py:IDENTIFIER)]\",\"text\":\"ci.PSSMKernelInitializer\\nci\",\"position\":[421,446]}]},{\"clone_length\":6,\"clones\":[{\"psi\":\"[PsiElement(Py:IDENTIFIER), PsiElement(Py:EQ), PsiElement(Py:IDENTIFIER), PsiElement(Py:DOT), PsiElement(Py:IDENTIFIER), PsiElement(Py:LPAR)]\",\"text\":\"x \\u003d cl.GAMSmooth(\",\"position\":[2227,2243]},{\"psi\":\"[PsiElement(Py:IDENTIFIER), PsiElement(Py:EQ), PsiElement(Py:IDENTIFIER), PsiElement(Py:DOT), PsiElement(Py:IDENTIFIER), PsiElement(Py:LPAR)]\",\"text\":\"x \\u003d cl.GAMSmooth(\",\"position\":[5244,5260]},{\"psi\":\"[PsiElement(Py:IDENTIFIER), PsiElement(Py:EQ), PsiElement(Py:IDENTIFIER), PsiElement(Py:DOT), PsiElement(Py:IDENTIFIER), PsiElement(Py:LPAR)]\",\"text\":\"x \\u003d cl.ConvDNA(\",\"position\":[1723,1737]},{\"psi\":\"[PsiElement(Py:IDENTIFIER), PsiElement(Py:EQ), PsiElement(Py:IDENTIFIER), PsiElement(Py:DOT), PsiElement(Py:IDENTIFIER), PsiElement(Py:LPAR)]\",\"text\":\"x \\u003d cl.ConvDNA(\",\"position\":[4729,4743]},{\"psi\":\"[PsiElement(Py:IDENTIFIER), PsiElement(Py:EQ), PsiElement(Py:IDENTIFIER), PsiElement(Py:DOT), PsiElement(Py:IDENTIFIER), PsiElement(Py:LPAR)]\",\"text\":\"x \\u003d cl.GlobalSumPooling1D(\",\"position\":[2281,2306]},{\"psi\":\"[PsiElement(Py:IDENTIFIER), PsiElement(Py:EQ), PsiElement(Py:IDENTIFIER), PsiElement(Py:DOT), PsiElement(Py:IDENTIFIER), PsiElement(Py:LPAR)]\",\"text\":\"x \\u003d cl.GlobalSumPooling1D(\",\"position\":[5298,5323]}]},{\"clone_length\":7,\"clones\":[{\"psi\":\"[PsiElement(Py:IDENTIFIER), PsiElement(Py:EQ), PsiElement(Py:IDENTIFIER), PsiElement(Py:DOT), PsiElement(Py:IDENTIFIER), PsiElement(Py:LPAR), PsiElement(Py:IDENTIFIER)]\",\"text\":\"dt \\u003d pd.read_csv(data_dir\",\"position\":[1066,1083]},{\"psi\":\"[PsiElement(Py:IDENTIFIER), PsiElement(Py:EQ), PsiElement(Py:IDENTIFIER), PsiElement(Py:DOT), PsiElement(Py:IDENTIFIER), PsiElement(Py:LPAR), PsiElement(Py:IDENTIFIER)]\",\"text\":\"dt \\u003d pd.read_csv(data_dir\",\"position\":[4317,4334]}]},{\"clone_length\":50,\"clones\":[{\"psi\":\"[PsiElement(Py:IDENTIFIER), PsiElement(Py:EQ), PsiElement(Py:INTEGER_LITERAL), PsiElement(Py:RPAR), PsiElement(Py:LPAR), PsiElement(Py:IDENTIFIER), PsiElement(Py:RPAR), PsiElement(Py:IDENTIFIER), PsiElement(Py:EQ), PsiElement(Py:IDENTIFIER), PsiElement(Py:DOT), PsiElement(Py:IDENTIFIER), PsiElement(Py:LPAR), PsiElement(Py:RPAR), PsiElement(Py:LPAR), PsiElement(Py:IDENTIFIER), PsiElement(Py:RPAR), PsiElement(Py:IDENTIFIER), PsiElement(Py:EQ), PsiElement(Py:IDENTIFIER), PsiElement(Py:DOT), PsiElement(Py:IDENTIFIER), PsiElement(Py:LPAR), PsiElement(Py:IDENTIFIER), PsiElement(Py:EQ), PsiElement(Py:INTEGER_LITERAL), PsiElement(Py:COMMA), PsiElement(Py:IDENTIFIER), PsiElement(Py:EQ), PsiElement(Py:RPAR), PsiElement(Py:LPAR), PsiElement(Py:IDENTIFIER), PsiElement(Py:RPAR), PsiElement(Py:IDENTIFIER), PsiElement(Py:EQ), PsiElement(Py:IDENTIFIER), PsiElement(Py:LPAR), PsiElement(Py:IDENTIFIER), PsiElement(Py:EQ), PsiElement(Py:IDENTIFIER), PsiElement(Py:COMMA), PsiElement(Py:IDENTIFIER), PsiElement(Py:EQ), PsiElement(Py:IDENTIFIER), PsiElement(Py:RPAR), PsiElement(Py:IDENTIFIER), PsiElement(Py:DOT), PsiElement(Py:IDENTIFIER), PsiElement(Py:LPAR), PsiElement(Py:IDENTIFIER)]\",\"text\":\"l2\\u003d0)(x)\\nx \\u003d cl.GlobalSumPooling1D()(x)\\nx \\u003d kl.Dense(units\\u003d1,activation\\u003d\\\"linear\\\")(x)\\nmodel \\u003d Model(inputs\\u003dinput_dna, outputs\\u003dx)\\n\\n# compile the model\\nmodel.compile(optimizer\",\"position\":[2272,2435]},{\"psi\":\"[PsiElement(Py:IDENTIFIER), PsiElement(Py:EQ), PsiElement(Py:INTEGER_LITERAL), PsiElement(Py:RPAR), PsiElement(Py:LPAR), PsiElement(Py:IDENTIFIER), PsiElement(Py:RPAR), PsiElement(Py:IDENTIFIER), PsiElement(Py:EQ), PsiElement(Py:IDENTIFIER), PsiElement(Py:DOT), PsiElement(Py:IDENTIFIER), PsiElement(Py:LPAR), PsiElement(Py:RPAR), PsiElement(Py:LPAR), PsiElement(Py:IDENTIFIER), PsiElement(Py:RPAR), PsiElement(Py:IDENTIFIER), PsiElement(Py:EQ), PsiElement(Py:IDENTIFIER), PsiElement(Py:DOT), PsiElement(Py:IDENTIFIER), PsiElement(Py:LPAR), PsiElement(Py:IDENTIFIER), PsiElement(Py:EQ), PsiElement(Py:INTEGER_LITERAL), PsiElement(Py:COMMA), PsiElement(Py:IDENTIFIER), PsiElement(Py:EQ), PsiElement(Py:RPAR), PsiElement(Py:LPAR), PsiElement(Py:IDENTIFIER), PsiElement(Py:RPAR), PsiElement(Py:IDENTIFIER), PsiElement(Py:EQ), PsiElement(Py:IDENTIFIER), PsiElement(Py:LPAR), PsiElement(Py:IDENTIFIER), PsiElement(Py:EQ), PsiElement(Py:IDENTIFIER), PsiElement(Py:COMMA), PsiElement(Py:IDENTIFIER), PsiElement(Py:EQ), PsiElement(Py:IDENTIFIER), PsiElement(Py:RPAR), PsiElement(Py:IDENTIFIER), PsiElement(Py:DOT), PsiElement(Py:IDENTIFIER), PsiElement(Py:LPAR), PsiElement(Py:IDENTIFIER)]\",\"text\":\"l2\\u003d0)(x)\\nx \\u003d cl.GlobalSumPooling1D()(x)\\nx \\u003d kl.Dense(units\\u003d1,activation\\u003d\\\"linear\\\")(x)\\nmodel \\u003d Model(inputs\\u003dinput_dna, outputs\\u003dx)\\n\\n# compile the model\\nmodel.compile(optimizer\",\"position\":[5289,5452]}]},{\"clone_length\":1,\"clones\":[{\"psi\":\"[PsiElement(Py:IDENTIFIER)]\",\"text\":\"np\",\"position\":[1584,1584]},{\"psi\":\"[PsiElement(Py:IDENTIFIER)]\",\"text\":\"np\",\"position\":[4619,4619]},{\"psi\":\"[PsiElement(Py:IDENTIFIER)]\",\"text\":\"np\",\"position\":[1584,1584]},{\"psi\":\"[PsiElement(Py:IDENTIFIER)]\",\"text\":\"np\",\"position\":[4619,4619]}]},{\"clone_length\":6,\"clones\":[{\"psi\":\"[PsiElement(Py:IDENTIFIER), PsiElement(Py:DOT), PsiElement(Py:IDENTIFIER), PsiElement(Py:DOT), PsiElement(Py:IDENTIFIER), PsiElement(Py:LPAR)]\",\"text\":\"np.random.seed(\",\"position\":[1584,1598]},{\"psi\":\"[PsiElement(Py:IDENTIFIER), PsiElement(Py:DOT), PsiElement(Py:IDENTIFIER), PsiElement(Py:DOT), PsiElement(Py:IDENTIFIER), PsiElement(Py:LPAR)]\",\"text\":\"np.random.seed(\",\"position\":[4619,4633]}]},{\"clone_length\":4,\"clones\":[{\"psi\":\"[PsiElement(Py:IDENTIFIER), PsiElement(Py:DOT), PsiElement(Py:IDENTIFIER), PsiElement(Py:LPAR)]\",\"text\":\"plt.title(\\\"Positional effect\\\"\",\"position\":[3446,3455]},{\"psi\":\"[PsiElement(Py:IDENTIFIER), PsiElement(Py:DOT), PsiElement(Py:IDENTIFIER), PsiElement(Py:LPAR)]\",\"text\":\"plt.title(\\\"Positional effect\\\"\",\"position\":[3993,4002]},{\"psi\":\"[PsiElement(Py:IDENTIFIER), PsiElement(Py:DOT), PsiElement(Py:IDENTIFIER), PsiElement(Py:LPAR)]\",\"text\":\"plt.title(\\\"Positional effect\\\"\",\"position\":[7089,7098]}]},{\"clone_length\":19,\"clones\":[{\"psi\":\"[PsiElement(Py:IDENTIFIER), PsiElement(Py:DOT), PsiElement(Py:IDENTIFIER), PsiElement(Py:LPAR), PsiElement(Py:RPAR), PsiElement(Py:IDENTIFIER), PsiElement(Py:DOT), PsiElement(Py:IDENTIFIER), PsiElement(Py:LPAR), PsiElement(Py:RPAR), PsiElement(Py:IDENTIFIER), PsiElement(Py:DOT), PsiElement(Py:IDENTIFIER), PsiElement(Py:LPAR), PsiElement(Py:RPAR), PsiElement(Py:IDENTIFIER), PsiElement(Py:DOT), PsiElement(Py:IDENTIFIER), PsiElement(Py:LPAR)]\",\"text\":\"plt.ylabel(\\u0027Positional effect\\u0027)\\nplt.xlabel(\\u0027Position\\u0027)\\nplt.title(\\\"Positional effect\\\")\\nplt.legend(\",\"position\":[3938,4034]},{\"psi\":\"[PsiElement(Py:IDENTIFIER), PsiElement(Py:DOT), PsiElement(Py:IDENTIFIER), PsiElement(Py:LPAR), PsiElement(Py:RPAR), PsiElement(Py:IDENTIFIER), PsiElement(Py:DOT), PsiElement(Py:IDENTIFIER), PsiElement(Py:LPAR), PsiElement(Py:RPAR), PsiElement(Py:IDENTIFIER), PsiElement(Py:DOT), PsiElement(Py:IDENTIFIER), PsiElement(Py:LPAR), PsiElement(Py:RPAR), PsiElement(Py:IDENTIFIER), PsiElement(Py:DOT), PsiElement(Py:IDENTIFIER), PsiElement(Py:LPAR)]\",\"text\":\"plt.ylabel(\\u0027Positional effect\\u0027)\\nplt.xlabel(\\u0027Position\\u0027)\\nplt.title(\\\"Positional effect\\\")\\nplt.legend(\",\"position\":[7034,7130]}]},{\"clone_length\":9,\"clones\":[{\"psi\":\"[PsiElement(Py:IDENTIFIER), PsiElement(Py:DOT), PsiElement(Py:IDENTIFIER), PsiElement(Py:LPAR), PsiElement(Py:IDENTIFIER), PsiElement(Py:COMMA), PsiElement(Py:IDENTIFIER), PsiElement(Py:LBRACKET), PsiElement(Py:COLON)]\",\"text\":\"plt.plot(positions, pos_effect_calibrated[:\",\"position\":[6720,6762]},{\"psi\":\"[PsiElement(Py:IDENTIFIER), PsiElement(Py:DOT), PsiElement(Py:IDENTIFIER), PsiElement(Py:LPAR), PsiElement(Py:IDENTIFIER), PsiElement(Py:COMMA), PsiElement(Py:IDENTIFIER), PsiElement(Py:LBRACKET), PsiElement(Py:COLON)]\",\"text\":\"plt.plot(positions, pos_effect_calibrated[:\",\"position\":[6798,6840]}]},{\"clone_length\":7,\"clones\":[{\"psi\":\"[PsiElement(Py:IDENTIFIER), PsiElement(Py:EQ), PsiElement(Py:COMMA), PsiElement(Py:IDENTIFIER), PsiElement(Py:EQ), PsiElement(Py:LBRACKET), PsiElement(Py:IDENTIFIER)]\",\"text\":\"loss\\u003d\\\"mse\\\", metrics\\u003d[cm\",\"position\":[2453,2474]},{\"psi\":\"[PsiElement(Py:IDENTIFIER), PsiElement(Py:EQ), PsiElement(Py:COMMA), PsiElement(Py:IDENTIFIER), PsiElement(Py:EQ), PsiElement(Py:LBRACKET), PsiElement(Py:IDENTIFIER)]\",\"text\":\"loss\\u003d\\\"mse\\\", metrics\\u003d[cm\",\"position\":[5480,5501]}]},{\"clone_length\":1,\"clones\":[{\"psi\":\"[PsiElement(Py:IDENTIFIER)]\",\"text\":\"model\",\"position\":[4081,4081]},{\"psi\":\"[PsiElement(Py:IDENTIFIER)]\",\"text\":\"model\",\"position\":[4133,4133]},{\"psi\":\"[PsiElement(Py:IDENTIFIER)]\",\"text\":\"model\",\"position\":[4185,4185]},{\"psi\":\"[PsiElement(Py:IDENTIFIER)]\",\"text\":\"model\",\"position\":[4242,4242]},{\"psi\":\"[PsiElement(Py:IDENTIFIER)]\",\"text\":\"model\",\"position\":[4081,4081]},{\"psi\":\"[PsiElement(Py:IDENTIFIER)]\",\"text\":\"model\",\"position\":[4133,4133]},{\"psi\":\"[PsiElement(Py:IDENTIFIER)]\",\"text\":\"model\",\"position\":[4185,4185]},{\"psi\":\"[PsiElement(Py:IDENTIFIER)]\",\"text\":\"model\",\"position\":[4242,4242]}]},{\"clone_length\":10,\"clones\":[{\"psi\":\"[PsiElement(Py:IDENTIFIER), PsiElement(Py:DOT), PsiElement(Py:IDENTIFIER), PsiElement(Py:LBRACKET), PsiElement(Py:INTEGER_LITERAL), PsiElement(Py:RBRACKET), PsiElement(Py:DOT), PsiElement(Py:IDENTIFIER), PsiElement(Py:LPAR), PsiElement(Py:IDENTIFIER)]\",\"text\":\"model.layers[1].plot_weights(plot_type\",\"position\":[4081,4110]},{\"psi\":\"[PsiElement(Py:IDENTIFIER), PsiElement(Py:DOT), PsiElement(Py:IDENTIFIER), PsiElement(Py:LBRACKET), PsiElement(Py:INTEGER_LITERAL), PsiElement(Py:RBRACKET), PsiElement(Py:DOT), PsiElement(Py:IDENTIFIER), PsiElement(Py:LPAR), PsiElement(Py:IDENTIFIER)]\",\"text\":\"model.layers[1].plot_weights(plot_type\",\"position\":[4133,4162]},{\"psi\":\"[PsiElement(Py:IDENTIFIER), PsiElement(Py:DOT), PsiElement(Py:IDENTIFIER), PsiElement(Py:LBRACKET), PsiElement(Py:INTEGER_LITERAL), PsiElement(Py:RBRACKET), PsiElement(Py:DOT), PsiElement(Py:IDENTIFIER), PsiElement(Py:LPAR), PsiElement(Py:IDENTIFIER)]\",\"text\":\"model.layers[1].plot_weights(plot_type\",\"position\":[4185,4214]},{\"psi\":\"[PsiElement(Py:IDENTIFIER), PsiElement(Py:DOT), PsiElement(Py:IDENTIFIER), PsiElement(Py:LBRACKET), PsiElement(Py:INTEGER_LITERAL), PsiElement(Py:RBRACKET), PsiElement(Py:DOT), PsiElement(Py:IDENTIFIER), PsiElement(Py:LPAR), PsiElement(Py:IDENTIFIER)]\",\"text\":\"model.layers[1].plot_weights(plot_type\",\"position\":[4242,4271]}]},{\"clone_length\":4,\"clones\":[{\"psi\":\"[PsiElement(Py:IDENTIFIER), PsiElement(Py:DOT), PsiElement(Py:IDENTIFIER), PsiElement(Py:LPAR)]\",\"text\":\"model.save(\",\"position\":[2750,2760]},{\"psi\":\"[PsiElement(Py:IDENTIFIER), PsiElement(Py:DOT), PsiElement(Py:IDENTIFIER), PsiElement(Py:LPAR)]\",\"text\":\"model.fit(\",\"position\":[2589,2598]},{\"psi\":\"[PsiElement(Py:IDENTIFIER), PsiElement(Py:DOT), PsiElement(Py:IDENTIFIER), PsiElement(Py:LPAR)]\",\"text\":\"model.fit(\",\"position\":[5620,5629]},{\"psi\":\"[PsiElement(Py:IDENTIFIER), PsiElement(Py:DOT), PsiElement(Py:IDENTIFIER), PsiElement(Py:LPAR)]\",\"text\":\"model.get_weights(\",\"position\":[6579,6596]},{\"psi\":\"[PsiElement(Py:IDENTIFIER), PsiElement(Py:DOT), PsiElement(Py:IDENTIFIER), PsiElement(Py:LPAR)]\",\"text\":\"model.get_weights(\",\"position\":[6607,6624]},{\"psi\":\"[PsiElement(Py:IDENTIFIER), PsiElement(Py:DOT), PsiElement(Py:IDENTIFIER), PsiElement(Py:LPAR)]\",\"text\":\"model.compile(\",\"position\":[2421,2434]},{\"psi\":\"[PsiElement(Py:IDENTIFIER), PsiElement(Py:DOT), PsiElement(Py:IDENTIFIER), PsiElement(Py:LPAR)]\",\"text\":\"model.compile(\",\"position\":[5438,5451]}]},{\"clone_length\":13,\"clones\":[{\"psi\":\"[PsiElement(Py:IDENTIFIER), PsiElement(Py:DOT), PsiElement(Py:IDENTIFIER), PsiElement(Py:LPAR), PsiElement(Py:IDENTIFIER), PsiElement(Py:EQ), PsiElement(Py:IDENTIFIER), PsiElement(Py:COMMA), PsiElement(Py:IDENTIFIER), PsiElement(Py:EQ), PsiElement(Py:IDENTIFIER), PsiElement(Py:COMMA), PsiElement(Py:IDENTIFIER)]\",\"text\":\"model.fit(x\\u003dx_seq, y\\u003dy, epochs\",\"position\":[2589,2613]},{\"psi\":\"[PsiElement(Py:IDENTIFIER), PsiElement(Py:DOT), PsiElement(Py:IDENTIFIER), PsiElement(Py:LPAR), PsiElement(Py:IDENTIFIER), PsiElement(Py:EQ), PsiElement(Py:IDENTIFIER), PsiElement(Py:COMMA), PsiElement(Py:IDENTIFIER), PsiElement(Py:EQ), PsiElement(Py:IDENTIFIER), PsiElement(Py:COMMA), PsiElement(Py:IDENTIFIER)]\",\"text\":\"model.fit(x\\u003dx_seq, y\\u003dy, epochs\",\"position\":[5620,5644]}]},{\"clone_length\":7,\"clones\":[{\"psi\":\"[PsiElement(Py:IDENTIFIER), PsiElement(Py:DOT), PsiElement(Py:IDENTIFIER), PsiElement(Py:LPAR), PsiElement(Py:RPAR), PsiElement(Py:LBRACKET), PsiElement(Py:MINUS)]\",\"text\":\"model.get_weights()[-\",\"position\":[6579,6599]},{\"psi\":\"[PsiElement(Py:IDENTIFIER), PsiElement(Py:DOT), PsiElement(Py:IDENTIFIER), PsiElement(Py:LPAR), PsiElement(Py:RPAR), PsiElement(Py:LBRACKET), PsiElement(Py:MINUS)]\",\"text\":\"model.get_weights()[-\",\"position\":[6607,6627]}]},{\"clone_length\":4,\"clones\":[{\"psi\":\"[PsiElement(Py:IDENTIFIER), PsiElement(Py:EQ), PsiElement(Py:PLUS), PsiElement(Py:IDENTIFIER)]\",\"text\":\"label\\u003d\\\"infered \\\" + motifs\",\"position\":[6768,6787]},{\"psi\":\"[PsiElement(Py:IDENTIFIER), PsiElement(Py:EQ), PsiElement(Py:PLUS), PsiElement(Py:IDENTIFIER)]\",\"text\":\"label\\u003d\\\"infered \\\" + motifs\",\"position\":[6846,6865]}]},{\"clone_length\":4,\"clones\":[{\"psi\":\"[PsiElement(Py:IDENTIFIER), PsiElement(Py:EQ), PsiElement(Py:PLUS), PsiElement(Py:IDENTIFIER)]\",\"text\":\"label\\u003d\\\"theoretical \\\" + motifs\",\"position\":[6921,6944]},{\"psi\":\"[PsiElement(Py:IDENTIFIER), PsiElement(Py:EQ), PsiElement(Py:PLUS), PsiElement(Py:IDENTIFIER)]\",\"text\":\"label\\u003d\\\"theoretical \\\" + motifs\",\"position\":[7000,7023]}]},{\"clone_length\":16,\"clones\":[{\"psi\":\"[PsiElement(Py:IDENTIFIER), PsiElement(Py:EQ), PsiElement(Py:IDENTIFIER), PsiElement(Py:LPAR), PsiElement(Py:IDENTIFIER), PsiElement(Py:LBRACKET), PsiElement(Py:RBRACKET), PsiElement(Py:RPAR), PsiElement(Py:IDENTIFIER), PsiElement(Py:EQ), PsiElement(Py:IDENTIFIER), PsiElement(Py:DOT), PsiElement(Py:IDENTIFIER), PsiElement(Py:DOT), PsiElement(Py:IDENTIFIER), PsiElement(Py:LPAR)]\",\"text\":\"x_seq \\u003d encodeDNA(dt[\\\"seq\\\"])\\ny \\u003d dt.y.as_matrix(\",\"position\":[1200,1247]},{\"psi\":\"[PsiElement(Py:IDENTIFIER), PsiElement(Py:EQ), PsiElement(Py:IDENTIFIER), PsiElement(Py:LPAR), PsiElement(Py:IDENTIFIER), PsiElement(Py:LBRACKET), PsiElement(Py:RBRACKET), PsiElement(Py:RPAR), PsiElement(Py:IDENTIFIER), PsiElement(Py:EQ), PsiElement(Py:IDENTIFIER), PsiElement(Py:DOT), PsiElement(Py:IDENTIFIER), PsiElement(Py:DOT), PsiElement(Py:IDENTIFIER), PsiElement(Py:LPAR)]\",\"text\":\"x_seq \\u003d encodeDNA(dt[\\\"seq\\\"])\\ny \\u003d dt.y.as_matrix(\",\"position\":[5545,5592]}]},{\"clone_length\":3,\"clones\":[{\"psi\":\"[PsiElement(Py:IDENTIFIER), PsiElement(Py:COMMA), PsiElement(Py:IDENTIFIER)]\",\"text\":\"encodeDNA, encodeSplines\",\"position\":[207,218]},{\"psi\":\"[PsiElement(Py:IDENTIFIER), PsiElement(Py:IDENTIFIER)]\",\"text\":\"encodeDNA\\nencodeSplines\",\"position\":[551,561]}]},{\"clone_length\":3,\"clones\":[{\"psi\":\"[PsiElement(Py:IDENTIFIER), PsiElement(Py:IMPORT_KEYWORD), PsiElement(Py:IDENTIFIER)]\",\"text\":\"concise\\nimport concise\",\"position\":[40,55]},{\"psi\":\"[PsiElement(Py:IDENTIFIER), PsiElement(Py:IMPORT_KEYWORD), PsiElement(Py:IDENTIFIER)]\",\"text\":\"concise\\nimport concise\",\"position\":[40,55]}]},{\"clone_length\":18,\"clones\":[{\"psi\":\"[PsiElement(Py:IDENTIFIER), PsiElement(Py:EQ), PsiElement(Py:INTEGER_LITERAL), PsiElement(Py:COMMA), PsiElement(Py:IDENTIFIER), PsiElement(Py:EQ), PsiElement(Py:LBRACKET), PsiElement(Py:IDENTIFIER), PsiElement(Py:LPAR), PsiElement(Py:IDENTIFIER), PsiElement(Py:EQ), PsiElement(Py:INTEGER_LITERAL), PsiElement(Py:RPAR), PsiElement(Py:RBRACKET), PsiElement(Py:COMMA), PsiElement(Py:IDENTIFIER), PsiElement(Py:EQ), PsiElement(Py:FLOAT_LITERAL)]\",\"text\":\"verbose\\u003d2,\\n          callbacks\\u003d[EarlyStopping(patience\\u003d5)],\\n          validation_split\\u003d.2\",\"position\":[2624,2711]},{\"psi\":\"[PsiElement(Py:IDENTIFIER), PsiElement(Py:EQ), PsiElement(Py:INTEGER_LITERAL), PsiElement(Py:COMMA), PsiElement(Py:IDENTIFIER), PsiElement(Py:EQ), PsiElement(Py:LBRACKET), PsiElement(Py:IDENTIFIER), PsiElement(Py:LPAR), PsiElement(Py:IDENTIFIER), PsiElement(Py:EQ), PsiElement(Py:INTEGER_LITERAL), PsiElement(Py:RPAR), PsiElement(Py:RBRACKET), PsiElement(Py:COMMA), PsiElement(Py:IDENTIFIER), PsiElement(Py:EQ), PsiElement(Py:FLOAT_LITERAL)]\",\"text\":\"verbose \\u003d 2,\\n          callbacks\\u003d[EarlyStopping(patience\\u003d5)],\\n          validation_split\\u003d.2\",\"position\":[5656,5745]}]},{\"clone_length\":13,\"clones\":[{\"psi\":\"[PsiElement(Py:IDENTIFIER), PsiElement(Py:EQ), PsiElement(Py:IDENTIFIER), PsiElement(Py:DOT), PsiElement(Py:IDENTIFIER), PsiElement(Py:LPAR), PsiElement(Py:IDENTIFIER), PsiElement(Py:COMMA), PsiElement(Py:IDENTIFIER), PsiElement(Py:EQ), PsiElement(Py:IDENTIFIER), PsiElement(Py:COMMA), PsiElement(Py:IDENTIFIER)]\",\"text\":\"bias_initializer\\u003dci.PSSMBiasInitializer(pwm_list,kernel_size\\u003dmotif_width, mean_max_scale\",\"position\":[1925,1999]},{\"psi\":\"[PsiElement(Py:IDENTIFIER), PsiElement(Py:EQ), PsiElement(Py:IDENTIFIER), PsiElement(Py:DOT), PsiElement(Py:IDENTIFIER), PsiElement(Py:LPAR), PsiElement(Py:IDENTIFIER), PsiElement(Py:COMMA), PsiElement(Py:IDENTIFIER), PsiElement(Py:EQ), PsiElement(Py:IDENTIFIER), PsiElement(Py:COMMA), PsiElement(Py:IDENTIFIER)]\",\"text\":\"bias_initializer\\u003dci.PWMBiasInitializer(pwm_list,kernel_size\\u003dmotif_width, mean_max_scale\",\"position\":[4942,5015]}]},{\"clone_length\":4,\"clones\":[{\"psi\":\"[PsiElement(Py:IDENTIFIER), PsiElement(Py:DOT), PsiElement(Py:IDENTIFIER), PsiElement(Py:LPAR)]\",\"text\":\"gam_layer.plot(\",\"position\":[3429,3443]},{\"psi\":\"[PsiElement(Py:IDENTIFIER), PsiElement(Py:DOT), PsiElement(Py:IDENTIFIER), PsiElement(Py:LPAR)]\",\"text\":\"gam_layer.positional_effect(\",\"position\":[3553,3580]},{\"psi\":\"[PsiElement(Py:IDENTIFIER), PsiElement(Py:DOT), PsiElement(Py:IDENTIFIER), PsiElement(Py:LPAR)]\",\"text\":\"gam_layer.positional_effect(\",\"position\":[6013,6040]},{\"psi\":\"[PsiElement(Py:IDENTIFIER), PsiElement(Py:DOT), PsiElement(Py:IDENTIFIER), PsiElement(Py:LPAR)]\",\"text\":\"gam_layer.positional_effect(\",\"position\":[3609,3636]},{\"psi\":\"[PsiElement(Py:IDENTIFIER), PsiElement(Py:DOT), PsiElement(Py:IDENTIFIER), PsiElement(Py:LPAR)]\",\"text\":\"gam_layer.positional_effect(\",\"position\":[6069,6096]}]},{\"clone_length\":7,\"clones\":[{\"psi\":\"[PsiElement(Py:IDENTIFIER), PsiElement(Py:EQ), PsiElement(Py:IDENTIFIER), PsiElement(Py:DOT), PsiElement(Py:IDENTIFIER), PsiElement(Py:LBRACKET), PsiElement(Py:INTEGER_LITERAL)]\",\"text\":\"gam_layer \\u003d model.layers[2\",\"position\":[3401,3426]},{\"psi\":\"[PsiElement(Py:IDENTIFIER), PsiElement(Py:EQ), PsiElement(Py:IDENTIFIER), PsiElement(Py:DOT), PsiElement(Py:IDENTIFIER), PsiElement(Py:LBRACKET), PsiElement(Py:INTEGER_LITERAL)]\",\"text\":\"gam_layer \\u003d model.layers[2\",\"position\":[5972,5997]}]},{\"clone_length\":15,\"clones\":[{\"psi\":\"[PsiElement(Py:IDENTIFIER), PsiElement(Py:EQ), PsiElement(Py:IDENTIFIER), PsiElement(Py:DOT), PsiElement(Py:IDENTIFIER), PsiElement(Py:LPAR), PsiElement(Py:IDENTIFIER), PsiElement(Py:RPAR), PsiElement(Py:IDENTIFIER), PsiElement(Py:EQ), PsiElement(Py:IDENTIFIER), PsiElement(Py:DOT), PsiElement(Py:IDENTIFIER), PsiElement(Py:LPAR), PsiElement(Py:IDENTIFIER)]\",\"text\":\"input_dna \\u003d cl.InputDNA(seq_length)\\n\\n# convolutional layer with filters initialized on a PWM\\nx \\u003d cl.ConvDNA(filters\",\"position\":[1630,1738]},{\"psi\":\"[PsiElement(Py:IDENTIFIER), PsiElement(Py:EQ), PsiElement(Py:IDENTIFIER), PsiElement(Py:DOT), PsiElement(Py:IDENTIFIER), PsiElement(Py:LPAR), PsiElement(Py:IDENTIFIER), PsiElement(Py:RPAR), PsiElement(Py:IDENTIFIER), PsiElement(Py:EQ), PsiElement(Py:IDENTIFIER), PsiElement(Py:DOT), PsiElement(Py:IDENTIFIER), PsiElement(Py:LPAR), PsiElement(Py:IDENTIFIER)]\",\"text\":\"input_dna \\u003d cl.InputDNA(seq_length)\\n# convolutional layer with filters initialized on a PWM\\nx \\u003d cl.ConvDNA(filters\",\"position\":[4637,4744]}]},{\"clone_length\":3,\"clones\":[{\"psi\":\"[PsiElement(Py:IDENTIFIER), PsiElement(Py:DIV), PsiElement(Py:IDENTIFIER)]\",\"text\":\"positions / positions\",\"position\":[3787,3799]},{\"psi\":\"[PsiElement(Py:IDENTIFIER), PsiElement(Py:DIV), PsiElement(Py:IDENTIFIER)]\",\"text\":\"positions / positions\",\"position\":[6537,6549]},{\"psi\":\"[PsiElement(Py:IDENTIFIER), PsiElement(Py:DIV), PsiElement(Py:IDENTIFIER)]\",\"text\":\"positions / positions\",\"position\":[6407,6419]},{\"psi\":\"[PsiElement(Py:IDENTIFIER), PsiElement(Py:DIV), PsiElement(Py:IDENTIFIER)]\",\"text\":\"positions / positions\",\"position\":[3787,3799]},{\"psi\":\"[PsiElement(Py:IDENTIFIER), PsiElement(Py:DIV), PsiElement(Py:IDENTIFIER)]\",\"text\":\"positions / positions\",\"position\":[6537,6549]},{\"psi\":\"[PsiElement(Py:IDENTIFIER), PsiElement(Py:DIV), PsiElement(Py:IDENTIFIER)]\",\"text\":\"positions / positions\",\"position\":[6407,6419]}]},{\"clone_length\":24,\"clones\":[{\"psi\":\"[PsiElement(Py:IDENTIFIER), PsiElement(Py:EQ), PsiElement(Py:IDENTIFIER), PsiElement(Py:DOT), PsiElement(Py:IDENTIFIER), PsiElement(Py:LPAR), PsiElement(Py:RPAR), PsiElement(Py:LBRACKET), PsiElement(Py:RBRACKET), PsiElement(Py:IDENTIFIER), PsiElement(Py:EQ), PsiElement(Py:IDENTIFIER), PsiElement(Py:DOT), PsiElement(Py:IDENTIFIER), PsiElement(Py:LPAR), PsiElement(Py:RPAR), PsiElement(Py:LBRACKET), PsiElement(Py:RBRACKET), PsiElement(Py:FROM_KEYWORD), PsiElement(Py:IDENTIFIER), PsiElement(Py:DOT), PsiElement(Py:IDENTIFIER), PsiElement(Py:IMPORT_KEYWORD), PsiElement(Py:IDENTIFIER)]\",\"text\":\"positions \\u003d gam_layer.positional_effect()[\\\"positions\\\"]\\npos_effect \\u003d gam_layer.positional_effect()[\\\"positional_effect\\\"]\\n\\nfrom scipy.stats import norm\",\"position\":[3541,3685]},{\"psi\":\"[PsiElement(Py:IDENTIFIER), PsiElement(Py:EQ), PsiElement(Py:IDENTIFIER), PsiElement(Py:DOT), PsiElement(Py:IDENTIFIER), PsiElement(Py:LPAR), PsiElement(Py:RPAR), PsiElement(Py:LBRACKET), PsiElement(Py:RBRACKET), PsiElement(Py:IDENTIFIER), PsiElement(Py:EQ), PsiElement(Py:IDENTIFIER), PsiElement(Py:DOT), PsiElement(Py:IDENTIFIER), PsiElement(Py:LPAR), PsiElement(Py:RPAR), PsiElement(Py:LBRACKET), PsiElement(Py:RBRACKET), PsiElement(Py:FROM_KEYWORD), PsiElement(Py:IDENTIFIER), PsiElement(Py:DOT), PsiElement(Py:IDENTIFIER), PsiElement(Py:IMPORT_KEYWORD), PsiElement(Py:IDENTIFIER)]\",\"text\":\"positions \\u003d gam_layer.positional_effect()[\\\"positions\\\"]\\npos_effect \\u003d gam_layer.positional_effect()[\\\"positional_effect\\\"]\\n\\n## Theoretical plot - from the original simulation data\\nfrom scipy.stats import norm\",\"position\":[6001,6201]}]},{\"clone_length\":26,\"clones\":[{\"psi\":\"[PsiElement(Py:IDENTIFIER), PsiElement(Py:EQ), PsiElement(Py:IDENTIFIER), PsiElement(Py:DOT), PsiElement(Py:IDENTIFIER), PsiElement(Py:LBRACKET), PsiElement(Py:INTEGER_LITERAL), PsiElement(Py:RBRACKET), PsiElement(Py:IDENTIFIER), PsiElement(Py:EQ), PsiElement(Py:LBRACKET), PsiElement(Py:IDENTIFIER), PsiElement(Py:DOT), PsiElement(Py:IDENTIFIER), PsiElement(Py:LPAR), PsiElement(Py:IDENTIFIER), PsiElement(Py:RPAR), PsiElement(Py:FOR_KEYWORD), PsiElement(Py:IDENTIFIER), PsiElement(Py:IN_KEYWORD), PsiElement(Py:IDENTIFIER), PsiElement(Py:RBRACKET), PsiElement(Py:IDENTIFIER), PsiElement(Py:EQ), PsiElement(Py:INTEGER_LITERAL), PsiElement(Py:IDENTIFIER)]\",\"text\":\"seq_length \\u003d x_seq.shape[1]\\n## Motifs used to initialize the model\\npwm_list \\u003d [PWM.from_consensus(motif) for motif in motifs]\\nmotif_width \\u003d 7\\npwm_list\",\"position\":[1361,1503]},{\"psi\":\"[PsiElement(Py:IDENTIFIER), PsiElement(Py:EQ), PsiElement(Py:IDENTIFIER), PsiElement(Py:DOT), PsiElement(Py:IDENTIFIER), PsiElement(Py:LBRACKET), PsiElement(Py:INTEGER_LITERAL), PsiElement(Py:RBRACKET), PsiElement(Py:IDENTIFIER), PsiElement(Py:EQ), PsiElement(Py:LBRACKET), PsiElement(Py:IDENTIFIER), PsiElement(Py:DOT), PsiElement(Py:IDENTIFIER), PsiElement(Py:LPAR), PsiElement(Py:IDENTIFIER), PsiElement(Py:RPAR), PsiElement(Py:FOR_KEYWORD), PsiElement(Py:IDENTIFIER), PsiElement(Py:IN_KEYWORD), PsiElement(Py:IDENTIFIER), PsiElement(Py:RBRACKET), PsiElement(Py:IDENTIFIER), PsiElement(Py:EQ), PsiElement(Py:INTEGER_LITERAL), PsiElement(Py:IDENTIFIER)]\",\"text\":\"seq_length \\u003d x_seq.shape[1]\\n## Motifs used to initialize the model\\npwm_list \\u003d [PWM.from_consensus(motif) for motif in motifs]\\nmotif_width \\u003d 7\\npwm_list\",\"position\":[4443,4585]}]}]}","initial_tree_length":1258,"project_name":"0a791cc0a47733660f2adc31143398ab9f8cc41d","file_name":"0a791cc0a47733660f2adc31143398ab9f8cc41d.ipynb.py"}