{"3":"{\"totalGroups\":1,\"totalClones\":2,\"groups\":[{\"clone_length\":4,\"clones\":[{\"psi\":\"[PsiElement(Py:IDENTIFIER), PsiElement(Py:DOT), PsiElement(Py:IDENTIFIER), PsiElement(Py:IDENTIFIER)]\",\"text\":\"df.shape\\n# [___CELL_SEPARATOR___]\\ndf\",\"position\":[130,164]},{\"psi\":\"[PsiElement(Py:IDENTIFIER), PsiElement(Py:DOT), PsiElement(Py:IDENTIFIER), PsiElement(Py:IDENTIFIER)]\",\"text\":\"df.shape\\n# [___CELL_SEPARATOR___]\\ndf\",\"position\":[130,164]}]}]}","initial_tree_length":30,"project_name":"12a0e53d07a8515cdff30ac4d987b1c60700fb37","file_name":"12a0e53d07a8515cdff30ac4d987b1c60700fb37.ipynb.py"}