{"3":"{\"totalGroups\":13,\"totalClones\":37,\"groups\":[{\"clone_length\":4,\"clones\":[{\"psi\":\"[PsiElement(Py:IDENTIFIER), PsiElement(Py:DOT), PsiElement(Py:IDENTIFIER), PsiElement(Py:LPAR)]\",\"text\":\"hv.extension(\",\"position\":[105,117]},{\"psi\":\"[PsiElement(Py:IDENTIFIER), PsiElement(Py:DOT), PsiElement(Py:IDENTIFIER), PsiElement(Py:LPAR)]\",\"text\":\"hv.Dataset(\",\"position\":[487,497]},{\"psi\":\"[PsiElement(Py:IDENTIFIER), PsiElement(Py:DOT), PsiElement(Py:IDENTIFIER), PsiElement(Py:LPAR)]\",\"text\":\"hv.Dataset(\",\"position\":[661,671]},{\"psi\":\"[PsiElement(Py:IDENTIFIER), PsiElement(Py:DOT), PsiElement(Py:IDENTIFIER), PsiElement(Py:LPAR)]\",\"text\":\"hv.Scatter(\",\"position\":[1055,1065]},{\"psi\":\"[PsiElement(Py:IDENTIFIER), PsiElement(Py:DOT), PsiElement(Py:IDENTIFIER), PsiElement(Py:LPAR)]\",\"text\":\"hv.DynamicMap(\",\"position\":[1355,1368]}]},{\"clone_length\":5,\"clones\":[{\"psi\":\"[PsiElement(Py:IDENTIFIER), PsiElement(Py:DOT), PsiElement(Py:IDENTIFIER), PsiElement(Py:LPAR), PsiElement(Py:LPAR)]\",\"text\":\"hv.Dataset((\",\"position\":[487,498]},{\"psi\":\"[PsiElement(Py:IDENTIFIER), PsiElement(Py:DOT), PsiElement(Py:IDENTIFIER), PsiElement(Py:LPAR), PsiElement(Py:LPAR)]\",\"text\":\"hv.Dataset((\",\"position\":[661,672]},{\"psi\":\"[PsiElement(Py:IDENTIFIER), PsiElement(Py:DOT), PsiElement(Py:IDENTIFIER), PsiElement(Py:LPAR), PsiElement(Py:LPAR)]\",\"text\":\"hv.Scatter((\",\"position\":[1055,1066]}]},{\"clone_length\":17,\"clones\":[{\"psi\":\"[PsiElement(Py:IDENTIFIER), PsiElement(Py:DOT), PsiElement(Py:IDENTIFIER), PsiElement(Py:LPAR), PsiElement(Py:LPAR), PsiElement(Py:IDENTIFIER), PsiElement(Py:DOT), PsiElement(Py:IDENTIFIER), PsiElement(Py:LPAR), PsiElement(Py:IDENTIFIER), PsiElement(Py:RPAR), PsiElement(Py:COMMA), PsiElement(Py:IDENTIFIER), PsiElement(Py:DOT), PsiElement(Py:IDENTIFIER), PsiElement(Py:LPAR), PsiElement(Py:IDENTIFIER)]\",\"text\":\"hv.Dataset((np.arange(imax), np.arange(jmax\",\"position\":[487,526]},{\"psi\":\"[PsiElement(Py:IDENTIFIER), PsiElement(Py:DOT), PsiElement(Py:IDENTIFIER), PsiElement(Py:LPAR), PsiElement(Py:LPAR), PsiElement(Py:IDENTIFIER), PsiElement(Py:DOT), PsiElement(Py:IDENTIFIER), PsiElement(Py:LPAR), PsiElement(Py:IDENTIFIER), PsiElement(Py:RPAR), PsiElement(Py:COMMA), PsiElement(Py:IDENTIFIER), PsiElement(Py:DOT), PsiElement(Py:IDENTIFIER), PsiElement(Py:LPAR), PsiElement(Py:IDENTIFIER)]\",\"text\":\"hv.Dataset((np.arange(imax), np.arange(jmax\",\"position\":[661,700]}]},{\"clone_length\":9,\"clones\":[{\"psi\":\"[PsiElement(Py:LPAR), PsiElement(Py:IDENTIFIER), PsiElement(Py:DOT), PsiElement(Py:IDENTIFIER), PsiElement(Py:COMMA), PsiElement(Py:IDENTIFIER), PsiElement(Py:EQ), PsiElement(Py:LBRACKET), PsiElement(Py:COMMA)]\",\"text\":\"(hv.Image, kdims\\u003d[\\u0027x\\u0027, \\u0027y\\u0027\",\"position\":[582,603]},{\"psi\":\"[PsiElement(Py:LPAR), PsiElement(Py:IDENTIFIER), PsiElement(Py:DOT), PsiElement(Py:IDENTIFIER), PsiElement(Py:COMMA), PsiElement(Py:IDENTIFIER), PsiElement(Py:EQ), PsiElement(Py:LBRACKET), PsiElement(Py:COMMA)]\",\"text\":\"(hv.Image, kdims\\u003d[\\u0027x\\u0027, \\u0027y\\u0027\",\"position\":[792,813]}]},{\"clone_length\":3,\"clones\":[{\"psi\":\"[PsiElement(Py:PERC), PsiElement(Py:PERC), PsiElement(Py:IDENTIFIER)]\",\"text\":\"%%opts\",\"position\":[1099,1101]},{\"psi\":\"[PsiElement(Py:PERC), PsiElement(Py:PERC), PsiElement(Py:IDENTIFIER)]\",\"text\":\"%%opts\",\"position\":[1140,1142]},{\"psi\":\"[PsiElement(Py:PERC), PsiElement(Py:PERC), PsiElement(Py:IDENTIFIER)]\",\"text\":\"%%opts\",\"position\":[1181,1183]},{\"psi\":\"[PsiElement(Py:PERC), PsiElement(Py:PERC), PsiElement(Py:IDENTIFIER)]\",\"text\":\"%%opts\",\"position\":[1318,1320]}]},{\"clone_length\":4,\"clones\":[{\"psi\":\"[PsiElement(Py:PERC), PsiElement(Py:PERC), PsiElement(Py:IDENTIFIER), PsiElement(Py:IDENTIFIER)]\",\"text\":\"%%opts Image\",\"position\":[1099,1106]},{\"psi\":\"[PsiElement(Py:PERC), PsiElement(Py:PERC), PsiElement(Py:IDENTIFIER), PsiElement(Py:IDENTIFIER)]\",\"text\":\"%%opts Image\",\"position\":[1140,1147]}]},{\"clone_length\":7,\"clones\":[{\"psi\":\"[PsiElement(Py:PERC), PsiElement(Py:PERC), PsiElement(Py:IDENTIFIER), PsiElement(Py:IDENTIFIER), PsiElement(Py:LPAR), PsiElement(Py:IDENTIFIER), PsiElement(Py:EQ)]\",\"text\":\"%%opts Scatter (color\\u003d\\u0027red\\u0027\",\"position\":[1181,1202]},{\"psi\":\"[PsiElement(Py:PERC), PsiElement(Py:PERC), PsiElement(Py:IDENTIFIER), PsiElement(Py:IDENTIFIER), PsiElement(Py:LPAR), PsiElement(Py:IDENTIFIER), PsiElement(Py:EQ)]\",\"text\":\"%%opts Scatter (color\\u003d\\u0027red\\u0027\",\"position\":[1318,1339]}]},{\"clone_length\":4,\"clones\":[{\"psi\":\"[PsiElement(Py:IDENTIFIER), PsiElement(Py:DOT), PsiElement(Py:IDENTIFIER), PsiElement(Py:LPAR)]\",\"text\":\"np.where(\",\"position\":[367,375]},{\"psi\":\"[PsiElement(Py:IDENTIFIER), PsiElement(Py:DOT), PsiElement(Py:IDENTIFIER), PsiElement(Py:LPAR)]\",\"text\":\"np.where(\",\"position\":[414,422]},{\"psi\":\"[PsiElement(Py:IDENTIFIER), PsiElement(Py:DOT), PsiElement(Py:IDENTIFIER), PsiElement(Py:LPAR)]\",\"text\":\"np.log10(\",\"position\":[708,716]},{\"psi\":\"[PsiElement(Py:IDENTIFIER), PsiElement(Py:DOT), PsiElement(Py:IDENTIFIER), PsiElement(Py:LPAR)]\",\"text\":\"np.arange(\",\"position\":[499,508]},{\"psi\":\"[PsiElement(Py:IDENTIFIER), PsiElement(Py:DOT), PsiElement(Py:IDENTIFIER), PsiElement(Py:LPAR)]\",\"text\":\"np.arange(\",\"position\":[673,682]},{\"psi\":\"[PsiElement(Py:IDENTIFIER), PsiElement(Py:DOT), PsiElement(Py:IDENTIFIER), PsiElement(Py:LPAR)]\",\"text\":\"np.arange(\",\"position\":[516,525]},{\"psi\":\"[PsiElement(Py:IDENTIFIER), PsiElement(Py:DOT), PsiElement(Py:IDENTIFIER), PsiElement(Py:LPAR)]\",\"text\":\"np.arange(\",\"position\":[690,699]}]},{\"clone_length\":5,\"clones\":[{\"psi\":\"[PsiElement(Py:IDENTIFIER), PsiElement(Py:DOT), PsiElement(Py:IDENTIFIER), PsiElement(Py:LPAR), PsiElement(Py:IDENTIFIER)]\",\"text\":\"np.where(M\",\"position\":[367,376]},{\"psi\":\"[PsiElement(Py:IDENTIFIER), PsiElement(Py:DOT), PsiElement(Py:IDENTIFIER), PsiElement(Py:LPAR), PsiElement(Py:IDENTIFIER)]\",\"text\":\"np.where(M\",\"position\":[414,423]}]},{\"clone_length\":5,\"clones\":[{\"psi\":\"[PsiElement(Py:IDENTIFIER), PsiElement(Py:DOT), PsiElement(Py:IDENTIFIER), PsiElement(Py:MINUS), PsiElement(Py:INTEGER_LITERAL)]\",\"text\":\"pf.num_times-1\",\"position\":[1228,1241]},{\"psi\":\"[PsiElement(Py:IDENTIFIER), PsiElement(Py:DOT), PsiElement(Py:IDENTIFIER), PsiElement(Py:MINUS), PsiElement(Py:INTEGER_LITERAL)]\",\"text\":\"pf.num_times-1\",\"position\":[1426,1439]}]},{\"clone_length\":1,\"clones\":[{\"psi\":\"[PsiElement(Py:IDENTIFIER)]\",\"text\":\"dmap\",\"position\":[1396,1396]},{\"psi\":\"[PsiElement(Py:IDENTIFIER)]\",\"text\":\"dmap\",\"position\":[1396,1396]}]},{\"clone_length\":1,\"clones\":[{\"psi\":\"[PsiElement(Py:IDENTIFIER)]\",\"text\":\"ncid\",\"position\":[243,243]},{\"psi\":\"[PsiElement(Py:IDENTIFIER)]\",\"text\":\"ncid\",\"position\":[277,277]}]},{\"clone_length\":3,\"clones\":[{\"psi\":\"[PsiElement(Py:IDENTIFIER), PsiElement(Py:LPAR), PsiElement(Py:IDENTIFIER)]\",\"text\":\"Image (cmap\",\"position\":[1106,1113]},{\"psi\":\"[PsiElement(Py:IDENTIFIER), PsiElement(Py:DOT), PsiElement(Py:IDENTIFIER), PsiElement(Py:LPAR), PsiElement(Py:IDENTIFIER)]\",\"text\":\"Image.land (cmap\",\"position\":[1147,1159]}]}]}","initial_tree_length":351,"project_name":"18a312a4c76536a96bb35f630e9717b5748ff011","file_name":"18a312a4c76536a96bb35f630e9717b5748ff011.ipynb.py"}