{"3":"{\"totalGroups\":2,\"totalClones\":4,\"groups\":[{\"clone_length\":1,\"clones\":[{\"psi\":\"[PsiElement(Py:IDENTIFIER)]\",\"text\":\"Lwt\",\"position\":[63,63]},{\"psi\":\"[PsiElement(Py:IDENTIFIER)]\",\"text\":\"Lwt\",\"position\":[63,63]}]},{\"clone_length\":2,\"clones\":[{\"psi\":\"[PsiElement(Py:IDENTIFIER), PsiElement(Py:LPAR)]\",\"text\":\"fun (\",\"position\":[249,253]},{\"psi\":\"[PsiElement(Py:IDENTIFIER), PsiElement(Py:LPAR)]\",\"text\":\"fun (\",\"position\":[288,292]}]}]}","initial_tree_length":112,"project_name":"1b7bd7ae70e640b2a6f226e5b704e199a8525a6c","file_name":"1b7bd7ae70e640b2a6f226e5b704e199a8525a6c.ipynb.py"}