{"3":"{\"totalGroups\":7,\"totalClones\":23,\"groups\":[{\"clone_length\":7,\"clones\":[{\"psi\":\"[PsiElement(Py:FOR_KEYWORD), PsiElement(Py:IDENTIFIER), PsiElement(Py:COMMA), PsiElement(Py:IDENTIFIER), PsiElement(Py:IN_KEYWORD), PsiElement(Py:IDENTIFIER), PsiElement(Py:LPAR)]\",\"text\":\"for proj, ax in zip(\",\"position\":[720,739]},{\"psi\":\"[PsiElement(Py:FOR_KEYWORD), PsiElement(Py:IDENTIFIER), PsiElement(Py:COMMA), PsiElement(Py:IDENTIFIER), PsiElement(Py:IN_KEYWORD), PsiElement(Py:IDENTIFIER), PsiElement(Py:LPAR)]\",\"text\":\"for proj, ax in zip(\",\"position\":[1143,1162]}]},{\"clone_length\":1,\"clones\":[{\"psi\":\"[PsiElement(Py:IDENTIFIER)]\",\"text\":\"proj\",\"position\":[1188,1188]},{\"psi\":\"[PsiElement(Py:IDENTIFIER)]\",\"text\":\"proj\",\"position\":[768,768]},{\"psi\":\"[PsiElement(Py:IDENTIFIER)]\",\"text\":\"proj\",\"position\":[1292,1292]},{\"psi\":\"[PsiElement(Py:IDENTIFIER)]\",\"text\":\"proj\",\"position\":[1232,1232]},{\"psi\":\"[PsiElement(Py:IDENTIFIER)]\",\"text\":\"proj\",\"position\":[768,768]},{\"psi\":\"[PsiElement(Py:IDENTIFIER)]\",\"text\":\"proj\",\"position\":[1292,1292]},{\"psi\":\"[PsiElement(Py:IDENTIFIER)]\",\"text\":\"proj\",\"position\":[1232,1232]}]},{\"clone_length\":7,\"clones\":[{\"psi\":\"[PsiElement(Py:IDENTIFIER), PsiElement(Py:DOT), PsiElement(Py:IDENTIFIER), PsiElement(Py:LPAR), PsiElement(Py:IDENTIFIER), PsiElement(Py:EQ), PsiElement(Py:IDENTIFIER)]\",\"text\":\"proj.plot_topomap(axes\\u003dax\",\"position\":[768,791]},{\"psi\":\"[PsiElement(Py:IDENTIFIER), PsiElement(Py:DOT), PsiElement(Py:IDENTIFIER), PsiElement(Py:LPAR), PsiElement(Py:IDENTIFIER), PsiElement(Py:EQ), PsiElement(Py:IDENTIFIER)]\",\"text\":\"proj.plot_topomap(axes\\u003dax\",\"position\":[1292,1315]},{\"psi\":\"[PsiElement(Py:IDENTIFIER), PsiElement(Py:DOT), PsiElement(Py:IDENTIFIER), PsiElement(Py:LPAR), PsiElement(Py:IDENTIFIER), PsiElement(Py:EQ), PsiElement(Py:IDENTIFIER)]\",\"text\":\"proj.plot_topomap(axes\\u003dax\",\"position\":[1232,1255]}]},{\"clone_length\":4,\"clones\":[{\"psi\":\"[PsiElement(Py:IDENTIFIER), PsiElement(Py:DOT), PsiElement(Py:IDENTIFIER), PsiElement(Py:LPAR)]\",\"text\":\"raw.add_proj(\",\"position\":[1025,1037]},{\"psi\":\"[PsiElement(Py:IDENTIFIER), PsiElement(Py:DOT), PsiElement(Py:IDENTIFIER), PsiElement(Py:LPAR)]\",\"text\":\"raw.plot_projs_topomap(\",\"position\":[620,642]},{\"psi\":\"[PsiElement(Py:IDENTIFIER), PsiElement(Py:DOT), PsiElement(Py:IDENTIFIER), PsiElement(Py:LPAR)]\",\"text\":\"raw.plot_projs_topomap(\",\"position\":[1049,1071]}]},{\"clone_length\":17,\"clones\":[{\"psi\":\"[PsiElement(Py:IDENTIFIER), PsiElement(Py:DOT), PsiElement(Py:IDENTIFIER), PsiElement(Py:LPAR), PsiElement(Py:RPAR), PsiElement(Py:IDENTIFIER), PsiElement(Py:COMMA), PsiElement(Py:IDENTIFIER), PsiElement(Py:EQ), PsiElement(Py:IDENTIFIER), PsiElement(Py:DOT), PsiElement(Py:IDENTIFIER), PsiElement(Py:LPAR), PsiElement(Py:INTEGER_LITERAL), PsiElement(Py:COMMA), PsiElement(Py:IDENTIFIER), PsiElement(Py:LPAR)]\",\"text\":\"raw.plot_projs_topomap()\\n# [___CELL_SEPARATOR___]\\nfig, axes \\u003d plt.subplots(1, len(\",\"position\":[620,701]},{\"psi\":\"[PsiElement(Py:IDENTIFIER), PsiElement(Py:DOT), PsiElement(Py:IDENTIFIER), PsiElement(Py:LPAR), PsiElement(Py:RPAR), PsiElement(Py:IDENTIFIER), PsiElement(Py:COMMA), PsiElement(Py:IDENTIFIER), PsiElement(Py:EQ), PsiElement(Py:IDENTIFIER), PsiElement(Py:DOT), PsiElement(Py:IDENTIFIER), PsiElement(Py:LPAR), PsiElement(Py:INTEGER_LITERAL), PsiElement(Py:COMMA), PsiElement(Py:IDENTIFIER), PsiElement(Py:LPAR)]\",\"text\":\"raw.plot_projs_topomap()\\n# [___CELL_SEPARATOR___]\\nfig, axes \\u003d plt.subplots(1, len(\",\"position\":[1049,1130]}]},{\"clone_length\":1,\"clones\":[{\"psi\":\"[PsiElement(Py:IDENTIFIER)]\",\"text\":\"mne\",\"position\":[861,861]},{\"psi\":\"[PsiElement(Py:IDENTIFIER)]\",\"text\":\"mne\",\"position\":[1466,1466]},{\"psi\":\"[PsiElement(Py:IDENTIFIER)]\",\"text\":\"mne\",\"position\":[861,861]},{\"psi\":\"[PsiElement(Py:IDENTIFIER)]\",\"text\":\"mne\",\"position\":[1466,1466]}]},{\"clone_length\":6,\"clones\":[{\"psi\":\"[PsiElement(Py:IDENTIFIER), PsiElement(Py:DOT), PsiElement(Py:IDENTIFIER), PsiElement(Py:DOT), PsiElement(Py:IDENTIFIER), PsiElement(Py:LPAR)]\",\"text\":\"mne.viz.plot_projs_topomap(\",\"position\":[861,887]},{\"psi\":\"[PsiElement(Py:IDENTIFIER), PsiElement(Py:DOT), PsiElement(Py:IDENTIFIER), PsiElement(Py:DOT), PsiElement(Py:IDENTIFIER), PsiElement(Py:LPAR)]\",\"text\":\"mne.viz.plot_projs_topomap(\",\"position\":[1466,1492]}]}]}","initial_tree_length":264,"project_name":"1f7c61e8ee08df5c7e42b321a51981f55a4ce3a0","file_name":"1f7c61e8ee08df5c7e42b321a51981f55a4ce3a0.ipynb.py"}