{"3":"{\"totalGroups\":54,\"totalClones\":129,\"groups\":[{\"clone_length\":1,\"clones\":[{\"psi\":\"[PsiElement(Py:IDENTIFIER)]\",\"text\":\"chain_plot\",\"position\":[12250,12250]},{\"psi\":\"[PsiElement(Py:IDENTIFIER)]\",\"text\":\"chain_plot\",\"position\":[12622,12622]},{\"psi\":\"[PsiElement(Py:IDENTIFIER)]\",\"text\":\"chain_plot\",\"position\":[12250,12250]},{\"psi\":\"[PsiElement(Py:IDENTIFIER)]\",\"text\":\"chain_plot\",\"position\":[12622,12622]}]},{\"clone_length\":5,\"clones\":[{\"psi\":\"[PsiElement(Py:IDENTIFIER), PsiElement(Py:DOT), PsiElement(Py:IDENTIFIER), PsiElement(Py:LPAR), PsiElement(Py:LBRACE)]\",\"text\":\"kwargs_lens_init.append({\",\"position\":[4127,4151]},{\"psi\":\"[PsiElement(Py:IDENTIFIER), PsiElement(Py:DOT), PsiElement(Py:IDENTIFIER), PsiElement(Py:LPAR), PsiElement(Py:LBRACE)]\",\"text\":\"kwargs_lens_init.append({\",\"position\":[4789,4813]}]},{\"clone_length\":9,\"clones\":[{\"psi\":\"[PsiElement(Py:IDENTIFIER), PsiElement(Py:MULT), PsiElement(Py:IDENTIFIER), PsiElement(Py:DOT), PsiElement(Py:IDENTIFIER), PsiElement(Py:LPAR), PsiElement(Py:IDENTIFIER), PsiElement(Py:LPAR), PsiElement(Py:IDENTIFIER)]\",\"text\":\"astrometry_sigma * np.ones(len(ximg\",\"position\":[5631,5662]},{\"psi\":\"[PsiElement(Py:IDENTIFIER), PsiElement(Py:MULT), PsiElement(Py:IDENTIFIER), PsiElement(Py:DOT), PsiElement(Py:IDENTIFIER), PsiElement(Py:LPAR), PsiElement(Py:IDENTIFIER), PsiElement(Py:LPAR), PsiElement(Py:IDENTIFIER)]\",\"text\":\"astrometry_sigma * np.ones(len(ximg\",\"position\":[5683,5714]}]},{\"clone_length\":1,\"clones\":[{\"psi\":\"[PsiElement(Py:IDENTIFIER)]\",\"text\":\"labels_new\",\"position\":[13879,13879]},{\"psi\":\"[PsiElement(Py:IDENTIFIER)]\",\"text\":\"labels_new\",\"position\":[13879,13879]}]},{\"clone_length\":4,\"clones\":[{\"psi\":\"[PsiElement(Py:IDENTIFIER), PsiElement(Py:EQ), PsiElement(Py:LBRACKET), PsiElement(Py:COMMA)]\",\"text\":\"lens_model_list \\u003d [\\u0027PEMD\\u0027, \\u0027SHEAR\\u0027\",\"position\":[914,939]},{\"psi\":\"[PsiElement(Py:IDENTIFIER), PsiElement(Py:EQ), PsiElement(Py:LBRACKET), PsiElement(Py:COMMA)]\",\"text\":\"lens_model_list \\u003d [\\u0027PEMD\\u0027, \\u0027SHEAR\\u0027\",\"position\":[3873,3898]}]},{\"clone_length\":4,\"clones\":[{\"psi\":\"[PsiElement(Py:IDENTIFIER), PsiElement(Py:EQ), PsiElement(Py:INTEGER_LITERAL), PsiElement(Py:IDENTIFIER)]\",\"text\":\"gamma_mean \\u003d 2\\n        gamma_sigma\",\"position\":[9132,9155]},{\"psi\":\"[PsiElement(Py:IDENTIFIER), PsiElement(Py:RPAR), PsiElement(Py:EXP), PsiElement(Py:INTEGER_LITERAL), PsiElement(Py:DIV), PsiElement(Py:IDENTIFIER)]\",\"text\":\"gamma_mean)**2 / gamma_sigma\",\"position\":[9258,9275]}]},{\"clone_length\":4,\"clones\":[{\"psi\":\"[PsiElement(Py:LPAR), PsiElement(Py:INTEGER_LITERAL), PsiElement(Py:MINUS), PsiElement(Py:IDENTIFIER)]\",\"text\":\"(1-c\",\"position\":[9531,9534]},{\"psi\":\"[PsiElement(Py:LPAR), PsiElement(Py:INTEGER_LITERAL), PsiElement(Py:PLUS), PsiElement(Py:IDENTIFIER)]\",\"text\":\"(1+c\",\"position\":[9537,9540]}]},{\"clone_length\":2,\"clones\":[{\"psi\":\"[PsiElement(Py:LPAR), PsiElement(Py:LBRACE)]\",\"text\":\"({\\u0027theta_E\\u0027\",\"position\":[4150,4151]},{\"psi\":\"[PsiElement(Py:LPAR), PsiElement(Py:LBRACE)]\",\"text\":\"({\\u0027theta_E\\u0027\",\"position\":[4278,4279]},{\"psi\":\"[PsiElement(Py:LPAR), PsiElement(Py:LBRACE)]\",\"text\":\"({\\u0027theta_E\\u0027\",\"position\":[4429,4430]},{\"psi\":\"[PsiElement(Py:LPAR), PsiElement(Py:LBRACE)]\",\"text\":\"({\\u0027theta_E\\u0027\",\"position\":[4584,4585]}]},{\"clone_length\":2,\"clones\":[{\"psi\":\"[PsiElement(Py:LPAR), PsiElement(Py:LBRACE)]\",\"text\":\"({\\u0027gamma1\\u0027\",\"position\":[4812,4813]},{\"psi\":\"[PsiElement(Py:LPAR), PsiElement(Py:LBRACE)]\",\"text\":\"({\\u0027gamma1\\u0027\",\"position\":[4928,4929]},{\"psi\":\"[PsiElement(Py:LPAR), PsiElement(Py:LBRACE)]\",\"text\":\"({\\u0027gamma1\\u0027\",\"position\":[4869,4870]},{\"psi\":\"[PsiElement(Py:LPAR), PsiElement(Py:LBRACE)]\",\"text\":\"({\\u0027gamma1\\u0027\",\"position\":[4987,4988]}]},{\"clone_length\":10,\"clones\":[{\"psi\":\"[PsiElement(Py:MINUS), PsiElement(Py:INTEGER_LITERAL), PsiElement(Py:MULT), PsiElement(Py:IDENTIFIER), PsiElement(Py:DOT), PsiElement(Py:IDENTIFIER), PsiElement(Py:LPAR), PsiElement(Py:IDENTIFIER), PsiElement(Py:LPAR), PsiElement(Py:IDENTIFIER)]\",\"text\":\"-10 * np.ones(len(ximg\",\"position\":[5755,5773]},{\"psi\":\"[PsiElement(Py:MINUS), PsiElement(Py:INTEGER_LITERAL), PsiElement(Py:MULT), PsiElement(Py:IDENTIFIER), PsiElement(Py:DOT), PsiElement(Py:IDENTIFIER), PsiElement(Py:LPAR), PsiElement(Py:IDENTIFIER), PsiElement(Py:LPAR), PsiElement(Py:IDENTIFIER)]\",\"text\":\"-10 * np.ones(len(ximg\",\"position\":[5794,5812]}]},{\"clone_length\":2,\"clones\":[{\"psi\":\"[PsiElement(Py:LBRACKET), PsiElement(Py:LBRACE)]\",\"text\":\"[{\\u0027ra_image\\u0027\",\"position\":[5839,5840]},{\"psi\":\"[PsiElement(Py:LBRACKET), PsiElement(Py:LBRACE)]\",\"text\":\"[{\\u0027ra_image\\u0027\",\"position\":[5741,5742]},{\"psi\":\"[PsiElement(Py:LBRACKET), PsiElement(Py:LBRACE)]\",\"text\":\"[{\\u0027ra_image\\u0027\",\"position\":[5617,5618]},{\"psi\":\"[PsiElement(Py:LBRACKET), PsiElement(Py:LBRACE)]\",\"text\":\"[{\\u0027ra_image\\u0027\",\"position\":[5460,5461]}]},{\"clone_length\":7,\"clones\":[{\"psi\":\"[PsiElement(Py:INTEGER_LITERAL), PsiElement(Py:DIV), PsiElement(Py:IDENTIFIER), PsiElement(Py:EXP), PsiElement(Py:INTEGER_LITERAL), PsiElement(Py:DIV), PsiElement(Py:INTEGER_LITERAL)]\",\"text\":\"2 / gamma_sigma**2 / 2\",\"position\":[9271,9292]},{\"psi\":\"[PsiElement(Py:INTEGER_LITERAL), PsiElement(Py:DIV), PsiElement(Py:IDENTIFIER), PsiElement(Py:EXP), PsiElement(Py:INTEGER_LITERAL), PsiElement(Py:DIV), PsiElement(Py:INTEGER_LITERAL)]\",\"text\":\"2 / gamma_sigma**2 / 2\",\"position\":[10004,10025]},{\"psi\":\"[PsiElement(Py:INTEGER_LITERAL), PsiElement(Py:DIV), PsiElement(Py:IDENTIFIER), PsiElement(Py:EXP), PsiElement(Py:INTEGER_LITERAL), PsiElement(Py:DIV), PsiElement(Py:INTEGER_LITERAL)]\",\"text\":\"2 / gamma_sigma**2 / 2\",\"position\":[10067,10088]}]},{\"clone_length\":7,\"clones\":[{\"psi\":\"[PsiElement(Py:INTEGER_LITERAL), PsiElement(Py:DIV), PsiElement(Py:IDENTIFIER), PsiElement(Py:EXP), PsiElement(Py:INTEGER_LITERAL), PsiElement(Py:DIV), PsiElement(Py:INTEGER_LITERAL)]\",\"text\":\"2 / e_sigma**2 / 2\",\"position\":[9735,9752]},{\"psi\":\"[PsiElement(Py:INTEGER_LITERAL), PsiElement(Py:DIV), PsiElement(Py:IDENTIFIER), PsiElement(Py:EXP), PsiElement(Py:INTEGER_LITERAL), PsiElement(Py:DIV), PsiElement(Py:INTEGER_LITERAL)]\",\"text\":\"2 / e_sigma**2 / 2\",\"position\":[9786,9803]}]},{\"clone_length\":6,\"clones\":[{\"psi\":\"[PsiElement(Py:INTEGER_LITERAL), PsiElement(Py:DIV), PsiElement(Py:INTEGER_LITERAL), PsiElement(Py:IDENTIFIER), PsiElement(Py:MINUSEQ), PsiElement(Py:LPAR)]\",\"text\":\"2 / 2\\n        logL -\\u003d (\",\"position\":[9748,9770]},{\"psi\":\"[PsiElement(Py:INTEGER_LITERAL), PsiElement(Py:DIV), PsiElement(Py:INTEGER_LITERAL), PsiElement(Py:IDENTIFIER), PsiElement(Py:MINUSEQ), PsiElement(Py:LPAR)]\",\"text\":\"2 / 2\\n        logL -\\u003d (\",\"position\":[10021,10043]}]},{\"clone_length\":3,\"clones\":[{\"psi\":\"[PsiElement(Py:LBRACE), PsiElement(Py:COLON), PsiElement(Py:FLOAT_LITERAL)]\",\"text\":\"{\\u0027theta_E\\u0027: 1.\",\"position\":[1361,1373]},{\"psi\":\"[PsiElement(Py:LBRACE), PsiElement(Py:COLON), PsiElement(Py:FLOAT_LITERAL)]\",\"text\":\"{\\u0027theta_E\\u0027: 1.\",\"position\":[4151,4163]}]},{\"clone_length\":4,\"clones\":[{\"psi\":\"[PsiElement(Py:LBRACE), PsiElement(Py:COLON), PsiElement(Py:FLOAT_LITERAL), PsiElement(Py:COMMA)]\",\"text\":\"{\\u0027gamma1\\u0027: 0.05, \\u0027gamma2\\u0027\",\"position\":[1457,1472]},{\"psi\":\"[PsiElement(Py:LBRACE), PsiElement(Py:COLON), PsiElement(Py:FLOAT_LITERAL), PsiElement(Py:COMMA)]\",\"text\":\"{\\u0027gamma1\\u0027: 0.05, \\u0027gamma2\\u0027\",\"position\":[4870,4885]}]},{\"clone_length\":6,\"clones\":[{\"psi\":\"[PsiElement(Py:IDENTIFIER), PsiElement(Py:EQ), PsiElement(Py:IDENTIFIER), PsiElement(Py:DOT), PsiElement(Py:IDENTIFIER), PsiElement(Py:LPAR)]\",\"text\":\"c \\u003d np.sqrt(\",\"position\":[9464,9475]},{\"psi\":\"[PsiElement(Py:IDENTIFIER), PsiElement(Py:EQ), PsiElement(Py:IDENTIFIER), PsiElement(Py:DOT), PsiElement(Py:IDENTIFIER), PsiElement(Py:LPAR)]\",\"text\":\"c \\u003d np.minimum(\",\"position\":[9497,9511]}]},{\"clone_length\":12,\"clones\":[{\"psi\":\"[PsiElement(Py:INTEGER_LITERAL), PsiElement(Py:MULT), PsiElement(Py:IDENTIFIER), PsiElement(Py:DOT), PsiElement(Py:IDENTIFIER), PsiElement(Py:LPAR), PsiElement(Py:IDENTIFIER), PsiElement(Py:LPAR), PsiElement(Py:IDENTIFIER), PsiElement(Py:RPAR), PsiElement(Py:RPAR), PsiElement(Py:COMMA)]\",\"text\":\"10 * np.ones(len(ximg)), \\u0027dec_image\\u0027\",\"position\":[5756,5779]},{\"psi\":\"[PsiElement(Py:INTEGER_LITERAL), PsiElement(Py:MULT), PsiElement(Py:IDENTIFIER), PsiElement(Py:DOT), PsiElement(Py:IDENTIFIER), PsiElement(Py:LPAR), PsiElement(Py:IDENTIFIER), PsiElement(Py:LPAR), PsiElement(Py:IDENTIFIER), PsiElement(Py:RPAR), PsiElement(Py:RPAR), PsiElement(Py:COMMA)]\",\"text\":\"10* np.ones(len(ximg)), \\u0027dec_image\\u0027\",\"position\":[5853,5875]}]},{\"clone_length\":9,\"clones\":[{\"psi\":\"[PsiElement(Py:INTEGER_LITERAL), PsiElement(Py:MULT), PsiElement(Py:IDENTIFIER), PsiElement(Py:DOT), PsiElement(Py:IDENTIFIER), PsiElement(Py:LPAR), PsiElement(Py:IDENTIFIER), PsiElement(Py:LPAR), PsiElement(Py:IDENTIFIER)]\",\"text\":\"10* np.ones(len(ximg\",\"position\":[5853,5869]},{\"psi\":\"[PsiElement(Py:INTEGER_LITERAL), PsiElement(Py:MULT), PsiElement(Py:IDENTIFIER), PsiElement(Py:DOT), PsiElement(Py:IDENTIFIER), PsiElement(Py:LPAR), PsiElement(Py:IDENTIFIER), PsiElement(Py:LPAR), PsiElement(Py:IDENTIFIER)]\",\"text\":\"10 * np.ones(len(ximg\",\"position\":[5890,5907]}]},{\"clone_length\":1,\"clones\":[{\"psi\":\"[PsiElement(Py:IDENTIFIER)]\",\"text\":\"np\",\"position\":[524,524]},{\"psi\":\"[PsiElement(Py:IDENTIFIER)]\",\"text\":\"np\",\"position\":[524,524]},{\"psi\":\"[PsiElement(Py:IDENTIFIER)]\",\"text\":\"np\",\"position\":[3258,3258]},{\"psi\":\"[PsiElement(Py:IDENTIFIER)]\",\"text\":\"np\",\"position\":[3314,3314]},{\"psi\":\"[PsiElement(Py:IDENTIFIER)]\",\"text\":\"np\",\"position\":[3378,3378]},{\"psi\":\"[PsiElement(Py:IDENTIFIER)]\",\"text\":\"np\",\"position\":[12944,12944]}]},{\"clone_length\":6,\"clones\":[{\"psi\":\"[PsiElement(Py:IDENTIFIER), PsiElement(Py:DOT), PsiElement(Py:IDENTIFIER), PsiElement(Py:DOT), PsiElement(Py:IDENTIFIER), PsiElement(Py:LPAR)]\",\"text\":\"np.random.seed(\",\"position\":[524,538]},{\"psi\":\"[PsiElement(Py:IDENTIFIER), PsiElement(Py:DOT), PsiElement(Py:IDENTIFIER), PsiElement(Py:DOT), PsiElement(Py:IDENTIFIER), PsiElement(Py:LPAR)]\",\"text\":\"np.random.normal(\",\"position\":[3258,3274]},{\"psi\":\"[PsiElement(Py:IDENTIFIER), PsiElement(Py:DOT), PsiElement(Py:IDENTIFIER), PsiElement(Py:DOT), PsiElement(Py:IDENTIFIER), PsiElement(Py:LPAR)]\",\"text\":\"np.random.normal(\",\"position\":[3314,3330]},{\"psi\":\"[PsiElement(Py:IDENTIFIER), PsiElement(Py:DOT), PsiElement(Py:IDENTIFIER), PsiElement(Py:DOT), PsiElement(Py:IDENTIFIER), PsiElement(Py:LPAR)]\",\"text\":\"np.random.normal(\",\"position\":[3378,3394]},{\"psi\":\"[PsiElement(Py:IDENTIFIER), PsiElement(Py:DOT), PsiElement(Py:IDENTIFIER), PsiElement(Py:LPAR)]\",\"text\":\"np.shape(\",\"position\":[12944,12952]}]},{\"clone_length\":7,\"clones\":[{\"psi\":\"[PsiElement(Py:IDENTIFIER), PsiElement(Py:DOT), PsiElement(Py:IDENTIFIER), PsiElement(Py:DOT), PsiElement(Py:IDENTIFIER), PsiElement(Py:LPAR), PsiElement(Py:INTEGER_LITERAL)]\",\"text\":\"np.random.normal(0\",\"position\":[3258,3275]},{\"psi\":\"[PsiElement(Py:IDENTIFIER), PsiElement(Py:DOT), PsiElement(Py:IDENTIFIER), PsiElement(Py:DOT), PsiElement(Py:IDENTIFIER), PsiElement(Py:LPAR), PsiElement(Py:INTEGER_LITERAL)]\",\"text\":\"np.random.normal(0\",\"position\":[3314,3331]},{\"psi\":\"[PsiElement(Py:IDENTIFIER), PsiElement(Py:DOT), PsiElement(Py:IDENTIFIER), PsiElement(Py:DOT), PsiElement(Py:IDENTIFIER), PsiElement(Py:LPAR), PsiElement(Py:INTEGER_LITERAL)]\",\"text\":\"np.random.normal(0\",\"position\":[3378,3395]}]},{\"clone_length\":11,\"clones\":[{\"psi\":\"[PsiElement(Py:IDENTIFIER), PsiElement(Py:DOT), PsiElement(Py:IDENTIFIER), PsiElement(Py:DOT), PsiElement(Py:IDENTIFIER), PsiElement(Py:LPAR), PsiElement(Py:INTEGER_LITERAL), PsiElement(Py:COMMA), PsiElement(Py:IDENTIFIER), PsiElement(Py:COMMA), PsiElement(Py:INTEGER_LITERAL)]\",\"text\":\"np.random.normal(0, astrometry_sigma, 4\",\"position\":[3314,3352]},{\"psi\":\"[PsiElement(Py:IDENTIFIER), PsiElement(Py:DOT), PsiElement(Py:IDENTIFIER), PsiElement(Py:DOT), PsiElement(Py:IDENTIFIER), PsiElement(Py:LPAR), PsiElement(Py:INTEGER_LITERAL), PsiElement(Py:COMMA), PsiElement(Py:IDENTIFIER), PsiElement(Py:COMMA), PsiElement(Py:INTEGER_LITERAL)]\",\"text\":\"np.random.normal(0, astrometry_sigma, 4\",\"position\":[3378,3416]}]},{\"clone_length\":3,\"clones\":[{\"psi\":\"[PsiElement(Py:IDENTIFIER), PsiElement(Py:COMMA), PsiElement(Py:IDENTIFIER)]\",\"text\":\"e1, e2\",\"position\":[9404,9408]},{\"psi\":\"[PsiElement(Py:IDENTIFIER), PsiElement(Py:COMMA), PsiElement(Py:IDENTIFIER)]\",\"text\":\"e1, e2\",\"position\":[14567,14571]}]},{\"clone_length\":4,\"clones\":[{\"psi\":\"[PsiElement(Py:IF_KEYWORD), PsiElement(Py:IDENTIFIER), PsiElement(Py:IS_KEYWORD), PsiElement(Py:TRUE_KEYWORD)]\",\"text\":\"if time_delay_likelihood is True\",\"position\":[13841,13869]},{\"psi\":\"[PsiElement(Py:IF_KEYWORD), PsiElement(Py:IDENTIFIER), PsiElement(Py:IS_KEYWORD), PsiElement(Py:TRUE_KEYWORD)]\",\"text\":\"if time_delay_likelihood is True\",\"position\":[14860,14888]}]},{\"clone_length\":4,\"clones\":[{\"psi\":\"[PsiElement(Py:IDENTIFIER), PsiElement(Py:DOT), PsiElement(Py:IDENTIFIER), PsiElement(Py:LPAR)]\",\"text\":\"time.time(\",\"position\":[11616,11625]},{\"psi\":\"[PsiElement(Py:IDENTIFIER), PsiElement(Py:DOT), PsiElement(Py:IDENTIFIER), PsiElement(Py:LPAR)]\",\"text\":\"time.time(\",\"position\":[11741,11750]}]},{\"clone_length\":3,\"clones\":[{\"psi\":\"[PsiElement(Py:COLON), PsiElement(Py:FLOAT_LITERAL), PsiElement(Py:COMMA)]\",\"text\":\"\\u0027e1\\u0027: 0.1, \\u0027e2\\u0027\",\"position\":[1381,1386]},{\"psi\":\"[PsiElement(Py:COLON), PsiElement(Py:FLOAT_LITERAL), PsiElement(Py:COMMA)]\",\"text\":\"\\u0027e1\\u0027: 0.1, \\u0027e2\\u0027\",\"position\":[4299,4304]}]},{\"clone_length\":7,\"clones\":[{\"psi\":\"[PsiElement(Py:FOR_KEYWORD), PsiElement(Py:IDENTIFIER), PsiElement(Py:IN_KEYWORD), PsiElement(Py:IDENTIFIER), PsiElement(Py:LPAR), PsiElement(Py:IDENTIFIER), PsiElement(Py:LPAR)]\",\"text\":\"for i in range(len(\",\"position\":[12209,12227]},{\"psi\":\"[PsiElement(Py:FOR_KEYWORD), PsiElement(Py:IDENTIFIER), PsiElement(Py:IN_KEYWORD), PsiElement(Py:IDENTIFIER), PsiElement(Py:LPAR), PsiElement(Py:IDENTIFIER), PsiElement(Py:LPAR)]\",\"text\":\"for i in range(len(\",\"position\":[12581,12599]},{\"psi\":\"[PsiElement(Py:FOR_KEYWORD), PsiElement(Py:IDENTIFIER), PsiElement(Py:IN_KEYWORD), PsiElement(Py:IDENTIFIER), PsiElement(Py:LPAR), PsiElement(Py:IDENTIFIER), PsiElement(Py:LPAR)]\",\"text\":\"for i in range(len(\",\"position\":[13936,13954]}]},{\"clone_length\":15,\"clones\":[{\"psi\":\"[PsiElement(Py:FOR_KEYWORD), PsiElement(Py:IDENTIFIER), PsiElement(Py:IN_KEYWORD), PsiElement(Py:IDENTIFIER), PsiElement(Py:LPAR), PsiElement(Py:IDENTIFIER), PsiElement(Py:LPAR), PsiElement(Py:IDENTIFIER), PsiElement(Py:RPAR), PsiElement(Py:RPAR), PsiElement(Py:COLON), PsiElement(Py:IDENTIFIER), PsiElement(Py:DOT), PsiElement(Py:IDENTIFIER), PsiElement(Py:LPAR)]\",\"text\":\"for i in range(len(chain_list_pso)):\\n    chain_plot.plot_chain_list(\",\"position\":[12209,12276]},{\"psi\":\"[PsiElement(Py:FOR_KEYWORD), PsiElement(Py:IDENTIFIER), PsiElement(Py:IN_KEYWORD), PsiElement(Py:IDENTIFIER), PsiElement(Py:LPAR), PsiElement(Py:IDENTIFIER), PsiElement(Py:LPAR), PsiElement(Py:IDENTIFIER), PsiElement(Py:RPAR), PsiElement(Py:RPAR), PsiElement(Py:COLON), PsiElement(Py:IDENTIFIER), PsiElement(Py:DOT), PsiElement(Py:IDENTIFIER), PsiElement(Py:LPAR)]\",\"text\":\"for i in range(len(chain_list_pso)):\\n    chain_plot.plot_chain_list(\",\"position\":[12581,12648]}]},{\"clone_length\":4,\"clones\":[{\"psi\":\"[PsiElement(Py:TRUE_KEYWORD), PsiElement(Py:RPAR), PsiElement(Py:IDENTIFIER), PsiElement(Py:LPAR)]\",\"text\":\"True)\\nprint(\",\"position\":[12108,12119]},{\"psi\":\"[PsiElement(Py:TRUE_KEYWORD), PsiElement(Py:RPAR), PsiElement(Py:IDENTIFIER), PsiElement(Py:LPAR)]\",\"text\":\"True)\\n\\n# [___CELL_SEPARATOR___]\\nprint(\",\"position\":[15162,15199]}]},{\"clone_length\":11,\"clones\":[{\"psi\":\"[PsiElement(Py:IDENTIFIER), PsiElement(Py:EQ), PsiElement(Py:IDENTIFIER), PsiElement(Py:COMMA), PsiElement(Py:IDENTIFIER), PsiElement(Py:EQ), PsiElement(Py:IDENTIFIER), PsiElement(Py:COMMA), PsiElement(Py:IDENTIFIER), PsiElement(Py:EQ), PsiElement(Py:IDENTIFIER)]\",\"text\":\"cosmo\\u003dcosmo, z_lens\\u003dz_lens, z_source\\u003dz_source\",\"position\":[791,828]},{\"psi\":\"[PsiElement(Py:IDENTIFIER), PsiElement(Py:EQ), PsiElement(Py:IDENTIFIER), PsiElement(Py:COMMA), PsiElement(Py:IDENTIFIER), PsiElement(Py:EQ), PsiElement(Py:IDENTIFIER), PsiElement(Py:COMMA), PsiElement(Py:IDENTIFIER), PsiElement(Py:EQ), PsiElement(Py:IDENTIFIER)]\",\"text\":\"cosmo\\u003dcosmo, z_lens\\u003dz_lens, z_source\\u003dz_source\",\"position\":[1040,1077]}]},{\"clone_length\":12,\"clones\":[{\"psi\":\"[PsiElement(Py:IDENTIFIER), PsiElement(Py:DOT), PsiElement(Py:IDENTIFIER), PsiElement(Py:LPAR), PsiElement(Py:IDENTIFIER), PsiElement(Py:COMMA), PsiElement(Py:IDENTIFIER), PsiElement(Py:COMMA), PsiElement(Py:IDENTIFIER), PsiElement(Py:RPAR), PsiElement(Py:IDENTIFIER), PsiElement(Py:LPAR)]\",\"text\":\"lensModel.magnification(x_img, y_img, kwargs_lens)\\nprint(\",\"position\":[1954,2010]},{\"psi\":\"[PsiElement(Py:IDENTIFIER), PsiElement(Py:DOT), PsiElement(Py:IDENTIFIER), PsiElement(Py:LPAR), PsiElement(Py:IDENTIFIER), PsiElement(Py:COMMA), PsiElement(Py:IDENTIFIER), PsiElement(Py:COMMA), PsiElement(Py:IDENTIFIER), PsiElement(Py:RPAR), PsiElement(Py:IDENTIFIER), PsiElement(Py:LPAR)]\",\"text\":\"lensModel.arrival_time(x_img, y_img, kwargs_lens)\\nprint(\",\"position\":[2119,2174]}]},{\"clone_length\":4,\"clones\":[{\"psi\":\"[PsiElement(Py:IDENTIFIER), PsiElement(Py:EQ), PsiElement(Py:IDENTIFIER), PsiElement(Py:LPAR)]\",\"text\":\"lensModel \\u003d LensModel(\",\"position\":[985,1006]},{\"psi\":\"[PsiElement(Py:IDENTIFIER), PsiElement(Py:EQ), PsiElement(Py:IDENTIFIER), PsiElement(Py:LPAR)]\",\"text\":\"lensModel \\u003d LensModel(\",\"position\":[13597,13618]}]},{\"clone_length\":3,\"clones\":[{\"psi\":\"[PsiElement(Py:IDENTIFIER), PsiElement(Py:LPAR), PsiElement(Py:IDENTIFIER)]\",\"text\":\"print(kwargs_result\",\"position\":[12114,12120]},{\"psi\":\"[PsiElement(Py:IDENTIFIER), PsiElement(Py:LPAR), PsiElement(Py:IDENTIFIER)]\",\"text\":\"print(kwargs_result\",\"position\":[15215,15221]}]},{\"clone_length\":4,\"clones\":[{\"psi\":\"[PsiElement(Py:IDENTIFIER), PsiElement(Py:DOT), PsiElement(Py:IDENTIFIER), PsiElement(Py:LPAR)]\",\"text\":\"param.num_param(\",\"position\":[13577,13592]},{\"psi\":\"[PsiElement(Py:IDENTIFIER), PsiElement(Py:DOT), PsiElement(Py:IDENTIFIER), PsiElement(Py:LPAR)]\",\"text\":\"param.args2kwargs(\",\"position\":[14098,14115]}]},{\"clone_length\":5,\"clones\":[{\"psi\":\"[PsiElement(Py:COLON), PsiElement(Py:INTEGER_LITERAL), PsiElement(Py:COMMA), PsiElement(Py:COLON), PsiElement(Py:INTEGER_LITERAL)]\",\"text\":\"\\u0027center_x\\u0027: 0, \\u0027center_y\\u0027: 0\",\"position\":[1422,1439]},{\"psi\":\"[PsiElement(Py:COLON), PsiElement(Py:INTEGER_LITERAL), PsiElement(Py:COMMA), PsiElement(Py:COLON), PsiElement(Py:INTEGER_LITERAL)]\",\"text\":\"\\u0027center_x\\u0027: 0, \\u0027center_y\\u0027: 0\",\"position\":[4189,4206]}]},{\"clone_length\":5,\"clones\":[{\"psi\":\"[PsiElement(Py:IDENTIFIER), PsiElement(Py:RPAR), PsiElement(Py:RPAR), PsiElement(Py:IDENTIFIER), PsiElement(Py:LPAR)]\",\"text\":\"param_mcmc))\\nprint(\",\"position\":[12835,12853]},{\"psi\":\"[PsiElement(Py:IDENTIFIER), PsiElement(Py:RPAR), PsiElement(Py:IDENTIFIER), PsiElement(Py:LPAR)]\",\"text\":\"param_mcmc)\\nprint(\",\"position\":[12879,12896]}]},{\"clone_length\":4,\"clones\":[{\"psi\":\"[PsiElement(Py:IDENTIFIER), PsiElement(Py:DOT), PsiElement(Py:IDENTIFIER), PsiElement(Py:LPAR)]\",\"text\":\"param_util.ellipticity2phi_q(\",\"position\":[14640,14668]},{\"psi\":\"[PsiElement(Py:IDENTIFIER), PsiElement(Py:DOT), PsiElement(Py:IDENTIFIER), PsiElement(Py:LPAR)]\",\"text\":\"param_util.shear_cartesian2polar(\",\"position\":[14702,14734]}]},{\"clone_length\":5,\"clones\":[{\"psi\":\"[PsiElement(Py:IDENTIFIER), PsiElement(Py:DOT), PsiElement(Py:IDENTIFIER), PsiElement(Py:LPAR), PsiElement(Py:LBRACE)]\",\"text\":\"kwargs_lower_lens.append({\",\"position\":[4405,4430]},{\"psi\":\"[PsiElement(Py:IDENTIFIER), PsiElement(Py:DOT), PsiElement(Py:IDENTIFIER), PsiElement(Py:LPAR), PsiElement(Py:LBRACE)]\",\"text\":\"kwargs_lower_lens.append({\",\"position\":[4904,4929]}]},{\"clone_length\":3,\"clones\":[{\"psi\":\"[PsiElement(Py:IDENTIFIER), PsiElement(Py:LBRACKET), PsiElement(Py:INTEGER_LITERAL)]\",\"text\":\"kwargs_ps_out[0\",\"position\":[14367,14381]},{\"psi\":\"[PsiElement(Py:IDENTIFIER), PsiElement(Py:LBRACKET), PsiElement(Py:INTEGER_LITERAL)]\",\"text\":\"kwargs_ps_out[0\",\"position\":[14397,14411]}]},{\"clone_length\":19,\"clones\":[{\"psi\":\"[PsiElement(Py:IDENTIFIER), PsiElement(Py:EQ), PsiElement(Py:NONE_KEYWORD), PsiElement(Py:COMMA), PsiElement(Py:IDENTIFIER), PsiElement(Py:EQ), PsiElement(Py:NONE_KEYWORD), PsiElement(Py:COMMA), PsiElement(Py:IDENTIFIER), PsiElement(Py:EQ), PsiElement(Py:NONE_KEYWORD), PsiElement(Py:COMMA), PsiElement(Py:IDENTIFIER), PsiElement(Py:EQ), PsiElement(Py:NONE_KEYWORD), PsiElement(Py:COMMA), PsiElement(Py:IDENTIFIER), PsiElement(Py:EQ), PsiElement(Py:NONE_KEYWORD)]\",\"text\":\"kwargs_source\\u003dNone, kwargs_lens_light\\u003dNone, kwargs_ps\\u003dNone, kwargs_special\\u003dNone, kwargs_extinction\\u003dNone\",\"position\":[8482,8581]},{\"psi\":\"[PsiElement(Py:IDENTIFIER), PsiElement(Py:EQ), PsiElement(Py:NONE_KEYWORD), PsiElement(Py:COMMA), PsiElement(Py:IDENTIFIER), PsiElement(Py:EQ), PsiElement(Py:NONE_KEYWORD), PsiElement(Py:COMMA), PsiElement(Py:IDENTIFIER), PsiElement(Py:EQ), PsiElement(Py:NONE_KEYWORD), PsiElement(Py:COMMA), PsiElement(Py:IDENTIFIER), PsiElement(Py:EQ), PsiElement(Py:NONE_KEYWORD), PsiElement(Py:COMMA), PsiElement(Py:IDENTIFIER), PsiElement(Py:EQ), PsiElement(Py:NONE_KEYWORD)]\",\"text\":\"kwargs_source\\u003dNone, kwargs_lens_light\\u003dNone, kwargs_ps\\u003dNone, kwargs_special\\u003dNone, kwargs_extinction\\u003dNone\",\"position\":[8757,8856]}]},{\"clone_length\":12,\"clones\":[{\"psi\":\"[PsiElement(Py:IDENTIFIER), PsiElement(Py:DOT), PsiElement(Py:IDENTIFIER), PsiElement(Py:LPAR), PsiElement(Py:IDENTIFIER), PsiElement(Py:RPAR), PsiElement(Py:IDENTIFIER), PsiElement(Py:EQ), PsiElement(Py:IDENTIFIER), PsiElement(Py:DOT), PsiElement(Py:IDENTIFIER), PsiElement(Py:LPAR)]\",\"text\":\"fitting_seq.fit_sequence(fitting_kwargs_list)\\nkwargs_result \\u003d fitting_seq.best_fit(\",\"position\":[11645,11727]},{\"psi\":\"[PsiElement(Py:IDENTIFIER), PsiElement(Py:DOT), PsiElement(Py:IDENTIFIER), PsiElement(Py:LPAR), PsiElement(Py:IDENTIFIER), PsiElement(Py:RPAR), PsiElement(Py:IDENTIFIER), PsiElement(Py:EQ), PsiElement(Py:IDENTIFIER), PsiElement(Py:DOT), PsiElement(Py:IDENTIFIER), PsiElement(Py:LPAR)]\",\"text\":\"fitting_seq.fit_sequence(fitting_kwargs_list)\\nkwargs_result \\u003d fitting_seq.best_fit(\",\"position\":[12471,12553]}]},{\"clone_length\":6,\"clones\":[{\"psi\":\"[PsiElement(Py:IDENTIFIER), PsiElement(Py:DOT), PsiElement(Py:IDENTIFIER), PsiElement(Py:DOT), PsiElement(Py:IDENTIFIER), PsiElement(Py:LPAR)]\",\"text\":\"fitting_seq.param_class.kwargs2args(\",\"position\":[11993,12028]},{\"psi\":\"[PsiElement(Py:IDENTIFIER), PsiElement(Py:DOT), PsiElement(Py:IDENTIFIER), PsiElement(Py:DOT), PsiElement(Py:IDENTIFIER), PsiElement(Py:LPAR)]\",\"text\":\"fitting_seq.likelihoodModule.logL(\",\"position\":[12053,12086]}]},{\"clone_length\":5,\"clones\":[{\"psi\":\"[PsiElement(Py:IDENTIFIER), PsiElement(Py:DOT), PsiElement(Py:IDENTIFIER), PsiElement(Py:LPAR), PsiElement(Py:LBRACE)]\",\"text\":\"fixed_lens.append({\",\"position\":[4037,4055]},{\"psi\":\"[PsiElement(Py:IDENTIFIER), PsiElement(Py:DOT), PsiElement(Py:IDENTIFIER), PsiElement(Py:LPAR), PsiElement(Py:LBRACE)]\",\"text\":\"fixed_lens.append({\",\"position\":[4746,4764]}]},{\"clone_length\":11,\"clones\":[{\"psi\":\"[PsiElement(Py:IDENTIFIER), PsiElement(Py:EQ), PsiElement(Py:IDENTIFIER), PsiElement(Py:COMMA), PsiElement(Py:IDENTIFIER), PsiElement(Py:EQ), PsiElement(Py:IDENTIFIER), PsiElement(Py:COMMA), PsiElement(Py:IDENTIFIER), PsiElement(Py:EQ), PsiElement(Py:IDENTIFIER)]\",\"text\":\"kwargs_lens\\u003dkwargs_lens, sourcePos_x\\u003dx_source, \\n                                                             sourcePos_y\\u003dy_source\",\"position\":[1700,1821]},{\"psi\":\"[PsiElement(Py:IDENTIFIER), PsiElement(Py:EQ), PsiElement(Py:IDENTIFIER), PsiElement(Py:COMMA), PsiElement(Py:IDENTIFIER), PsiElement(Py:EQ), PsiElement(Py:IDENTIFIER), PsiElement(Py:COMMA), PsiElement(Py:IDENTIFIER), PsiElement(Py:EQ), PsiElement(Py:IDENTIFIER)]\",\"text\":\"kwargs_lens\\u003dkwargs_lens, sourcePos_x\\u003dx_source, sourcePos_y\\u003dy_source\",\"position\":[2408,2467]}]},{\"clone_length\":3,\"clones\":[{\"psi\":\"[PsiElement(Py:IDENTIFIER), PsiElement(Py:LBRACKET), PsiElement(Py:INTEGER_LITERAL)]\",\"text\":\"kwargs_lens[0\",\"position\":[9199,9211]},{\"psi\":\"[PsiElement(Py:IDENTIFIER), PsiElement(Py:LBRACKET), PsiElement(Py:INTEGER_LITERAL)]\",\"text\":\"kwargs_lens[0\",\"position\":[9413,9425]},{\"psi\":\"[PsiElement(Py:IDENTIFIER), PsiElement(Py:LBRACKET), PsiElement(Py:INTEGER_LITERAL)]\",\"text\":\"kwargs_lens[0\",\"position\":[9435,9447]}]},{\"clone_length\":1,\"clones\":[{\"psi\":\"[PsiElement(Py:IDENTIFIER)]\",\"text\":\"kwargs_lens\",\"position\":[9413,9413]},{\"psi\":\"[PsiElement(Py:IDENTIFIER)]\",\"text\":\"kwargs_lens\",\"position\":[9839,9839]}]},{\"clone_length\":3,\"clones\":[{\"psi\":\"[PsiElement(Py:IDENTIFIER), PsiElement(Py:LBRACKET), PsiElement(Py:INTEGER_LITERAL)]\",\"text\":\"kwargs_lens[1\",\"position\":[9839,9851]},{\"psi\":\"[PsiElement(Py:IDENTIFIER), PsiElement(Py:LBRACKET), PsiElement(Py:INTEGER_LITERAL)]\",\"text\":\"kwargs_lens[1\",\"position\":[9865,9877]}]},{\"clone_length\":1,\"clones\":[{\"psi\":\"[PsiElement(Py:IDENTIFIER)]\",\"text\":\"lenstronomy\",\"position\":[220,220]},{\"psi\":\"[PsiElement(Py:IDENTIFIER)]\",\"text\":\"lenstronomy\",\"position\":[13071,13071]}]},{\"clone_length\":4,\"clones\":[{\"psi\":\"[PsiElement(Py:IDENTIFIER), PsiElement(Py:EQ), PsiElement(Py:LBRACKET), PsiElement(Py:LBRACKET)]\",\"text\":\"fitting_kwargs_list \\u003d [#[\\u0027update_settings\\u0027, {\\u0027lens_add_fixed\\u0027: [[0, [\\u0027gamma\\u0027]]]}],  # you can add additional fixed parameters if you want\\n                       [\",\"position\":[11369,11530]},{\"psi\":\"[PsiElement(Py:IDENTIFIER), PsiElement(Py:EQ), PsiElement(Py:LBRACKET), PsiElement(Py:LBRACKET)]\",\"text\":\"fitting_kwargs_list \\u003d [\\n    [\",\"position\":[12346,12374]}]},{\"clone_length\":5,\"clones\":[{\"psi\":\"[PsiElement(Py:IDENTIFIER), PsiElement(Py:DOT), PsiElement(Py:IDENTIFIER), PsiElement(Py:LPAR), PsiElement(Py:LBRACE)]\",\"text\":\"kwargs_lens_sigma.append({\",\"position\":[4254,4279]},{\"psi\":\"[PsiElement(Py:IDENTIFIER), PsiElement(Py:DOT), PsiElement(Py:IDENTIFIER), PsiElement(Py:LPAR), PsiElement(Py:LBRACE)]\",\"text\":\"kwargs_lens_sigma.append({\",\"position\":[4845,4870]}]},{\"clone_length\":3,\"clones\":[{\"psi\":\"[PsiElement(Py:IDENTIFIER), PsiElement(Py:LBRACKET), PsiElement(Py:INTEGER_LITERAL)]\",\"text\":\"kwargs_lens_out[0\",\"position\":[14493,14509]},{\"psi\":\"[PsiElement(Py:IDENTIFIER), PsiElement(Py:LBRACKET), PsiElement(Py:INTEGER_LITERAL)]\",\"text\":\"kwargs_lens_out[0\",\"position\":[14535,14551]},{\"psi\":\"[PsiElement(Py:IDENTIFIER), PsiElement(Py:LBRACKET), PsiElement(Py:INTEGER_LITERAL)]\",\"text\":\"kwargs_lens_out[0\",\"position\":[14576,14592]},{\"psi\":\"[PsiElement(Py:IDENTIFIER), PsiElement(Py:LBRACKET), PsiElement(Py:INTEGER_LITERAL)]\",\"text\":\"kwargs_lens_out[0\",\"position\":[14602,14618]}]},{\"clone_length\":3,\"clones\":[{\"psi\":\"[PsiElement(Py:IDENTIFIER), PsiElement(Py:LBRACKET), PsiElement(Py:INTEGER_LITERAL)]\",\"text\":\"kwargs_lens_out[1\",\"position\":[14735,14751]},{\"psi\":\"[PsiElement(Py:IDENTIFIER), PsiElement(Py:LBRACKET), PsiElement(Py:INTEGER_LITERAL)]\",\"text\":\"kwargs_lens_out[1\",\"position\":[14765,14781]}]},{\"clone_length\":5,\"clones\":[{\"psi\":\"[PsiElement(Py:IDENTIFIER), PsiElement(Py:DOT), PsiElement(Py:IDENTIFIER), PsiElement(Py:LPAR), PsiElement(Py:LBRACE)]\",\"text\":\"kwargs_upper_lens.append({\",\"position\":[4560,4585]},{\"psi\":\"[PsiElement(Py:IDENTIFIER), PsiElement(Py:DOT), PsiElement(Py:IDENTIFIER), PsiElement(Py:LPAR), PsiElement(Py:LBRACE)]\",\"text\":\"kwargs_upper_lens.append({\",\"position\":[4963,4988]}]}]}","initial_tree_length":1726,"project_name":"2728ed3d90f097d555433273c39e08a6847aeabe","file_name":"2728ed3d90f097d555433273c39e08a6847aeabe.ipynb.py"}