{"3":"{\"totalGroups\":18,\"totalClones\":61,\"groups\":[{\"clone_length\":6,\"clones\":[{\"psi\":\"[PsiElement(Py:IDENTIFIER), PsiElement(Py:DOT), PsiElement(Py:IDENTIFIER), PsiElement(Py:DOT), PsiElement(Py:IDENTIFIER), PsiElement(Py:LPAR)]\",\"text\":\"skmultiflow.drift_detection.EDDM(\",\"position\":[5006,5038]},{\"psi\":\"[PsiElement(Py:IDENTIFIER), PsiElement(Py:DOT), PsiElement(Py:IDENTIFIER), PsiElement(Py:DOT), PsiElement(Py:IDENTIFIER), PsiElement(Py:LPAR)]\",\"text\":\"skmultiflow.drift_detection.PageHinkley(\",\"position\":[5071,5110]},{\"psi\":\"[PsiElement(Py:IDENTIFIER), PsiElement(Py:DOT), PsiElement(Py:IDENTIFIER), PsiElement(Py:DOT), PsiElement(Py:IDENTIFIER), PsiElement(Py:LPAR)]\",\"text\":\"skmultiflow.drift_detection.DDM(\",\"position\":[5268,5299]}]},{\"clone_length\":8,\"clones\":[{\"psi\":\"[PsiElement(Py:IDENTIFIER), PsiElement(Py:DOT), PsiElement(Py:IDENTIFIER), PsiElement(Py:EQ), PsiElement(Py:IDENTIFIER), PsiElement(Py:DOT), PsiElement(Py:IDENTIFIER), PsiElement(Py:OR_KEYWORD)]\",\"text\":\"mlconf.dbpath \\u003d mlconf.dbpath or \\u0027http://mlrun-api:8080\\u0027\",\"position\":[4471,4501]},{\"psi\":\"[PsiElement(Py:IDENTIFIER), PsiElement(Py:DOT), PsiElement(Py:IDENTIFIER), PsiElement(Py:EQ), PsiElement(Py:IDENTIFIER), PsiElement(Py:DOT), PsiElement(Py:IDENTIFIER), PsiElement(Py:OR_KEYWORD)]\",\"text\":\"mlconf.dbpath \\u003d mlconf.dbpath or \\u0027http://mlrun-api:8080\\u0027\",\"position\":[7959,7989]}]},{\"clone_length\":5,\"clones\":[{\"psi\":\"[PsiElement(Py:IDENTIFIER), PsiElement(Py:MINUS), PsiElement(Py:IDENTIFIER), PsiElement(Py:IDENTIFIER), PsiElement(Py:IDENTIFIER)]\",\"text\":\"python -m pip install\",\"position\":[106,120]},{\"psi\":\"[PsiElement(Py:IDENTIFIER), PsiElement(Py:MINUS), PsiElement(Py:IDENTIFIER), PsiElement(Py:IDENTIFIER), PsiElement(Py:IDENTIFIER)]\",\"text\":\"python -m pip install\",\"position\":[152,166]}]},{\"clone_length\":3,\"clones\":[{\"psi\":\"[PsiElement(Py:LBRACKET), PsiElement(Py:COMMA), PsiElement(Py:COMMA)]\",\"text\":\"[\\u0027ddm\\u0027, \\u0027eddm\\u0027, \\u0027pagehinkley\\u0027\",\"position\":[2104,2118]},{\"psi\":\"[PsiElement(Py:LBRACKET), PsiElement(Py:COMMA), PsiElement(Py:COMMA)]\",\"text\":\"[\\u0027ddm\\u0027, \\u0027eddm\\u0027, \\u0027pagehinkley\\u0027\",\"position\":[7190,7204]}]},{\"clone_length\":1,\"clones\":[{\"psi\":\"[PsiElement(Py:IDENTIFIER)]\",\"text\":\"os\",\"position\":[4926,4926]},{\"psi\":\"[PsiElement(Py:IDENTIFIER)]\",\"text\":\"os\",\"position\":[4926,4926]},{\"psi\":\"[PsiElement(Py:IDENTIFIER)]\",\"text\":\"os\",\"position\":[6179,6179]}]},{\"clone_length\":4,\"clones\":[{\"psi\":\"[PsiElement(Py:IDENTIFIER), PsiElement(Py:DOT), PsiElement(Py:IDENTIFIER), PsiElement(Py:LPAR)]\",\"text\":\"os.getenv(\",\"position\":[4926,4935]},{\"psi\":\"[PsiElement(Py:IDENTIFIER), PsiElement(Py:DOT), PsiElement(Py:IDENTIFIER), PsiElement(Py:DOT), PsiElement(Py:IDENTIFIER), PsiElement(Py:LPAR)]\",\"text\":\"os.path.join(\",\"position\":[6179,6191]}]},{\"clone_length\":5,\"clones\":[{\"psi\":\"[PsiElement(Py:IDENTIFIER), PsiElement(Py:DOT), PsiElement(Py:IDENTIFIER), PsiElement(Py:LPAR), PsiElement(Py:LBRACE)]\",\"text\":\"fn.set_envs({\",\"position\":[6144,6156]},{\"psi\":\"[PsiElement(Py:IDENTIFIER), PsiElement(Py:DOT), PsiElement(Py:IDENTIFIER), PsiElement(Py:LPAR), PsiElement(Py:LBRACE)]\",\"text\":\"fn.set_envs({\",\"position\":[6402,6414]}]},{\"clone_length\":12,\"clones\":[{\"psi\":\"[PsiElement(Py:IDENTIFIER), PsiElement(Py:DOT), PsiElement(Py:IDENTIFIER), PsiElement(Py:LPAR), PsiElement(Py:IDENTIFIER), PsiElement(Py:LPAR), PsiElement(Py:RPAR), PsiElement(Py:RPAR), PsiElement(Py:IDENTIFIER), PsiElement(Py:DOT), PsiElement(Py:IDENTIFIER), PsiElement(Py:LPAR)]\",\"text\":\"fn.apply(mount_v3io())\\n    fn.deploy(\",\"position\":[6847,6883]},{\"psi\":\"[PsiElement(Py:IDENTIFIER), PsiElement(Py:DOT), PsiElement(Py:IDENTIFIER), PsiElement(Py:LPAR), PsiElement(Py:IDENTIFIER), PsiElement(Py:LPAR), PsiElement(Py:RPAR), PsiElement(Py:RPAR), PsiElement(Py:IDENTIFIER), PsiElement(Py:DOT), PsiElement(Py:IDENTIFIER), PsiElement(Py:LPAR)]\",\"text\":\"fn.apply(mount_v3io())\\n# [___CELL_SEPARATOR___]\\nfn.deploy(\",\"position\":[8574,8631]}]},{\"clone_length\":3,\"clones\":[{\"psi\":\"[PsiElement(Py:FSTRING_START), PsiElement(Py:FSTRING_FRAGMENT_START), PsiElement(Py:IDENTIFIER)]\",\"text\":\"f\\u0027{name\",\"position\":[5908,5911]},{\"psi\":\"[PsiElement(Py:FSTRING_START), PsiElement(Py:FSTRING_FRAGMENT_START), PsiElement(Py:IDENTIFIER)]\",\"text\":\"f\\u0027{name\",\"position\":[5948,5951]},{\"psi\":\"[PsiElement(Py:FSTRING_START), PsiElement(Py:FSTRING_FRAGMENT_START), PsiElement(Py:IDENTIFIER)]\",\"text\":\"f\\u0027{name\",\"position\":[6157,6160]}]},{\"clone_length\":3,\"clones\":[{\"psi\":\"[PsiElement(Py:IDENTIFIER), PsiElement(Py:LPAR), PsiElement(Py:IDENTIFIER)]\",\"text\":\"len(error_stream\",\"position\":[5125,5129]},{\"psi\":\"[PsiElement(Py:IDENTIFIER), PsiElement(Py:LPAR), PsiElement(Py:IDENTIFIER)]\",\"text\":\"len(error_stream\",\"position\":[5318,5322]},{\"psi\":\"[PsiElement(Py:IDENTIFIER), PsiElement(Py:LPAR), PsiElement(Py:IDENTIFIER)]\",\"text\":\"len(error_stream\",\"position\":[5620,5624]}]},{\"clone_length\":1,\"clones\":[{\"psi\":\"[PsiElement(Py:IDENTIFIER)]\",\"text\":\"self\",\"position\":[1202,1202]},{\"psi\":\"[PsiElement(Py:IDENTIFIER)]\",\"text\":\"self\",\"position\":[1273,1273]},{\"psi\":\"[PsiElement(Py:IDENTIFIER)]\",\"text\":\"self\",\"position\":[1446,1446]},{\"psi\":\"[PsiElement(Py:IDENTIFIER)]\",\"text\":\"self\",\"position\":[1548,1548]},{\"psi\":\"[PsiElement(Py:IDENTIFIER)]\",\"text\":\"self\",\"position\":[1354,1354]},{\"psi\":\"[PsiElement(Py:IDENTIFIER)]\",\"text\":\"self\",\"position\":[1273,1273]},{\"psi\":\"[PsiElement(Py:IDENTIFIER)]\",\"text\":\"self\",\"position\":[1446,1446]},{\"psi\":\"[PsiElement(Py:IDENTIFIER)]\",\"text\":\"self\",\"position\":[1548,1548]},{\"psi\":\"[PsiElement(Py:IDENTIFIER)]\",\"text\":\"self\",\"position\":[1354,1354]}]},{\"clone_length\":4,\"clones\":[{\"psi\":\"[PsiElement(Py:IDENTIFIER), PsiElement(Py:DOT), PsiElement(Py:IDENTIFIER), PsiElement(Py:LBRACKET)]\",\"text\":\"self._struct[\\u0027attributes\\u0027\",\"position\":[1273,1285]},{\"psi\":\"[PsiElement(Py:IDENTIFIER), PsiElement(Py:DOT), PsiElement(Py:IDENTIFIER), PsiElement(Py:LBRACKET)]\",\"text\":\"self._struct[\\u0027attributes\\u0027\",\"position\":[1446,1458]},{\"psi\":\"[PsiElement(Py:IDENTIFIER), PsiElement(Py:DOT), PsiElement(Py:IDENTIFIER), PsiElement(Py:LBRACKET)]\",\"text\":\"self._struct[\\u0027attributes\\u0027\",\"position\":[1548,1560]},{\"psi\":\"[PsiElement(Py:IDENTIFIER), PsiElement(Py:DOT), PsiElement(Py:IDENTIFIER), PsiElement(Py:LBRACKET)]\",\"text\":\"self._struct[\\u0027attributes\\u0027\",\"position\":[1354,1366]}]},{\"clone_length\":6,\"clones\":[{\"psi\":\"[PsiElement(Py:IDENTIFIER), PsiElement(Py:IN_KEYWORD), PsiElement(Py:IDENTIFIER), PsiElement(Py:DOT), PsiElement(Py:IDENTIFIER), PsiElement(Py:LPAR)]\",\"text\":\"model in models.items(\",\"position\":[5664,5685]},{\"psi\":\"[PsiElement(Py:IDENTIFIER), PsiElement(Py:IN_KEYWORD), PsiElement(Py:IDENTIFIER), PsiElement(Py:DOT), PsiElement(Py:IDENTIFIER), PsiElement(Py:LPAR)]\",\"text\":\"model in models.items(\",\"position\":[5834,5855]}]},{\"clone_length\":1,\"clones\":[{\"psi\":\"[PsiElement(Py:IDENTIFIER)]\",\"text\":\"model\",\"position\":[5701,5701]},{\"psi\":\"[PsiElement(Py:IDENTIFIER)]\",\"text\":\"model\",\"position\":[5701,5701]}]},{\"clone_length\":4,\"clones\":[{\"psi\":\"[PsiElement(Py:IDENTIFIER), PsiElement(Py:DOT), PsiElement(Py:IDENTIFIER), PsiElement(Py:LPAR)]\",\"text\":\"model.strip(\",\"position\":[4899,4910]},{\"psi\":\"[PsiElement(Py:IDENTIFIER), PsiElement(Py:DOT), PsiElement(Py:IDENTIFIER), PsiElement(Py:LPAR)]\",\"text\":\"model.add_element(\",\"position\":[5701,5718]}]},{\"clone_length\":5,\"clones\":[{\"psi\":\"[PsiElement(Py:IDENTIFIER), PsiElement(Py:IMPORT_KEYWORD), PsiElement(Py:IDENTIFIER), PsiElement(Py:COMMA), PsiElement(Py:IDENTIFIER)]\",\"text\":\"mlrun import run_local, NewTask\",\"position\":[6983,7007]},{\"psi\":\"[PsiElement(Py:IDENTIFIER), PsiElement(Py:IMPORT_KEYWORD), PsiElement(Py:IDENTIFIER), PsiElement(Py:COMMA), PsiElement(Py:IDENTIFIER)]\",\"text\":\"mlrun import run_local, NewTask\",\"position\":[7872,7896]}]},{\"clone_length\":1,\"clones\":[{\"psi\":\"[PsiElement(Py:IDENTIFIER)]\",\"text\":\"context\",\"position\":[4652,4652]},{\"psi\":\"[PsiElement(Py:IDENTIFIER)]\",\"text\":\"context\",\"position\":[5553,5553]},{\"psi\":\"[PsiElement(Py:IDENTIFIER)]\",\"text\":\"context\",\"position\":[6332,6332]},{\"psi\":\"[PsiElement(Py:IDENTIFIER)]\",\"text\":\"context\",\"position\":[4846,4846]},{\"psi\":\"[PsiElement(Py:IDENTIFIER)]\",\"text\":\"context\",\"position\":[5776,5776]},{\"psi\":\"[PsiElement(Py:IDENTIFIER)]\",\"text\":\"context\",\"position\":[4652,4652]},{\"psi\":\"[PsiElement(Py:IDENTIFIER)]\",\"text\":\"context\",\"position\":[5553,5553]},{\"psi\":\"[PsiElement(Py:IDENTIFIER)]\",\"text\":\"context\",\"position\":[6332,6332]},{\"psi\":\"[PsiElement(Py:IDENTIFIER)]\",\"text\":\"context\",\"position\":[5930,5930]},{\"psi\":\"[PsiElement(Py:IDENTIFIER)]\",\"text\":\"context\",\"position\":[4846,4846]},{\"psi\":\"[PsiElement(Py:IDENTIFIER)]\",\"text\":\"context\",\"position\":[5776,5776]}]},{\"clone_length\":6,\"clones\":[{\"psi\":\"[PsiElement(Py:IDENTIFIER), PsiElement(Py:DOT), PsiElement(Py:IDENTIFIER), PsiElement(Py:DOT), PsiElement(Py:IDENTIFIER), PsiElement(Py:LPAR)]\",\"text\":\"context.logger.info(\",\"position\":[4652,4671]},{\"psi\":\"[PsiElement(Py:IDENTIFIER), PsiElement(Py:DOT), PsiElement(Py:IDENTIFIER), PsiElement(Py:DOT), PsiElement(Py:IDENTIFIER), PsiElement(Py:LPAR)]\",\"text\":\"context.logger.info(\",\"position\":[5553,5572]},{\"psi\":\"[PsiElement(Py:IDENTIFIER), PsiElement(Py:DOT), PsiElement(Py:IDENTIFIER), PsiElement(Py:DOT), PsiElement(Py:IDENTIFIER), PsiElement(Py:LPAR)]\",\"text\":\"context.logger.info(\",\"position\":[6332,6351]},{\"psi\":\"[PsiElement(Py:IDENTIFIER), PsiElement(Py:DOT), PsiElement(Py:IDENTIFIER), PsiElement(Py:DOT), PsiElement(Py:IDENTIFIER), PsiElement(Py:LPAR)]\",\"text\":\"context.logger.info(\",\"position\":[4846,4865]},{\"psi\":\"[PsiElement(Py:IDENTIFIER), PsiElement(Py:DOT), PsiElement(Py:IDENTIFIER), PsiElement(Py:DOT), PsiElement(Py:IDENTIFIER), PsiElement(Py:LPAR)]\",\"text\":\"context.logger.info(\",\"position\":[5776,5795]}]}]}","initial_tree_length":830,"project_name":"27df66b9ab1624f2533fa873a31a460fb7c1e68d","file_name":"27df66b9ab1624f2533fa873a31a460fb7c1e68d.ipynb.py"}