{"3":"{\"totalGroups\":30,\"totalClones\":75,\"groups\":[{\"clone_length\":1,\"clones\":[{\"psi\":\"[PsiElement(Py:IDENTIFIER)]\",\"text\":\"list_mols\",\"position\":[2675,2675]},{\"psi\":\"[PsiElement(Py:IDENTIFIER)]\",\"text\":\"list_mols\",\"position\":[2675,2675]},{\"psi\":\"[PsiElement(Py:IDENTIFIER)]\",\"text\":\"list_mols\",\"position\":[2786,2786]}]},{\"clone_length\":8,\"clones\":[{\"psi\":\"[PsiElement(Py:IDENTIFIER), PsiElement(Py:DOT), PsiElement(Py:IDENTIFIER), PsiElement(Py:LPAR), PsiElement(Py:RPAR), PsiElement(Py:RPAR), PsiElement(Py:IF_KEYWORD), PsiElement(Py:NOT_KEYWORD)]\",\"text\":\"oechem.OEAbsCanonicalConfTest()) \\n\\nif not\",\"position\":[761,799]},{\"psi\":\"[PsiElement(Py:IDENTIFIER), PsiElement(Py:DOT), PsiElement(Py:IDENTIFIER), PsiElement(Py:LPAR), PsiElement(Py:RPAR), PsiElement(Py:RPAR), PsiElement(Py:IF_KEYWORD), PsiElement(Py:NOT_KEYWORD)]\",\"text\":\"oechem.OEAbsCanonicalConfTest()) \\n\\nif not\",\"position\":[2382,2420]},{\"psi\":\"[PsiElement(Py:IDENTIFIER), PsiElement(Py:DOT), PsiElement(Py:IDENTIFIER), PsiElement(Py:LPAR), PsiElement(Py:RPAR), PsiElement(Py:RPAR), PsiElement(Py:IF_KEYWORD), PsiElement(Py:NOT_KEYWORD)]\",\"text\":\"oechem.OEAbsCanonicalConfTest()) \\n\\nif not\",\"position\":[3643,3681]},{\"psi\":\"[PsiElement(Py:IDENTIFIER), PsiElement(Py:DOT), PsiElement(Py:IDENTIFIER), PsiElement(Py:LPAR), PsiElement(Py:RPAR), PsiElement(Py:IF_KEYWORD), PsiElement(Py:NOT_KEYWORD)]\",\"text\":\"oechem.oemolostream()\\n\\nif not\",\"position\":[3181,3207]},{\"psi\":\"[PsiElement(Py:IDENTIFIER), PsiElement(Py:DOT), PsiElement(Py:IDENTIFIER), PsiElement(Py:LPAR), PsiElement(Py:RPAR), PsiElement(Py:IF_KEYWORD), PsiElement(Py:NOT_KEYWORD)]\",\"text\":\"oechem.oemolostream()\\n\\nif not\",\"position\":[3881,3907]}]},{\"clone_length\":5,\"clones\":[{\"psi\":\"[PsiElement(Py:IDENTIFIER), PsiElement(Py:DOT), PsiElement(Py:IDENTIFIER), PsiElement(Py:LPAR), PsiElement(Py:IDENTIFIER)]\",\"text\":\"oechem.OEMolToSmiles(conf\",\"position\":[1082,1103]},{\"psi\":\"[PsiElement(Py:IDENTIFIER), PsiElement(Py:DOT), PsiElement(Py:IDENTIFIER), PsiElement(Py:LPAR), PsiElement(Py:IDENTIFIER)]\",\"text\":\"oechem.OEGraphMol(conf\",\"position\":[2692,2710]}]},{\"clone_length\":1,\"clones\":[{\"psi\":\"[PsiElement(Py:IDENTIFIER)]\",\"text\":\"oechem\",\"position\":[3325,3325]},{\"psi\":\"[PsiElement(Py:IDENTIFIER)]\",\"text\":\"oechem\",\"position\":[3234,3234]},{\"psi\":\"[PsiElement(Py:IDENTIFIER)]\",\"text\":\"oechem\",\"position\":[3934,3934]},{\"psi\":\"[PsiElement(Py:IDENTIFIER)]\",\"text\":\"oechem\",\"position\":[3234,3234]},{\"psi\":\"[PsiElement(Py:IDENTIFIER)]\",\"text\":\"oechem\",\"position\":[3934,3934]}]},{\"clone_length\":4,\"clones\":[{\"psi\":\"[PsiElement(Py:IDENTIFIER), PsiElement(Py:DOT), PsiElement(Py:IDENTIFIER), PsiElement(Py:LPAR)]\",\"text\":\"oechem.OEWriteConstMolecule(\",\"position\":[3325,3352]},{\"psi\":\"[PsiElement(Py:IDENTIFIER), PsiElement(Py:DOT), PsiElement(Py:IDENTIFIER), PsiElement(Py:DOT), PsiElement(Py:IDENTIFIER), PsiElement(Py:LPAR)]\",\"text\":\"oechem.OEThrow.Fatal(\",\"position\":[3234,3254]},{\"psi\":\"[PsiElement(Py:IDENTIFIER), PsiElement(Py:DOT), PsiElement(Py:IDENTIFIER), PsiElement(Py:DOT), PsiElement(Py:IDENTIFIER), PsiElement(Py:LPAR)]\",\"text\":\"oechem.OEThrow.Fatal(\",\"position\":[3934,3954]}]},{\"clone_length\":5,\"clones\":[{\"psi\":\"[PsiElement(Py:IDENTIFIER), PsiElement(Py:DOT), PsiElement(Py:IDENTIFIER), PsiElement(Py:LPAR), PsiElement(Py:IDENTIFIER)]\",\"text\":\"oechem.OEWriteConstMolecule(ofs\",\"position\":[3325,3353]},{\"psi\":\"[PsiElement(Py:IDENTIFIER), PsiElement(Py:DOT), PsiElement(Py:IDENTIFIER), PsiElement(Py:LPAR), PsiElement(Py:IDENTIFIER)]\",\"text\":\"oechem.OEWriteConstMolecule(ofs\",\"position\":[4121,4149]}]},{\"clone_length\":3,\"clones\":[{\"psi\":\"[PsiElement(Py:IDENTIFIER), PsiElement(Py:LPAR), PsiElement(Py:IDENTIFIER)]\",\"text\":\"defaultdict(list\",\"position\":[948,960]},{\"psi\":\"[PsiElement(Py:IDENTIFIER), PsiElement(Py:LPAR), PsiElement(Py:IDENTIFIER)]\",\"text\":\"defaultdict(list\",\"position\":[1217,1229]}]},{\"clone_length\":3,\"clones\":[{\"psi\":\"[PsiElement(Py:IDENTIFIER), PsiElement(Py:LPAR), PsiElement(Py:IDENTIFIER)]\",\"text\":\"sorted(l\",\"position\":[194,201]},{\"psi\":\"[PsiElement(Py:IDENTIFIER), PsiElement(Py:LPAR), PsiElement(Py:IDENTIFIER)]\",\"text\":\"sorted(l\",\"position\":[471,478]}]},{\"clone_length\":1,\"clones\":[{\"psi\":\"[PsiElement(Py:IDENTIFIER)]\",\"text\":\"smi_dict\",\"position\":[1073,1073]},{\"psi\":\"[PsiElement(Py:IDENTIFIER)]\",\"text\":\"smi_dict\",\"position\":[1073,1073]}]},{\"clone_length\":5,\"clones\":[{\"psi\":\"[PsiElement(Py:LPAR), PsiElement(Py:IDENTIFIER), PsiElement(Py:DOT), PsiElement(Py:IDENTIFIER), PsiElement(Py:LPAR)]\",\"text\":\"(oechem.OEAbsCanonicalConfTest(\",\"position\":[760,790]},{\"psi\":\"[PsiElement(Py:LPAR), PsiElement(Py:IDENTIFIER), PsiElement(Py:DOT), PsiElement(Py:IDENTIFIER), PsiElement(Py:LPAR)]\",\"text\":\"(oechem.OEAbsCanonicalConfTest(\",\"position\":[2381,2411]},{\"psi\":\"[PsiElement(Py:LPAR), PsiElement(Py:IDENTIFIER), PsiElement(Py:DOT), PsiElement(Py:IDENTIFIER), PsiElement(Py:LPAR)]\",\"text\":\"(oechem.OEAbsCanonicalConfTest(\",\"position\":[3642,3672]},{\"psi\":\"[PsiElement(Py:LPAR), PsiElement(Py:IDENTIFIER), PsiElement(Py:DOT), PsiElement(Py:IDENTIFIER), PsiElement(Py:LPAR)]\",\"text\":\"(oechem.OEGraphMol(\",\"position\":[2691,2709]}]},{\"clone_length\":2,\"clones\":[{\"psi\":\"[PsiElement(Py:LPAR), PsiElement(Py:IDENTIFIER)]\",\"text\":\"(conf\",\"position\":[1144,1145]},{\"psi\":\"[PsiElement(Py:LPAR), PsiElement(Py:IDENTIFIER)]\",\"text\":\"(conf\",\"position\":[2742,2743]},{\"psi\":\"[PsiElement(Py:LPAR), PsiElement(Py:RPAR), PsiElement(Py:RPAR), PsiElement(Py:COLON), PsiElement(Py:IDENTIFIER)]\",\"text\":\"()):\\n        conf\",\"position\":[4071,4084]}]},{\"clone_length\":5,\"clones\":[{\"psi\":\"[PsiElement(Py:LPAR), PsiElement(Py:IDENTIFIER), PsiElement(Py:DOT), PsiElement(Py:IDENTIFIER), PsiElement(Py:LPAR)]\",\"text\":\"(conf.GetTitle(\",\"position\":[1144,1158]},{\"psi\":\"[PsiElement(Py:LPAR), PsiElement(Py:IDENTIFIER), PsiElement(Py:DOT), PsiElement(Py:IDENTIFIER), PsiElement(Py:LPAR)]\",\"text\":\"(conf.GetTitle(\",\"position\":[2742,2756]}]},{\"clone_length\":5,\"clones\":[{\"psi\":\"[PsiElement(Py:LPAR), PsiElement(Py:IDENTIFIER), PsiElement(Py:RPAR), PsiElement(Py:IF_KEYWORD), PsiElement(Py:IDENTIFIER)]\",\"text\":\"(text) if text\",\"position\":[334,344]},{\"psi\":\"[PsiElement(Py:LPAR), PsiElement(Py:RPAR), PsiElement(Py:ELSE_KEYWORD), PsiElement(Py:IDENTIFIER)]\",\"text\":\"() else text\",\"position\":[356,364]}]},{\"clone_length\":12,\"clones\":[{\"psi\":\"[PsiElement(Py:IDENTIFIER), PsiElement(Py:RBRACKET), PsiElement(Py:DOT), PsiElement(Py:IDENTIFIER), PsiElement(Py:LPAR), PsiElement(Py:RPAR), PsiElement(Py:FOR_KEYWORD), PsiElement(Py:IDENTIFIER), PsiElement(Py:IN_KEYWORD), PsiElement(Py:IDENTIFIER), PsiElement(Py:LPAR), PsiElement(Py:INTEGER_LITERAL)]\",\"text\":\"i].GetTitle() for i in range(6\",\"position\":[2796,2825]},{\"psi\":\"[PsiElement(Py:IDENTIFIER), PsiElement(Py:RBRACKET), PsiElement(Py:DOT), PsiElement(Py:IDENTIFIER), PsiElement(Py:LPAR), PsiElement(Py:RPAR), PsiElement(Py:FOR_KEYWORD), PsiElement(Py:IDENTIFIER), PsiElement(Py:IN_KEYWORD), PsiElement(Py:IDENTIFIER), PsiElement(Py:LPAR), PsiElement(Py:INTEGER_LITERAL)]\",\"text\":\"i].GetTitle() for i in range(6\",\"position\":[3082,3111]}]},{\"clone_length\":1,\"clones\":[{\"psi\":\"[PsiElement(Py:IDENTIFIER)]\",\"text\":\"f\",\"position\":[1970,1970]},{\"psi\":\"[PsiElement(Py:IDENTIFIER)]\",\"text\":\"f\",\"position\":[2094,2094]},{\"psi\":\"[PsiElement(Py:IDENTIFIER)]\",\"text\":\"f\",\"position\":[1970,1970]},{\"psi\":\"[PsiElement(Py:IDENTIFIER)]\",\"text\":\"f\",\"position\":[2094,2094]}]},{\"clone_length\":6,\"clones\":[{\"psi\":\"[PsiElement(Py:IDENTIFIER), PsiElement(Py:DOT), PsiElement(Py:IDENTIFIER), PsiElement(Py:LPAR), PsiElement(Py:PERC), PsiElement(Py:IDENTIFIER)]\",\"text\":\"f.write(\\\"%s\\\\n\\\" % item\",\"position\":[1970,1987]},{\"psi\":\"[PsiElement(Py:IDENTIFIER), PsiElement(Py:DOT), PsiElement(Py:IDENTIFIER), PsiElement(Py:LPAR), PsiElement(Py:PERC), PsiElement(Py:IDENTIFIER)]\",\"text\":\"f.write(\\\"%s\\\\n\\\" % item\",\"position\":[2094,2111]}]},{\"clone_length\":3,\"clones\":[{\"psi\":\"[PsiElement(Py:WITH_KEYWORD), PsiElement(Py:IDENTIFIER), PsiElement(Py:LPAR)]\",\"text\":\"with open(\",\"position\":[1894,1903]},{\"psi\":\"[PsiElement(Py:WITH_KEYWORD), PsiElement(Py:IDENTIFIER), PsiElement(Py:LPAR)]\",\"text\":\"with open(\",\"position\":[2018,2027]}]},{\"clone_length\":21,\"clones\":[{\"psi\":\"[PsiElement(Py:FOR_KEYWORD), PsiElement(Py:IDENTIFIER), PsiElement(Py:COMMA), PsiElement(Py:IDENTIFIER), PsiElement(Py:IN_KEYWORD), PsiElement(Py:IDENTIFIER), PsiElement(Py:LPAR), PsiElement(Py:IDENTIFIER), PsiElement(Py:RPAR), PsiElement(Py:COLON), PsiElement(Py:FOR_KEYWORD), PsiElement(Py:IDENTIFIER), PsiElement(Py:COMMA), PsiElement(Py:IDENTIFIER), PsiElement(Py:IN_KEYWORD), PsiElement(Py:IDENTIFIER), PsiElement(Py:LPAR), PsiElement(Py:IDENTIFIER), PsiElement(Py:DOT), PsiElement(Py:IDENTIFIER), PsiElement(Py:LPAR)]\",\"text\":\"for i, mol in enumerate(mols):\\n    for j, conf in enumerate(mol.GetConfs(\",\"position\":[988,1060]},{\"psi\":\"[PsiElement(Py:FOR_KEYWORD), PsiElement(Py:IDENTIFIER), PsiElement(Py:COMMA), PsiElement(Py:IDENTIFIER), PsiElement(Py:IN_KEYWORD), PsiElement(Py:IDENTIFIER), PsiElement(Py:LPAR), PsiElement(Py:IDENTIFIER), PsiElement(Py:RPAR), PsiElement(Py:COLON), PsiElement(Py:FOR_KEYWORD), PsiElement(Py:IDENTIFIER), PsiElement(Py:COMMA), PsiElement(Py:IDENTIFIER), PsiElement(Py:IN_KEYWORD), PsiElement(Py:IDENTIFIER), PsiElement(Py:LPAR), PsiElement(Py:IDENTIFIER), PsiElement(Py:DOT), PsiElement(Py:IDENTIFIER), PsiElement(Py:LPAR)]\",\"text\":\"for i, mol in enumerate(mols):\\n    for j, conf in enumerate(mol.GetConfs(\",\"position\":[2590,2662]},{\"psi\":\"[PsiElement(Py:FOR_KEYWORD), PsiElement(Py:IDENTIFIER), PsiElement(Py:COMMA), PsiElement(Py:IDENTIFIER), PsiElement(Py:IN_KEYWORD), PsiElement(Py:IDENTIFIER), PsiElement(Py:LPAR), PsiElement(Py:IDENTIFIER), PsiElement(Py:RPAR), PsiElement(Py:COLON), PsiElement(Py:FOR_KEYWORD), PsiElement(Py:IDENTIFIER), PsiElement(Py:COMMA), PsiElement(Py:IDENTIFIER), PsiElement(Py:IN_KEYWORD), PsiElement(Py:IDENTIFIER), PsiElement(Py:LPAR), PsiElement(Py:IDENTIFIER), PsiElement(Py:DOT), PsiElement(Py:IDENTIFIER), PsiElement(Py:LPAR)]\",\"text\":\"for i, mol in enumerate(mols):\\n    for j, conf in enumerate(mol.GetConfs(\",\"position\":[3999,4071]}]},{\"clone_length\":4,\"clones\":[{\"psi\":\"[PsiElement(Py:FOR_KEYWORD), PsiElement(Py:IDENTIFIER), PsiElement(Py:COMMA), PsiElement(Py:IDENTIFIER)]\",\"text\":\"for key, val\",\"position\":[1236,1245]},{\"psi\":\"[PsiElement(Py:FOR_KEYWORD), PsiElement(Py:IDENTIFIER), PsiElement(Py:COMMA), PsiElement(Py:IDENTIFIER)]\",\"text\":\"for key, val\",\"position\":[1584,1593]}]},{\"clone_length\":6,\"clones\":[{\"psi\":\"[PsiElement(Py:RPAR), PsiElement(Py:AS_KEYWORD), PsiElement(Py:IDENTIFIER), PsiElement(Py:COLON), PsiElement(Py:FOR_KEYWORD), PsiElement(Py:IDENTIFIER)]\",\"text\":\"\\u0027w\\u0027) as f:\\n    for item\",\"position\":[1926,1942]},{\"psi\":\"[PsiElement(Py:RPAR), PsiElement(Py:AS_KEYWORD), PsiElement(Py:IDENTIFIER), PsiElement(Py:COLON), PsiElement(Py:FOR_KEYWORD), PsiElement(Py:IDENTIFIER)]\",\"text\":\"\\u0027w\\u0027) as f:\\n    for item\",\"position\":[2050,2066]}]},{\"clone_length\":43,\"clones\":[{\"psi\":\"[PsiElement(Py:IDENTIFIER), PsiElement(Py:EQ), PsiElement(Py:IDENTIFIER), PsiElement(Py:DOT), PsiElement(Py:IDENTIFIER), PsiElement(Py:LPAR), PsiElement(Py:RPAR), PsiElement(Py:IDENTIFIER), PsiElement(Py:DOT), PsiElement(Py:IDENTIFIER), PsiElement(Py:LPAR), PsiElement(Py:IDENTIFIER), PsiElement(Py:DOT), PsiElement(Py:IDENTIFIER), PsiElement(Py:LPAR), PsiElement(Py:RPAR), PsiElement(Py:RPAR), PsiElement(Py:IF_KEYWORD), PsiElement(Py:NOT_KEYWORD), PsiElement(Py:IDENTIFIER), PsiElement(Py:DOT), PsiElement(Py:IDENTIFIER), PsiElement(Py:LPAR), PsiElement(Py:IDENTIFIER), PsiElement(Py:RPAR), PsiElement(Py:COLON), PsiElement(Py:RAISE_KEYWORD), PsiElement(Py:IDENTIFIER), PsiElement(Py:LPAR), PsiElement(Py:FSTRING_START), PsiElement(Py:FSTRING_TEXT), PsiElement(Py:FSTRING_FRAGMENT_START), PsiElement(Py:IDENTIFIER), PsiElement(Py:FSTRING_FRAGMENT_END), PsiElement(Py:FSTRING_TEXT), PsiElement(Py:FSTRING_END), PsiElement(Py:RPAR), PsiElement(Py:IDENTIFIER), PsiElement(Py:EQ), PsiElement(Py:IDENTIFIER), PsiElement(Py:DOT), PsiElement(Py:IDENTIFIER), PsiElement(Py:LPAR)]\",\"text\":\"ifs \\u003d oechem.oemolistream()\\n\\n# OEDefaultConfTest, OEIsomericConfTest, OEOmegaConfTest, OEAbsoluteConfTest, OEAbsCanonicalConfTest\\n# https://docs.eyesopen.com/toolkits/python/oechemtk/oemol.html\\nifs.SetConfTest(oechem.OEAbsCanonicalConfTest()) \\n\\nif not ifs.open(infile):\\n    raise FileNotFoundError(f\\\"Unable to open {infile} for reading\\\")\\nmols \\u003d ifs.GetOEMols(\",\"position\":[551,909]},{\"psi\":\"[PsiElement(Py:IDENTIFIER), PsiElement(Py:EQ), PsiElement(Py:IDENTIFIER), PsiElement(Py:DOT), PsiElement(Py:IDENTIFIER), PsiElement(Py:LPAR), PsiElement(Py:RPAR), PsiElement(Py:IDENTIFIER), PsiElement(Py:DOT), PsiElement(Py:IDENTIFIER), PsiElement(Py:LPAR), PsiElement(Py:IDENTIFIER), PsiElement(Py:DOT), PsiElement(Py:IDENTIFIER), PsiElement(Py:LPAR), PsiElement(Py:RPAR), PsiElement(Py:RPAR), PsiElement(Py:IF_KEYWORD), PsiElement(Py:NOT_KEYWORD), PsiElement(Py:IDENTIFIER), PsiElement(Py:DOT), PsiElement(Py:IDENTIFIER), PsiElement(Py:LPAR), PsiElement(Py:IDENTIFIER), PsiElement(Py:RPAR), PsiElement(Py:COLON), PsiElement(Py:RAISE_KEYWORD), PsiElement(Py:IDENTIFIER), PsiElement(Py:LPAR), PsiElement(Py:FSTRING_START), PsiElement(Py:FSTRING_TEXT), PsiElement(Py:FSTRING_FRAGMENT_START), PsiElement(Py:IDENTIFIER), PsiElement(Py:FSTRING_FRAGMENT_END), PsiElement(Py:FSTRING_TEXT), PsiElement(Py:FSTRING_END), PsiElement(Py:RPAR), PsiElement(Py:IDENTIFIER), PsiElement(Py:EQ), PsiElement(Py:IDENTIFIER), PsiElement(Py:DOT), PsiElement(Py:IDENTIFIER), PsiElement(Py:LPAR)]\",\"text\":\"ifs \\u003d oechem.oemolistream()\\n\\n# OEDefaultConfTest, OEIsomericConfTest, OEOmegaConfTest, OEAbsoluteConfTest, OEAbsCanonicalConfTest\\n# https://docs.eyesopen.com/toolkits/python/oechemtk/oemol.html\\nifs.SetConfTest(oechem.OEAbsCanonicalConfTest()) \\n\\nif not ifs.open(infile):\\n    raise FileNotFoundError(f\\\"Unable to open {infile} for reading\\\")\\nmols \\u003d ifs.GetOEMols(\",\"position\":[2172,2530]},{\"psi\":\"[PsiElement(Py:IDENTIFIER), PsiElement(Py:EQ), PsiElement(Py:IDENTIFIER), PsiElement(Py:DOT), PsiElement(Py:IDENTIFIER), PsiElement(Py:LPAR), PsiElement(Py:RPAR), PsiElement(Py:IDENTIFIER), PsiElement(Py:DOT), PsiElement(Py:IDENTIFIER), PsiElement(Py:LPAR), PsiElement(Py:IDENTIFIER), PsiElement(Py:DOT), PsiElement(Py:IDENTIFIER), PsiElement(Py:LPAR), PsiElement(Py:RPAR), PsiElement(Py:RPAR), PsiElement(Py:IF_KEYWORD), PsiElement(Py:NOT_KEYWORD), PsiElement(Py:IDENTIFIER), PsiElement(Py:DOT), PsiElement(Py:IDENTIFIER), PsiElement(Py:LPAR), PsiElement(Py:IDENTIFIER), PsiElement(Py:RPAR), PsiElement(Py:COLON), PsiElement(Py:RAISE_KEYWORD), PsiElement(Py:IDENTIFIER), PsiElement(Py:LPAR), PsiElement(Py:FSTRING_START), PsiElement(Py:FSTRING_TEXT), PsiElement(Py:FSTRING_FRAGMENT_START), PsiElement(Py:IDENTIFIER), PsiElement(Py:FSTRING_FRAGMENT_END), PsiElement(Py:FSTRING_TEXT), PsiElement(Py:FSTRING_END), PsiElement(Py:RPAR), PsiElement(Py:IDENTIFIER), PsiElement(Py:EQ), PsiElement(Py:IDENTIFIER), PsiElement(Py:DOT), PsiElement(Py:IDENTIFIER), PsiElement(Py:LPAR)]\",\"text\":\"ifs \\u003d oechem.oemolistream()\\n\\n# OEDefaultConfTest, OEIsomericConfTest, OEOmegaConfTest, OEAbsoluteConfTest, OEAbsCanonicalConfTest\\n# https://docs.eyesopen.com/toolkits/python/oechemtk/oemol.html\\nifs.SetConfTest(oechem.OEAbsCanonicalConfTest()) \\n\\nif not ifs.open(infile):\\n    raise FileNotFoundError(f\\\"Unable to open {infile} for reading\\\")\\nmols \\u003d ifs.GetOEMols(\",\"position\":[3433,3791]}]},{\"clone_length\":4,\"clones\":[{\"psi\":\"[PsiElement(Py:IDENTIFIER), PsiElement(Py:RPAR), PsiElement(Py:COLON), PsiElement(Py:IDENTIFIER)]\",\"text\":\"val):\\n        fix_dict\",\"position\":[1303,1317]},{\"psi\":\"[PsiElement(Py:IDENTIFIER), PsiElement(Py:IN_KEYWORD), PsiElement(Py:IDENTIFIER)]\",\"text\":\"val in fix_dict\",\"position\":[1593,1600]}]},{\"clone_length\":4,\"clones\":[{\"psi\":\"[PsiElement(Py:IDENTIFIER), PsiElement(Py:DOT), PsiElement(Py:IDENTIFIER), PsiElement(Py:LPAR)]\",\"text\":\"ofs.close(\",\"position\":[3363,3372]},{\"psi\":\"[PsiElement(Py:IDENTIFIER), PsiElement(Py:DOT), PsiElement(Py:IDENTIFIER), PsiElement(Py:LPAR)]\",\"text\":\"ofs.close(\",\"position\":[4160,4169]}]},{\"clone_length\":26,\"clones\":[{\"psi\":\"[PsiElement(Py:IDENTIFIER), PsiElement(Py:EQ), PsiElement(Py:IDENTIFIER), PsiElement(Py:DOT), PsiElement(Py:IDENTIFIER), PsiElement(Py:LPAR), PsiElement(Py:RPAR), PsiElement(Py:IF_KEYWORD), PsiElement(Py:NOT_KEYWORD), PsiElement(Py:IDENTIFIER), PsiElement(Py:DOT), PsiElement(Py:IDENTIFIER), PsiElement(Py:LPAR), PsiElement(Py:IDENTIFIER), PsiElement(Py:RPAR), PsiElement(Py:COLON), PsiElement(Py:IDENTIFIER), PsiElement(Py:DOT), PsiElement(Py:IDENTIFIER), PsiElement(Py:DOT), PsiElement(Py:IDENTIFIER), PsiElement(Py:LPAR), PsiElement(Py:PERC), PsiElement(Py:IDENTIFIER), PsiElement(Py:RPAR), PsiElement(Py:FOR_KEYWORD)]\",\"text\":\"ofs \\u003d oechem.oemolostream()\\n\\nif not ofs.open(outfile):\\n    oechem.OEThrow.Fatal(\\\"Unable to open %s for writing\\\" % outfile)\\n\\nfor\",\"position\":[3175,3299]},{\"psi\":\"[PsiElement(Py:IDENTIFIER), PsiElement(Py:EQ), PsiElement(Py:IDENTIFIER), PsiElement(Py:DOT), PsiElement(Py:IDENTIFIER), PsiElement(Py:LPAR), PsiElement(Py:RPAR), PsiElement(Py:IF_KEYWORD), PsiElement(Py:NOT_KEYWORD), PsiElement(Py:IDENTIFIER), PsiElement(Py:DOT), PsiElement(Py:IDENTIFIER), PsiElement(Py:LPAR), PsiElement(Py:IDENTIFIER), PsiElement(Py:RPAR), PsiElement(Py:COLON), PsiElement(Py:IDENTIFIER), PsiElement(Py:DOT), PsiElement(Py:IDENTIFIER), PsiElement(Py:DOT), PsiElement(Py:IDENTIFIER), PsiElement(Py:LPAR), PsiElement(Py:PERC), PsiElement(Py:IDENTIFIER), PsiElement(Py:RPAR), PsiElement(Py:FOR_KEYWORD)]\",\"text\":\"ofs \\u003d oechem.oemolostream()\\n\\nif not ofs.open(outfile):\\n    oechem.OEThrow.Fatal(\\\"Unable to open %s for writing\\\" % outfile)\\n\\nfor\",\"position\":[3875,3999]}]},{\"clone_length\":1,\"clones\":[{\"psi\":\"[PsiElement(Py:IDENTIFIER)]\",\"text\":\"conf\",\"position\":[4084,4084]},{\"psi\":\"[PsiElement(Py:IDENTIFIER)]\",\"text\":\"conf\",\"position\":[4084,4084]}]},{\"clone_length\":4,\"clones\":[{\"psi\":\"[PsiElement(Py:IDENTIFIER), PsiElement(Py:DOT), PsiElement(Py:IDENTIFIER), PsiElement(Py:LPAR)]\",\"text\":\"text.isdigit(\",\"position\":[344,356]},{\"psi\":\"[PsiElement(Py:IDENTIFIER), PsiElement(Py:DOT), PsiElement(Py:IDENTIFIER), PsiElement(Py:LPAR)]\",\"text\":\"text.lower(\",\"position\":[364,374]}]},{\"clone_length\":2,\"clones\":[{\"psi\":\"[PsiElement(Py:IDENTIFIER), PsiElement(Py:LPAR)]\",\"text\":\"print(\",\"position\":[1472,1477]},{\"psi\":\"[PsiElement(Py:IDENTIFIER), PsiElement(Py:LPAR)]\",\"text\":\"print(\",\"position\":[1749,1754]}]},{\"clone_length\":4,\"clones\":[{\"psi\":\"[PsiElement(Py:IDENTIFIER), PsiElement(Py:DOT), PsiElement(Py:IDENTIFIER), PsiElement(Py:LPAR)]\",\"text\":\"list_names.append(\",\"position\":[2725,2742]},{\"psi\":\"[PsiElement(Py:IDENTIFIER), PsiElement(Py:DOT), PsiElement(Py:IDENTIFIER), PsiElement(Py:LPAR)]\",\"text\":\"list_names.index(\",\"position\":[2913,2929]}]},{\"clone_length\":1,\"clones\":[{\"psi\":\"[PsiElement(Py:IDENTIFIER)]\",\"text\":\"index_redo\",\"position\":[2895,2895]},{\"psi\":\"[PsiElement(Py:IDENTIFIER)]\",\"text\":\"index_redo\",\"position\":[2895,2895]}]},{\"clone_length\":1,\"clones\":[{\"psi\":\"[PsiElement(Py:IDENTIFIER)]\",\"text\":\"tlist_redo\",\"position\":[1644,1644]},{\"psi\":\"[PsiElement(Py:IDENTIFIER)]\",\"text\":\"tlist_redo\",\"position\":[1644,1644]}]}]}","initial_tree_length":782,"project_name":"303aacde909bea375daf81c7ed59a7bd107f0915","file_name":"303aacde909bea375daf81c7ed59a7bd107f0915.ipynb.py"}