{"3":"{\"totalGroups\":31,\"totalClones\":73,\"groups\":[{\"clone_length\":4,\"clones\":[{\"psi\":\"[PsiElement(Py:INTEGER_LITERAL), PsiElement(Py:MINUS), PsiElement(Py:INTEGER_LITERAL), PsiElement(Py:INTEGER_LITERAL)]\",\"text\":\"3-1\\n# [___CELL_SEPARATOR___]\\n1\",\"position\":[573,602]},{\"psi\":\"[PsiElement(Py:INTEGER_LITERAL), PsiElement(Py:INTEGER_LITERAL)]\",\"text\":\"3\\n# [___CELL_SEPARATOR___]\\n1\",\"position\":[772,799]},{\"psi\":\"[PsiElement(Py:INTEGER_LITERAL), PsiElement(Py:EQEQ), PsiElement(Py:INTEGER_LITERAL), PsiElement(Py:INTEGER_LITERAL)]\",\"text\":\"3 \\u003d\\u003d 1\\n# [___CELL_SEPARATOR___]\\n1\",\"position\":[809,841]}]},{\"clone_length\":4,\"clones\":[{\"psi\":\"[PsiElement(Py:INTEGER_LITERAL), PsiElement(Py:INTEGER_LITERAL), PsiElement(Py:FLOORDIV), PsiElement(Py:INTEGER_LITERAL)]\",\"text\":\"3\\n# [___CELL_SEPARATOR___]\\n1//3\",\"position\":[772,802]},{\"psi\":\"[PsiElement(Py:INTEGER_LITERAL), PsiElement(Py:EQEQ), PsiElement(Py:INTEGER_LITERAL), PsiElement(Py:INTEGER_LITERAL), PsiElement(Py:FLOORDIV), PsiElement(Py:INTEGER_LITERAL)]\",\"text\":\"3 \\u003d\\u003d 1\\n# [___CELL_SEPARATOR___]\\n1//3\",\"position\":[809,844]}]},{\"clone_length\":6,\"clones\":[{\"psi\":\"[PsiElement(Py:INTEGER_LITERAL), PsiElement(Py:RPAR), PsiElement(Py:MINUS), PsiElement(Py:INTEGER_LITERAL), PsiElement(Py:RPAR), PsiElement(Py:IDENTIFIER)]\",\"text\":\"1)-1)\\n# [___CELL_SEPARATOR___]\\neps\",\"position\":[397,428]},{\"psi\":\"[PsiElement(Py:INTEGER_LITERAL), PsiElement(Py:PLUS), PsiElement(Py:IDENTIFIER)]\",\"text\":\"1 + eps\",\"position\":[602,606]}]},{\"clone_length\":9,\"clones\":[{\"psi\":\"[PsiElement(Py:INTEGER_LITERAL), PsiElement(Py:COMMA), PsiElement(Py:INTEGER_LITERAL), PsiElement(Py:COMMA), PsiElement(Py:INTEGER_LITERAL), PsiElement(Py:RPAR), PsiElement(Py:IDENTIFIER), PsiElement(Py:LPAR), PsiElement(Py:IDENTIFIER)]\",\"text\":\"1,2,3)\\n# [___CELL_SEPARATOR___]\\ntypeof(a\",\"position\":[1192,1231]},{\"psi\":\"[PsiElement(Py:INTEGER_LITERAL), PsiElement(Py:COMMA), PsiElement(Py:INTEGER_LITERAL), PsiElement(Py:COMMA), PsiElement(Py:INTEGER_LITERAL), PsiElement(Py:RBRACKET), PsiElement(Py:IDENTIFIER), PsiElement(Py:LPAR), PsiElement(Py:IDENTIFIER)]\",\"text\":\"1, 2, 3]\\n# [___CELL_SEPARATOR___]\\ntypeof(a\",\"position\":[1264,1305]}]},{\"clone_length\":3,\"clones\":[{\"psi\":\"[PsiElement(Py:INTEGER_LITERAL), PsiElement(Py:RPAR), PsiElement(Py:IDENTIFIER)]\",\"text\":\"1)\\n# [___CELL_SEPARATOR___]\\neps\",\"position\":[400,428]},{\"psi\":\"[PsiElement(Py:INTEGER_LITERAL), PsiElement(Py:IDENTIFIER)]\",\"text\":\"1\\n# [___CELL_SEPARATOR___]\\neps\",\"position\":[615,642]}]},{\"clone_length\":2,\"clones\":[{\"psi\":\"[PsiElement(Py:IDENTIFIER), PsiElement(Py:LPAR)]\",\"text\":\"typeof(\",\"position\":[459,465]},{\"psi\":\"[PsiElement(Py:IDENTIFIER), PsiElement(Py:LPAR)]\",\"text\":\"typeof(\",\"position\":[1224,1230]},{\"psi\":\"[PsiElement(Py:IDENTIFIER), PsiElement(Py:LPAR)]\",\"text\":\"typeof(\",\"position\":[1298,1304]},{\"psi\":\"[PsiElement(Py:IDENTIFIER), PsiElement(Py:LPAR)]\",\"text\":\"typeof(\",\"position\":[496,502]}]},{\"clone_length\":1,\"clones\":[{\"psi\":\"[PsiElement(Py:LPAR)]\",\"text\":\"(\",\"position\":[1892,1892]},{\"psi\":\"[PsiElement(Py:LPAR), PsiElement(Py:LPAR)]\",\"text\":\"((\",\"position\":[2120,2121]},{\"psi\":\"[PsiElement(Py:LPAR), PsiElement(Py:LPAR)]\",\"text\":\"((\",\"position\":[2120,2121]}]},{\"clone_length\":7,\"clones\":[{\"psi\":\"[PsiElement(Py:LPAR), PsiElement(Py:LBRACKET), PsiElement(Py:INTEGER_LITERAL), PsiElement(Py:COMMA), PsiElement(Py:INTEGER_LITERAL), PsiElement(Py:COMMA), PsiElement(Py:INTEGER_LITERAL)]\",\"text\":\"([1,2,3\",\"position\":[1792,1798]},{\"psi\":\"[PsiElement(Py:LPAR), PsiElement(Py:LBRACKET), PsiElement(Py:INTEGER_LITERAL), PsiElement(Py:COMMA), PsiElement(Py:INTEGER_LITERAL), PsiElement(Py:COMMA), PsiElement(Py:INTEGER_LITERAL)]\",\"text\":\"([1,2,3\",\"position\":[1987,1993]}]},{\"clone_length\":5,\"clones\":[{\"psi\":\"[PsiElement(Py:LPAR), PsiElement(Py:IDENTIFIER), PsiElement(Py:RPAR), PsiElement(Py:EQ), PsiElement(Py:IDENTIFIER)]\",\"text\":\"(x) \\u003d x\",\"position\":[1375,1381]},{\"psi\":\"[PsiElement(Py:LPAR), PsiElement(Py:IDENTIFIER), PsiElement(Py:RPAR), PsiElement(Py:IDENTIFIER)]\",\"text\":\"(x) x\",\"position\":[1694,1698]}]},{\"clone_length\":4,\"clones\":[{\"psi\":\"[PsiElement(Py:LPAR), PsiElement(Py:IDENTIFIER), PsiElement(Py:DIV), PsiElement(Py:IDENTIFIER)]\",\"text\":\"(x / max\",\"position\":[1892,1897]},{\"psi\":\"[PsiElement(Py:LPAR), PsiElement(Py:IDENTIFIER), PsiElement(Py:DIV), PsiElement(Py:IDENTIFIER)]\",\"text\":\"(x / max\",\"position\":[1904,1909]}]},{\"clone_length\":10,\"clones\":[{\"psi\":\"[PsiElement(Py:INTEGER_LITERAL), PsiElement(Py:RPAR), PsiElement(Py:IDENTIFIER), PsiElement(Py:LPAR), PsiElement(Py:IDENTIFIER), PsiElement(Py:COMMA), PsiElement(Py:MINUS), PsiElement(Py:INTEGER_LITERAL), PsiElement(Py:COMMA), PsiElement(Py:INTEGER_LITERAL)]\",\"text\":\"2)\\n# [___CELL_SEPARATOR___]\\nplot(f, -1, 1\",\"position\":[1119,1159]},{\"psi\":\"[PsiElement(Py:INTEGER_LITERAL), PsiElement(Py:RPAR), PsiElement(Py:IDENTIFIER), PsiElement(Py:LPAR), PsiElement(Py:IDENTIFIER), PsiElement(Py:COMMA), PsiElement(Py:MINUS), PsiElement(Py:INTEGER_LITERAL), PsiElement(Py:COMMA), PsiElement(Py:INTEGER_LITERAL)]\",\"text\":\"2)\\n# [___CELL_SEPARATOR___]\\nplot(f, -1, 1\",\"position\":[1478,1518]}]},{\"clone_length\":3,\"clones\":[{\"psi\":\"[PsiElement(Py:IDENTIFIER), PsiElement(Py:LPAR), PsiElement(Py:IDENTIFIER)]\",\"text\":\"f(x\",\"position\":[1555,1557]},{\"psi\":\"[PsiElement(Py:IDENTIFIER), PsiElement(Py:LPAR), PsiElement(Py:IDENTIFIER)]\",\"text\":\"f(x\",\"position\":[1374,1376]},{\"psi\":\"[PsiElement(Py:IDENTIFIER), PsiElement(Py:LPAR), PsiElement(Py:IDENTIFIER)]\",\"text\":\"f(x\",\"position\":[880,882]},{\"psi\":\"[PsiElement(Py:IDENTIFIER), PsiElement(Py:LPAR), PsiElement(Py:IDENTIFIER)]\",\"text\":\"f(x\",\"position\":[1103,1105]},{\"psi\":\"[PsiElement(Py:IDENTIFIER), PsiElement(Py:LPAR), PsiElement(Py:IDENTIFIER)]\",\"text\":\"f(x\",\"position\":[39,41]}]},{\"clone_length\":6,\"clones\":[{\"psi\":\"[PsiElement(Py:IDENTIFIER), PsiElement(Py:LPAR), PsiElement(Py:LBRACKET), PsiElement(Py:INTEGER_LITERAL), PsiElement(Py:COMMA), PsiElement(Py:INTEGER_LITERAL)]\",\"text\":\"f([1,2\",\"position\":[1986,1991]},{\"psi\":\"[PsiElement(Py:IDENTIFIER), PsiElement(Py:LPAR), PsiElement(Py:LBRACKET), PsiElement(Py:INTEGER_LITERAL), PsiElement(Py:COMMA), PsiElement(Py:INTEGER_LITERAL)]\",\"text\":\"f([1,2\",\"position\":[2022,2027]}]},{\"clone_length\":10,\"clones\":[{\"psi\":\"[PsiElement(Py:LBRACKET), PsiElement(Py:INTEGER_LITERAL), PsiElement(Py:COMMA), PsiElement(Py:INTEGER_LITERAL), PsiElement(Py:COMMA), PsiElement(Py:INTEGER_LITERAL), PsiElement(Py:RBRACKET), PsiElement(Py:RPAR), PsiElement(Py:IDENTIFIER), PsiElement(Py:LPAR)]\",\"text\":\"[1,2,3])\\n# [___CELL_SEPARATOR___]\\nf(\",\"position\":[1340,1375]},{\"psi\":\"[PsiElement(Py:LBRACKET), PsiElement(Py:INTEGER_LITERAL), PsiElement(Py:COMMA), PsiElement(Py:INTEGER_LITERAL), PsiElement(Py:COMMA), PsiElement(Py:INTEGER_LITERAL), PsiElement(Py:RBRACKET), PsiElement(Py:RPAR), PsiElement(Py:IDENTIFIER), PsiElement(Py:LPAR)]\",\"text\":\"[1,2,3])\\n# [___CELL_SEPARATOR___]\\nf(\",\"position\":[1988,2023]}]},{\"clone_length\":8,\"clones\":[{\"psi\":\"[PsiElement(Py:INTEGER_LITERAL), PsiElement(Py:DIV), PsiElement(Py:INTEGER_LITERAL), PsiElement(Py:MINUS), PsiElement(Py:INTEGER_LITERAL), PsiElement(Py:RPAR), PsiElement(Py:MINUS), PsiElement(Py:INTEGER_LITERAL)]\",\"text\":\"4/3-1)-1\",\"position\":[393,400]},{\"psi\":\"[PsiElement(Py:INTEGER_LITERAL), PsiElement(Py:DIV), PsiElement(Py:INTEGER_LITERAL), PsiElement(Py:MINUS), PsiElement(Py:INTEGER_LITERAL), PsiElement(Py:INTEGER_LITERAL)]\",\"text\":\"4/3-1\\n# [___CELL_SEPARATOR___]\\n1\",\"position\":[571,602]}]},{\"clone_length\":6,\"clones\":[{\"psi\":\"[PsiElement(Py:INTEGER_LITERAL), PsiElement(Py:IDENTIFIER), PsiElement(Py:LPAR), PsiElement(Py:IDENTIFIER), PsiElement(Py:COMMA), PsiElement(Py:MINUS)]\",\"text\":\"4\\n# [___CELL_SEPARATOR___]\\nplot(f, -\",\"position\":[1399,1434]},{\"psi\":\"[PsiElement(Py:INTEGER_LITERAL), PsiElement(Py:RPAR), PsiElement(Py:IDENTIFIER), PsiElement(Py:LPAR), PsiElement(Py:IDENTIFIER), PsiElement(Py:COMMA), PsiElement(Py:MINUS)]\",\"text\":\"4)\\n# [___CELL_SEPARATOR___]\\nplot(f, -\",\"position\":[1438,1474]}]},{\"clone_length\":8,\"clones\":[{\"psi\":\"[PsiElement(Py:IDENTIFIER), PsiElement(Py:EQ), PsiElement(Py:LBRACKET), PsiElement(Py:INTEGER_LITERAL), PsiElement(Py:COMMA), PsiElement(Py:INTEGER_LITERAL), PsiElement(Py:COMMA), PsiElement(Py:INTEGER_LITERAL)]\",\"text\":\"a \\u003d [1, 2, 3\",\"position\":[1259,1270]},{\"psi\":\"[PsiElement(Py:IDENTIFIER), PsiElement(Py:COMMA), PsiElement(Py:LBRACKET), PsiElement(Py:INTEGER_LITERAL), PsiElement(Py:COMMA), PsiElement(Py:INTEGER_LITERAL), PsiElement(Py:COMMA), PsiElement(Py:INTEGER_LITERAL)]\",\"text\":\"a, [1,2,3\",\"position\":[1337,1345]}]},{\"clone_length\":3,\"clones\":[{\"psi\":\"[PsiElement(Py:IDENTIFIER), PsiElement(Py:EQ), PsiElement(Py:IDENTIFIER)]\",\"text\":\"y \\u003d x\",\"position\":[694,698]},{\"psi\":\"[PsiElement(Py:IDENTIFIER), PsiElement(Py:EQ), PsiElement(Py:IDENTIFIER)]\",\"text\":\"y \\u003d x\",\"position\":[1564,1568]}]},{\"clone_length\":5,\"clones\":[{\"psi\":\"[PsiElement(Py:IDENTIFIER), PsiElement(Py:RPAR), PsiElement(Py:IDENTIFIER), PsiElement(Py:PLUS), PsiElement(Py:INTEGER_LITERAL)]\",\"text\":\"x) x + 2\",\"position\":[1695,1702]},{\"psi\":\"[PsiElement(Py:IDENTIFIER), PsiElement(Py:MULT), PsiElement(Py:INTEGER_LITERAL)]\",\"text\":\"x * 2\",\"position\":[1742,1746]}]},{\"clone_length\":3,\"clones\":[{\"psi\":\"[PsiElement(Py:IDENTIFIER), PsiElement(Py:RARROW), PsiElement(Py:IDENTIFIER)]\",\"text\":\"x -\\u003e x\",\"position\":[1650,1655]},{\"psi\":\"[PsiElement(Py:IDENTIFIER), PsiElement(Py:RARROW), PsiElement(Py:IDENTIFIER)]\",\"text\":\"x -\\u003e x\",\"position\":[1737,1742]}]},{\"clone_length\":5,\"clones\":[{\"psi\":\"[PsiElement(Py:IDENTIFIER), PsiElement(Py:PLUS), PsiElement(Py:IDENTIFIER), PsiElement(Py:LPAR), PsiElement(Py:IDENTIFIER)]\",\"text\":\"x + sin(x\",\"position\":[51,59]},{\"psi\":\"[PsiElement(Py:IDENTIFIER), PsiElement(Py:RPAR), PsiElement(Py:EQ), PsiElement(Py:IDENTIFIER), PsiElement(Py:LPAR), PsiElement(Py:IDENTIFIER)]\",\"text\":\"x) \\u003d sin(x\",\"position\":[305,314]}]},{\"clone_length\":5,\"clones\":[{\"psi\":\"[PsiElement(Py:FLOAT_LITERAL), PsiElement(Py:RPAR), PsiElement(Py:IDENTIFIER), PsiElement(Py:LPAR), PsiElement(Py:MINUS)]\",\"text\":\"0.1)\\n# [___CELL_SEPARATOR___]\\nf(-\",\"position\":[975,1007]},{\"psi\":\"[PsiElement(Py:FLOAT_LITERAL), PsiElement(Py:RPAR), PsiElement(Py:IDENTIFIER), PsiElement(Py:LPAR), PsiElement(Py:MINUS)]\",\"text\":\"0.1)\\n# [___CELL_SEPARATOR___]\\nf(-\",\"position\":[1008,1040]}]},{\"clone_length\":5,\"clones\":[{\"psi\":\"[PsiElement(Py:IDENTIFIER), PsiElement(Py:LPAR), PsiElement(Py:RPAR), PsiElement(Py:DIV), PsiElement(Py:INTEGER_LITERAL)]\",\"text\":\"eps() / 2\",\"position\":[642,650]},{\"psi\":\"[PsiElement(Py:IDENTIFIER), PsiElement(Py:LPAR), PsiElement(Py:RPAR), PsiElement(Py:DIV), PsiElement(Py:INTEGER_LITERAL)]\",\"text\":\"eps() / 2\",\"position\":[2110,2118]}]},{\"clone_length\":1,\"clones\":[{\"psi\":\"[PsiElement(Py:IDENTIFIER)]\",\"text\":\"eps\",\"position\":[642,642]},{\"psi\":\"[PsiElement(Py:IDENTIFIER)]\",\"text\":\"eps\",\"position\":[642,642]}]},{\"clone_length\":2,\"clones\":[{\"psi\":\"[PsiElement(Py:IDENTIFIER), PsiElement(Py:LPAR)]\",\"text\":\"eps(\",\"position\":[535,538]},{\"psi\":\"[PsiElement(Py:IDENTIFIER), PsiElement(Py:LPAR)]\",\"text\":\"eps(\",\"position\":[642,645]}]},{\"clone_length\":3,\"clones\":[{\"psi\":\"[PsiElement(Py:IDENTIFIER), PsiElement(Py:IDENTIFIER), PsiElement(Py:LPAR)]\",\"text\":\"end\\n# [___CELL_SEPARATOR___]\\nf(\",\"position\":[1591,1621]},{\"psi\":\"[PsiElement(Py:IDENTIFIER), PsiElement(Py:IDENTIFIER), PsiElement(Py:LPAR)]\",\"text\":\"end\\n# [___CELL_SEPARATOR___]\\nf(\",\"position\":[1957,1987]}]},{\"clone_length\":4,\"clones\":[{\"psi\":\"[PsiElement(Py:IDENTIFIER), PsiElement(Py:LPAR), PsiElement(Py:IDENTIFIER), PsiElement(Py:RARROW)]\",\"text\":\"map(x -\\u003e\",\"position\":[1733,1739]},{\"psi\":\"[PsiElement(Py:IDENTIFIER), PsiElement(Py:LPAR), PsiElement(Py:IDENTIFIER), PsiElement(Py:RARROW)]\",\"text\":\"map(x -\\u003e\",\"position\":[1883,1889]}]},{\"clone_length\":2,\"clones\":[{\"psi\":\"[PsiElement(Py:IDENTIFIER), PsiElement(Py:LPAR)]\",\"text\":\"plot(\",\"position\":[342,346]},{\"psi\":\"[PsiElement(Py:IDENTIFIER), PsiElement(Py:LPAR)]\",\"text\":\"plot(\",\"position\":[1426,1430]},{\"psi\":\"[PsiElement(Py:IDENTIFIER), PsiElement(Py:LPAR)]\",\"text\":\"plot(\",\"position\":[933,937]},{\"psi\":\"[PsiElement(Py:IDENTIFIER), PsiElement(Py:LPAR)]\",\"text\":\"plot(\",\"position\":[1466,1470]},{\"psi\":\"[PsiElement(Py:IDENTIFIER), PsiElement(Py:LPAR)]\",\"text\":\"plot(\",\"position\":[1147,1151]},{\"psi\":\"[PsiElement(Py:IDENTIFIER), PsiElement(Py:LPAR)]\",\"text\":\"plot(\",\"position\":[1506,1510]}]},{\"clone_length\":8,\"clones\":[{\"psi\":\"[PsiElement(Py:IDENTIFIER), PsiElement(Py:LPAR), PsiElement(Py:IDENTIFIER), PsiElement(Py:COMMA), PsiElement(Py:MINUS), PsiElement(Py:INTEGER_LITERAL), PsiElement(Py:COMMA), PsiElement(Py:INTEGER_LITERAL)]\",\"text\":\"plot(f, -2, 2\",\"position\":[933,945]},{\"psi\":\"[PsiElement(Py:IDENTIFIER), PsiElement(Py:LPAR), PsiElement(Py:IDENTIFIER), PsiElement(Py:COMMA), PsiElement(Py:MINUS), PsiElement(Py:INTEGER_LITERAL), PsiElement(Py:COMMA), PsiElement(Py:INTEGER_LITERAL)]\",\"text\":\"plot(f, -2, 2\",\"position\":[1466,1478]}]},{\"clone_length\":2,\"clones\":[{\"psi\":\"[PsiElement(Py:IDENTIFIER), PsiElement(Py:LPAR)]\",\"text\":\"area(\",\"position\":[189,193]},{\"psi\":\"[PsiElement(Py:IDENTIFIER), PsiElement(Py:LPAR)]\",\"text\":\"area(\",\"position\":[232,236]}]},{\"clone_length\":3,\"clones\":[{\"psi\":\"[PsiElement(Py:IDENTIFIER), PsiElement(Py:IDENTIFIER), PsiElement(Py:LPAR)]\",\"text\":\"function f(\",\"position\":[1546,1556]},{\"psi\":\"[PsiElement(Py:IDENTIFIER), PsiElement(Py:IDENTIFIER), PsiElement(Py:LPAR)]\",\"text\":\"function f(\",\"position\":[1827,1837]}]}]}","initial_tree_length":646,"project_name":"30557abe044bef6c1815cac0a7a116ab4ab2451e","file_name":"30557abe044bef6c1815cac0a7a116ab4ab2451e.ipynb.py"}