{"3":"{\"totalGroups\":12,\"totalClones\":30,\"groups\":[{\"clone_length\":12,\"clones\":[{\"psi\":\"[PsiElement(Py:LBRACKET), PsiElement(Py:INTEGER_LITERAL), PsiElement(Py:COMMA), PsiElement(Py:INTEGER_LITERAL), PsiElement(Py:COMMA), PsiElement(Py:INTEGER_LITERAL), PsiElement(Py:COMMA), PsiElement(Py:INTEGER_LITERAL), PsiElement(Py:COMMA), PsiElement(Py:INTEGER_LITERAL), PsiElement(Py:RBRACKET), PsiElement(Py:ASSERT_KEYWORD)]\",\"text\":\"[5, 10, 2, 6, 1]\\nassert\",\"position\":[3089,3106]},{\"psi\":\"[PsiElement(Py:LBRACKET), PsiElement(Py:INTEGER_LITERAL), PsiElement(Py:COMMA), PsiElement(Py:INTEGER_LITERAL), PsiElement(Py:COMMA), PsiElement(Py:INTEGER_LITERAL), PsiElement(Py:COMMA), PsiElement(Py:INTEGER_LITERAL), PsiElement(Py:COMMA), PsiElement(Py:INTEGER_LITERAL), PsiElement(Py:RBRACKET), PsiElement(Py:RBRACKET), PsiElement(Py:ASSERT_KEYWORD)]\",\"text\":\"[5, 10, 2, 6, 1]\\n]\\n\\nassert\",\"position\":[3125,3145]}]},{\"clone_length\":5,\"clones\":[{\"psi\":\"[PsiElement(Py:LPAR), PsiElement(Py:IDENTIFIER), PsiElement(Py:RPAR), PsiElement(Py:COLON), PsiElement(Py:FOR_KEYWORD)]\",\"text\":\"(matrix):\\n    for\",\"position\":[2636,2650]},{\"psi\":\"[PsiElement(Py:LPAR), PsiElement(Py:IDENTIFIER), PsiElement(Py:RPAR), PsiElement(Py:RPAR), PsiElement(Py:COLON), PsiElement(Py:FOR_KEYWORD)]\",\"text\":\"(matrix)):\\n        for\",\"position\":[2668,2687]}]},{\"clone_length\":23,\"clones\":[{\"psi\":\"[PsiElement(Py:IDENTIFIER), PsiElement(Py:EQ), PsiElement(Py:LBRACKET), PsiElement(Py:LBRACKET), PsiElement(Py:INTEGER_LITERAL), PsiElement(Py:COMMA), PsiElement(Py:INTEGER_LITERAL), PsiElement(Py:COMMA), PsiElement(Py:INTEGER_LITERAL), PsiElement(Py:COMMA), PsiElement(Py:INTEGER_LITERAL), PsiElement(Py:COMMA), PsiElement(Py:INTEGER_LITERAL), PsiElement(Py:RBRACKET), PsiElement(Py:COMMA), PsiElement(Py:LBRACKET), PsiElement(Py:INTEGER_LITERAL), PsiElement(Py:COMMA), PsiElement(Py:INTEGER_LITERAL), PsiElement(Py:COMMA), PsiElement(Py:INTEGER_LITERAL), PsiElement(Py:COMMA), PsiElement(Py:INTEGER_LITERAL)]\",\"text\":\"m \\u003d [\\n    [8, 7, 1, 2, 3],\\n    [1, 5, 2, 9\",\"position\":[652,693]},{\"psi\":\"[PsiElement(Py:IDENTIFIER), PsiElement(Py:EQ), PsiElement(Py:LBRACKET), PsiElement(Py:LBRACKET), PsiElement(Py:INTEGER_LITERAL), PsiElement(Py:COMMA), PsiElement(Py:INTEGER_LITERAL), PsiElement(Py:COMMA), PsiElement(Py:INTEGER_LITERAL), PsiElement(Py:COMMA), PsiElement(Py:INTEGER_LITERAL), PsiElement(Py:COMMA), PsiElement(Py:INTEGER_LITERAL), PsiElement(Py:RBRACKET), PsiElement(Py:COMMA), PsiElement(Py:LBRACKET), PsiElement(Py:INTEGER_LITERAL), PsiElement(Py:COMMA), PsiElement(Py:INTEGER_LITERAL), PsiElement(Py:COMMA), PsiElement(Py:INTEGER_LITERAL), PsiElement(Py:COMMA), PsiElement(Py:INTEGER_LITERAL)]\",\"text\":\"m \\u003d [\\n    [8, 7, 1, 2, 3],\\n    [1, 5, 2, 9\",\"position\":[2841,2882]},{\"psi\":\"[PsiElement(Py:IDENTIFIER), PsiElement(Py:EQEQ), PsiElement(Py:LBRACKET), PsiElement(Py:LBRACKET), PsiElement(Py:INTEGER_LITERAL), PsiElement(Py:COMMA), PsiElement(Py:INTEGER_LITERAL), PsiElement(Py:COMMA), PsiElement(Py:INTEGER_LITERAL), PsiElement(Py:COMMA), PsiElement(Py:INTEGER_LITERAL), PsiElement(Py:COMMA), PsiElement(Py:INTEGER_LITERAL), PsiElement(Py:RBRACKET), PsiElement(Py:COMMA), PsiElement(Py:LBRACKET), PsiElement(Py:INTEGER_LITERAL), PsiElement(Py:COMMA), PsiElement(Py:INTEGER_LITERAL), PsiElement(Py:COMMA), PsiElement(Py:INTEGER_LITERAL), PsiElement(Py:COMMA), PsiElement(Py:INTEGER_LITERAL)]\",\"text\":\"m \\u003d\\u003d [\\n    [8, 7, 1, 2, 3], \\n    [1, 5, 2, 9\",\"position\":[3218,3261]}]},{\"clone_length\":37,\"clones\":[{\"psi\":\"[PsiElement(Py:IDENTIFIER), PsiElement(Py:EQ), PsiElement(Py:LBRACKET), PsiElement(Py:LBRACKET), PsiElement(Py:INTEGER_LITERAL), PsiElement(Py:COMMA), PsiElement(Py:INTEGER_LITERAL), PsiElement(Py:COMMA), PsiElement(Py:INTEGER_LITERAL), PsiElement(Py:COMMA), PsiElement(Py:INTEGER_LITERAL), PsiElement(Py:COMMA), PsiElement(Py:INTEGER_LITERAL), PsiElement(Py:RBRACKET), PsiElement(Py:COMMA), PsiElement(Py:LBRACKET), PsiElement(Py:INTEGER_LITERAL), PsiElement(Py:COMMA), PsiElement(Py:INTEGER_LITERAL), PsiElement(Py:COMMA), PsiElement(Py:INTEGER_LITERAL), PsiElement(Py:COMMA), PsiElement(Py:INTEGER_LITERAL), PsiElement(Py:COMMA), PsiElement(Py:INTEGER_LITERAL), PsiElement(Py:RBRACKET), PsiElement(Py:COMMA), PsiElement(Py:LBRACKET), PsiElement(Py:INTEGER_LITERAL), PsiElement(Py:COMMA), PsiElement(Py:INTEGER_LITERAL), PsiElement(Py:COMMA), PsiElement(Py:INTEGER_LITERAL), PsiElement(Py:COMMA), PsiElement(Py:INTEGER_LITERAL), PsiElement(Py:COMMA), PsiElement(Py:INTEGER_LITERAL)]\",\"text\":\"m \\u003d [\\n    [8, 7, 1, 2, 3],\\n    [1, 5, 2, 9, 5],\\n    [8, 2, 2, 4, 1\",\"position\":[2841,2906]},{\"psi\":\"[PsiElement(Py:IDENTIFIER), PsiElement(Py:EQEQ), PsiElement(Py:LBRACKET), PsiElement(Py:LBRACKET), PsiElement(Py:INTEGER_LITERAL), PsiElement(Py:COMMA), PsiElement(Py:INTEGER_LITERAL), PsiElement(Py:COMMA), PsiElement(Py:INTEGER_LITERAL), PsiElement(Py:COMMA), PsiElement(Py:INTEGER_LITERAL), PsiElement(Py:COMMA), PsiElement(Py:INTEGER_LITERAL), PsiElement(Py:RBRACKET), PsiElement(Py:COMMA), PsiElement(Py:LBRACKET), PsiElement(Py:INTEGER_LITERAL), PsiElement(Py:COMMA), PsiElement(Py:INTEGER_LITERAL), PsiElement(Py:COMMA), PsiElement(Py:INTEGER_LITERAL), PsiElement(Py:COMMA), PsiElement(Py:INTEGER_LITERAL), PsiElement(Py:COMMA), PsiElement(Py:INTEGER_LITERAL), PsiElement(Py:RBRACKET), PsiElement(Py:COMMA), PsiElement(Py:LBRACKET), PsiElement(Py:INTEGER_LITERAL), PsiElement(Py:COMMA), PsiElement(Py:INTEGER_LITERAL), PsiElement(Py:COMMA), PsiElement(Py:INTEGER_LITERAL), PsiElement(Py:COMMA), PsiElement(Py:INTEGER_LITERAL), PsiElement(Py:COMMA), PsiElement(Py:INTEGER_LITERAL)]\",\"text\":\"m \\u003d\\u003d [\\n    [8, 7, 1, 2, 3], \\n    [1, 5, 2, 9, 5], \\n    [8, 2, 2, 4, 1\",\"position\":[3218,3286]}]},{\"clone_length\":2,\"clones\":[{\"psi\":\"[PsiElement(Py:IDENTIFIER), PsiElement(Py:IDENTIFIER)]\",\"text\":\"m\\n# [___CELL_SEPARATOR___]\\n### TODO: In matrix m, change the value \\n###       in the second row last column from 0 to 5\\n### Hint: You do not need to rewrite the entire matrix\\nm\",\"position\":[722,897]},{\"psi\":\"[PsiElement(Py:IDENTIFIER), PsiElement(Py:IDENTIFIER)]\",\"text\":\"m\\n# [___CELL_SEPARATOR___]\\n### TODO: In matrix m, change the value \\n###       in the second row last column from 0 to 5\\n### Hint: You do not need to rewrite the entire matrix\\nm\",\"position\":[722,897]}]},{\"clone_length\":12,\"clones\":[{\"psi\":\"[PsiElement(Py:IDENTIFIER), PsiElement(Py:EQ), PsiElement(Py:LBRACKET), PsiElement(Py:INTEGER_LITERAL), PsiElement(Py:COMMA), PsiElement(Py:INTEGER_LITERAL), PsiElement(Py:COMMA), PsiElement(Py:INTEGER_LITERAL), PsiElement(Py:COMMA), PsiElement(Py:INTEGER_LITERAL), PsiElement(Py:COMMA), PsiElement(Py:INTEGER_LITERAL)]\",\"text\":\"v \\u003d [5, 10, 2, 6, 1\",\"position\":[63,81]},{\"psi\":\"[PsiElement(Py:IDENTIFIER), PsiElement(Py:EQEQ), PsiElement(Py:LBRACKET), PsiElement(Py:INTEGER_LITERAL), PsiElement(Py:COMMA), PsiElement(Py:INTEGER_LITERAL), PsiElement(Py:COMMA), PsiElement(Py:INTEGER_LITERAL), PsiElement(Py:COMMA), PsiElement(Py:INTEGER_LITERAL), PsiElement(Py:COMMA), PsiElement(Py:INTEGER_LITERAL)]\",\"text\":\"v \\u003d\\u003d [5, 10, 2, 6, 1\",\"position\":[3084,3103]}]},{\"clone_length\":13,\"clones\":[{\"psi\":\"[PsiElement(Py:IDENTIFIER), PsiElement(Py:EQ), PsiElement(Py:LBRACKET), PsiElement(Py:LBRACKET), PsiElement(Py:INTEGER_LITERAL), PsiElement(Py:COMMA), PsiElement(Py:INTEGER_LITERAL), PsiElement(Py:COMMA), PsiElement(Py:INTEGER_LITERAL), PsiElement(Py:COMMA), PsiElement(Py:INTEGER_LITERAL), PsiElement(Py:COMMA), PsiElement(Py:INTEGER_LITERAL)]\",\"text\":\"mv \\u003d [\\n    [5, 10, 2, 6, 1\",\"position\":[326,351]},{\"psi\":\"[PsiElement(Py:IDENTIFIER), PsiElement(Py:EQEQ), PsiElement(Py:LBRACKET), PsiElement(Py:LBRACKET), PsiElement(Py:INTEGER_LITERAL), PsiElement(Py:COMMA), PsiElement(Py:INTEGER_LITERAL), PsiElement(Py:COMMA), PsiElement(Py:INTEGER_LITERAL), PsiElement(Py:COMMA), PsiElement(Py:INTEGER_LITERAL), PsiElement(Py:COMMA), PsiElement(Py:INTEGER_LITERAL)]\",\"text\":\"mv \\u003d\\u003d [\\n    [5, 10, 2, 6, 1\",\"position\":[3113,3139]}]},{\"clone_length\":21,\"clones\":[{\"psi\":\"[PsiElement(Py:IDENTIFIER), PsiElement(Py:EQ), PsiElement(Py:LBRACKET), PsiElement(Py:LBRACKET), PsiElement(Py:INTEGER_LITERAL), PsiElement(Py:RBRACKET), PsiElement(Py:COMMA), PsiElement(Py:LBRACKET), PsiElement(Py:INTEGER_LITERAL), PsiElement(Py:RBRACKET), PsiElement(Py:COMMA), PsiElement(Py:LBRACKET), PsiElement(Py:INTEGER_LITERAL), PsiElement(Py:RBRACKET), PsiElement(Py:COMMA), PsiElement(Py:LBRACKET), PsiElement(Py:INTEGER_LITERAL), PsiElement(Py:RBRACKET), PsiElement(Py:COMMA), PsiElement(Py:LBRACKET), PsiElement(Py:INTEGER_LITERAL)]\",\"text\":\"vT \\u003d [\\n    [5],\\n    [10],\\n    [2],\\n    [6],\\n    [1\",\"position\":[471,520]},{\"psi\":\"[PsiElement(Py:IDENTIFIER), PsiElement(Py:EQEQ), PsiElement(Py:LBRACKET), PsiElement(Py:LBRACKET), PsiElement(Py:INTEGER_LITERAL), PsiElement(Py:RBRACKET), PsiElement(Py:COMMA), PsiElement(Py:LBRACKET), PsiElement(Py:INTEGER_LITERAL), PsiElement(Py:RBRACKET), PsiElement(Py:COMMA), PsiElement(Py:LBRACKET), PsiElement(Py:INTEGER_LITERAL), PsiElement(Py:RBRACKET), PsiElement(Py:COMMA), PsiElement(Py:LBRACKET), PsiElement(Py:INTEGER_LITERAL), PsiElement(Py:RBRACKET), PsiElement(Py:COMMA), PsiElement(Py:LBRACKET), PsiElement(Py:INTEGER_LITERAL)]\",\"text\":\"vT \\u003d\\u003d [\\n    [5], \\n    [10], \\n    [2], \\n    [6], \\n    [1\",\"position\":[3152,3206]}]},{\"clone_length\":7,\"clones\":[{\"psi\":\"[PsiElement(Py:FOR_KEYWORD), PsiElement(Py:IDENTIFIER), PsiElement(Py:IN_KEYWORD), PsiElement(Py:IDENTIFIER), PsiElement(Py:LPAR), PsiElement(Py:IDENTIFIER), PsiElement(Py:LPAR)]\",\"text\":\"for i in range(len(\",\"position\":[1664,1682]},{\"psi\":\"[PsiElement(Py:FOR_KEYWORD), PsiElement(Py:IDENTIFIER), PsiElement(Py:IN_KEYWORD), PsiElement(Py:IDENTIFIER), PsiElement(Py:LPAR), PsiElement(Py:IDENTIFIER), PsiElement(Py:LPAR)]\",\"text\":\"for i in range(len(\",\"position\":[2650,2668]}]},{\"clone_length\":7,\"clones\":[{\"psi\":\"[PsiElement(Py:FOR_KEYWORD), PsiElement(Py:IDENTIFIER), PsiElement(Py:IN_KEYWORD), PsiElement(Py:IDENTIFIER), PsiElement(Py:LPAR), PsiElement(Py:IDENTIFIER), PsiElement(Py:LPAR)]\",\"text\":\"for j in range(len(\",\"position\":[1744,1762]},{\"psi\":\"[PsiElement(Py:FOR_KEYWORD), PsiElement(Py:IDENTIFIER), PsiElement(Py:IN_KEYWORD), PsiElement(Py:IDENTIFIER), PsiElement(Py:LPAR), PsiElement(Py:IDENTIFIER), PsiElement(Py:LPAR)]\",\"text\":\"for j in range(len(\",\"position\":[2687,2705]}]},{\"clone_length\":5,\"clones\":[{\"psi\":\"[PsiElement(Py:IDENTIFIER), PsiElement(Py:LPAR), PsiElement(Py:IDENTIFIER), PsiElement(Py:LPAR), PsiElement(Py:IDENTIFIER)]\",\"text\":\"range(len(matrix\",\"position\":[2659,2669]},{\"psi\":\"[PsiElement(Py:IDENTIFIER), PsiElement(Py:LPAR), PsiElement(Py:IDENTIFIER), PsiElement(Py:LPAR), PsiElement(Py:IDENTIFIER)]\",\"text\":\"range(len(matrix\",\"position\":[2696,2706]}]},{\"clone_length\":2,\"clones\":[{\"psi\":\"[PsiElement(Py:IDENTIFIER), PsiElement(Py:LPAR)]\",\"text\":\"print(\",\"position\":[2797,2802]},{\"psi\":\"[PsiElement(Py:IDENTIFIER), PsiElement(Py:LPAR)]\",\"text\":\"print(\",\"position\":[3453,3458]},{\"psi\":\"[PsiElement(Py:IDENTIFIER), PsiElement(Py:LPAR)]\",\"text\":\"print(\",\"position\":[3491,3496]},{\"psi\":\"[PsiElement(Py:IDENTIFIER), PsiElement(Py:LPAR)]\",\"text\":\"print(\",\"position\":[3482,3487]},{\"psi\":\"[PsiElement(Py:IDENTIFIER), PsiElement(Py:LPAR)]\",\"text\":\"print(\",\"position\":[3472,3477]},{\"psi\":\"[PsiElement(Py:IDENTIFIER), PsiElement(Py:LPAR)]\",\"text\":\"print(\",\"position\":[3462,3467]},{\"psi\":\"[PsiElement(Py:IDENTIFIER), PsiElement(Py:LPAR)]\",\"text\":\"print(\",\"position\":[2763,2768]}]}]}","initial_tree_length":446,"project_name":"381f4ac9bd6dde1d8bb13dcee459b79c58511e7c","file_name":"381f4ac9bd6dde1d8bb13dcee459b79c58511e7c.ipynb.py"}