{"3":"{\"totalGroups\":40,\"totalClones\":101,\"groups\":[{\"clone_length\":1,\"clones\":[{\"psi\":\"[PsiElement(Py:IDENTIFIER)]\",\"text\":\"sub_counts\",\"position\":[2700,2700]},{\"psi\":\"[PsiElement(Py:IDENTIFIER)]\",\"text\":\"sub_counts\",\"position\":[2700,2700]}]},{\"clone_length\":4,\"clones\":[{\"psi\":\"[PsiElement(Py:IDENTIFIER), PsiElement(Py:DOT), PsiElement(Py:IDENTIFIER), PsiElement(Py:LPAR)]\",\"text\":\"sub_counts.sum(\",\"position\":[858,872]},{\"psi\":\"[PsiElement(Py:IDENTIFIER), PsiElement(Py:DOT), PsiElement(Py:IDENTIFIER), PsiElement(Py:LPAR)]\",\"text\":\"sub_counts.sum(\",\"position\":[2700,2714]}]},{\"clone_length\":5,\"clones\":[{\"psi\":\"[PsiElement(Py:IDENTIFIER), PsiElement(Py:LPAR), PsiElement(Py:INTEGER_LITERAL), PsiElement(Py:COMMA), PsiElement(Py:INTEGER_LITERAL)]\",\"text\":\"figsize(11, 3\",\"position\":[901,913]},{\"psi\":\"[PsiElement(Py:IDENTIFIER), PsiElement(Py:LPAR), PsiElement(Py:INTEGER_LITERAL), PsiElement(Py:COMMA), PsiElement(Py:INTEGER_LITERAL)]\",\"text\":\"figsize(11, 3\",\"position\":[3372,3384]}]},{\"clone_length\":14,\"clones\":[{\"psi\":\"[PsiElement(Py:IDENTIFIER), PsiElement(Py:DOT), PsiElement(Py:IDENTIFIER), PsiElement(Py:EQ), PsiElement(Py:IDENTIFIER), PsiElement(Py:DOT), PsiElement(Py:IDENTIFIER), PsiElement(Py:DOT), PsiElement(Py:IDENTIFIER), PsiElement(Py:LPAR), PsiElement(Py:IDENTIFIER), PsiElement(Py:DOT), PsiElement(Py:IDENTIFIER), PsiElement(Py:LPAR)]\",\"text\":\"lr_results.pval \\u003d lr_results.pval.clip_lower(lr_results.query(\",\"position\":[1391,1452]},{\"psi\":\"[PsiElement(Py:IDENTIFIER), PsiElement(Py:DOT), PsiElement(Py:IDENTIFIER), PsiElement(Py:EQ), PsiElement(Py:IDENTIFIER), PsiElement(Py:DOT), PsiElement(Py:IDENTIFIER), PsiElement(Py:DOT), PsiElement(Py:IDENTIFIER), PsiElement(Py:LPAR), PsiElement(Py:IDENTIFIER), PsiElement(Py:DOT), PsiElement(Py:IDENTIFIER), PsiElement(Py:LPAR)]\",\"text\":\"lr_results.qval \\u003d lr_results.qval.clip_lower(lr_results.query(\",\"position\":[1481,1542]}]},{\"clone_length\":5,\"clones\":[{\"psi\":\"[PsiElement(Py:IDENTIFIER), PsiElement(Py:DOT), PsiElement(Py:IDENTIFIER), PsiElement(Py:LBRACKET), PsiElement(Py:IDENTIFIER)]\",\"text\":\"lr_results.loc[gene\",\"position\":[3134,3149]},{\"psi\":\"[PsiElement(Py:IDENTIFIER), PsiElement(Py:DOT), PsiElement(Py:IDENTIFIER), PsiElement(Py:LBRACKET), PsiElement(Py:IDENTIFIER)]\",\"text\":\"lr_results.loc[gene\",\"position\":[3195,3210]},{\"psi\":\"[PsiElement(Py:IDENTIFIER), PsiElement(Py:DOT), PsiElement(Py:IDENTIFIER), PsiElement(Py:LBRACKET), PsiElement(Py:IDENTIFIER)]\",\"text\":\"lr_results.loc[gene\",\"position\":[3273,3288]}]},{\"clone_length\":17,\"clones\":[{\"psi\":\"[PsiElement(Py:IDENTIFIER), PsiElement(Py:RPAR), PsiElement(Py:PLUS), PsiElement(Py:IDENTIFIER), PsiElement(Py:DOT), PsiElement(Py:IDENTIFIER), PsiElement(Py:LPAR), PsiElement(Py:COMMA), PsiElement(Py:IDENTIFIER), PsiElement(Py:EQ), PsiElement(Py:IDENTIFIER), PsiElement(Py:LBRACKET), PsiElement(Py:RBRACKET), PsiElement(Py:PLUS), PsiElement(Py:FLOAT_LITERAL), PsiElement(Py:COMMA), PsiElement(Py:IDENTIFIER)]\",\"text\":\"lr_results) \\\\\\n    + p.annotate(\\u0027text\\u0027,\\n                 x\\u003dexamples[\\u0027C(is_astrocyte)[T.True]\\u0027] + 0.33,\\n                 y\",\"position\":[1848,1967]},{\"psi\":\"[PsiElement(Py:IDENTIFIER), PsiElement(Py:RPAR), PsiElement(Py:PLUS), PsiElement(Py:IDENTIFIER), PsiElement(Py:DOT), PsiElement(Py:IDENTIFIER), PsiElement(Py:LPAR), PsiElement(Py:COMMA), PsiElement(Py:IDENTIFIER), PsiElement(Py:EQ), PsiElement(Py:IDENTIFIER), PsiElement(Py:LBRACKET), PsiElement(Py:RBRACKET), PsiElement(Py:PLUS), PsiElement(Py:FLOAT_LITERAL), PsiElement(Py:COMMA), PsiElement(Py:IDENTIFIER)]\",\"text\":\"lr_results) \\\\\\n    + p.annotate(\\u0027text\\u0027,\\n                 x\\u003dexamples[\\u0027C(is_astrocyte)[T.True]\\u0027] + 0.33,\\n                 y\",\"position\":[2210,2329]}]},{\"clone_length\":14,\"clones\":[{\"psi\":\"[PsiElement(Py:IDENTIFIER), PsiElement(Py:DOT), PsiElement(Py:IDENTIFIER), PsiElement(Py:LPAR), PsiElement(Py:IDENTIFIER), PsiElement(Py:DOT), PsiElement(Py:IDENTIFIER), PsiElement(Py:LPAR), PsiElement(Py:IDENTIFIER), PsiElement(Py:RPAR), PsiElement(Py:COMMA), PsiElement(Py:IDENTIFIER), PsiElement(Py:COMMA), PsiElement(Py:IDENTIFIER)]\",\"text\":\"plt.plot(np.exp(xx), yy1, c\",\"position\":[4071,4097]},{\"psi\":\"[PsiElement(Py:IDENTIFIER), PsiElement(Py:DOT), PsiElement(Py:IDENTIFIER), PsiElement(Py:LPAR), PsiElement(Py:IDENTIFIER), PsiElement(Py:DOT), PsiElement(Py:IDENTIFIER), PsiElement(Py:LPAR), PsiElement(Py:IDENTIFIER), PsiElement(Py:RPAR), PsiElement(Py:COMMA), PsiElement(Py:IDENTIFIER), PsiElement(Py:COMMA), PsiElement(Py:IDENTIFIER)]\",\"text\":\"plt.plot(np.exp(xx), yy1, c\",\"position\":[4114,4140]}]},{\"clone_length\":14,\"clones\":[{\"psi\":\"[PsiElement(Py:IDENTIFIER), PsiElement(Py:DOT), PsiElement(Py:IDENTIFIER), PsiElement(Py:LPAR), PsiElement(Py:IDENTIFIER), PsiElement(Py:DOT), PsiElement(Py:IDENTIFIER), PsiElement(Py:LPAR), PsiElement(Py:IDENTIFIER), PsiElement(Py:RPAR), PsiElement(Py:COMMA), PsiElement(Py:IDENTIFIER), PsiElement(Py:COMMA), PsiElement(Py:IDENTIFIER)]\",\"text\":\"plt.plot(np.exp(xx), yy2, c\",\"position\":[4166,4192]},{\"psi\":\"[PsiElement(Py:IDENTIFIER), PsiElement(Py:DOT), PsiElement(Py:IDENTIFIER), PsiElement(Py:LPAR), PsiElement(Py:IDENTIFIER), PsiElement(Py:DOT), PsiElement(Py:IDENTIFIER), PsiElement(Py:LPAR), PsiElement(Py:IDENTIFIER), PsiElement(Py:RPAR), PsiElement(Py:COMMA), PsiElement(Py:IDENTIFIER), PsiElement(Py:COMMA), PsiElement(Py:IDENTIFIER)]\",\"text\":\"plt.plot(np.exp(xx), yy2, c\",\"position\":[4209,4235]}]},{\"clone_length\":9,\"clones\":[{\"psi\":\"[PsiElement(Py:IDENTIFIER), PsiElement(Py:DOT), PsiElement(Py:IDENTIFIER), PsiElement(Py:LPAR), PsiElement(Py:RPAR), PsiElement(Py:IDENTIFIER), PsiElement(Py:DOT), PsiElement(Py:IDENTIFIER), PsiElement(Py:LPAR)]\",\"text\":\"plt.loglog()\\n\\n    plt.scatter(\",\"position\":[3610,3639]},{\"psi\":\"[PsiElement(Py:IDENTIFIER), PsiElement(Py:DOT), PsiElement(Py:IDENTIFIER), PsiElement(Py:LPAR), PsiElement(Py:RPAR), PsiElement(Py:IDENTIFIER), PsiElement(Py:DOT), PsiElement(Py:IDENTIFIER), PsiElement(Py:LPAR)]\",\"text\":\"plt.tight_layout()\\nplt.savefig(\",\"position\":[4339,4369]}]},{\"clone_length\":5,\"clones\":[{\"psi\":\"[PsiElement(Py:IDENTIFIER), PsiElement(Py:DOT), PsiElement(Py:IDENTIFIER), PsiElement(Py:LPAR), PsiElement(Py:IDENTIFIER)]\",\"text\":\"plt.scatter(sub_samples\",\"position\":[3628,3640]},{\"psi\":\"[PsiElement(Py:IDENTIFIER), PsiElement(Py:DOT), PsiElement(Py:IDENTIFIER), PsiElement(Py:LPAR), PsiElement(Py:IDENTIFIER)]\",\"text\":\"plt.scatter(sub_samples\",\"position\":[3842,3854]}]},{\"clone_length\":5,\"clones\":[{\"psi\":\"[PsiElement(Py:IDENTIFIER), PsiElement(Py:IDENTIFIER), PsiElement(Py:DOT), PsiElement(Py:IDENTIFIER), PsiElement(Py:LPAR)]\",\"text\":\"p\\np.theme_set(\",\"position\":[53,66]},{\"psi\":\"[PsiElement(Py:IDENTIFIER), PsiElement(Py:DOT), PsiElement(Py:IDENTIFIER), PsiElement(Py:LPAR)]\",\"text\":\"p.qplot(\",\"position\":[1794,1801]},{\"psi\":\"[PsiElement(Py:IDENTIFIER), PsiElement(Py:DOT), PsiElement(Py:IDENTIFIER), PsiElement(Py:LPAR)]\",\"text\":\"p.qplot(\",\"position\":[2152,2159]}]},{\"clone_length\":5,\"clones\":[{\"psi\":\"[PsiElement(Py:LPAR), PsiElement(Py:IDENTIFIER), PsiElement(Py:DOT), PsiElement(Py:IDENTIFIER), PsiElement(Py:LPAR)]\",\"text\":\"(np.log(\",\"position\":[3004,3011]},{\"psi\":\"[PsiElement(Py:LPAR), PsiElement(Py:RPAR), PsiElement(Py:RPAR), PsiElement(Py:COMMA), PsiElement(Py:IDENTIFIER), PsiElement(Py:DOT), PsiElement(Py:IDENTIFIER), PsiElement(Py:LPAR)]\",\"text\":\"()),\\n                 np.log(\",\"position\":[3039,3067]},{\"psi\":\"[PsiElement(Py:LPAR), PsiElement(Py:IDENTIFIER), PsiElement(Py:DOT), PsiElement(Py:IDENTIFIER), PsiElement(Py:LPAR)]\",\"text\":\"(np.exp(\",\"position\":[4079,4086]},{\"psi\":\"[PsiElement(Py:LPAR), PsiElement(Py:IDENTIFIER), PsiElement(Py:DOT), PsiElement(Py:IDENTIFIER), PsiElement(Py:LPAR)]\",\"text\":\"(np.exp(\",\"position\":[4122,4129]},{\"psi\":\"[PsiElement(Py:LPAR), PsiElement(Py:IDENTIFIER), PsiElement(Py:DOT), PsiElement(Py:IDENTIFIER), PsiElement(Py:LPAR)]\",\"text\":\"(np.exp(\",\"position\":[4174,4181]},{\"psi\":\"[PsiElement(Py:LPAR), PsiElement(Py:IDENTIFIER), PsiElement(Py:DOT), PsiElement(Py:IDENTIFIER), PsiElement(Py:LPAR)]\",\"text\":\"(np.exp(\",\"position\":[4217,4224]}]},{\"clone_length\":11,\"clones\":[{\"psi\":\"[PsiElement(Py:LPAR), PsiElement(Py:IDENTIFIER), PsiElement(Py:DOT), PsiElement(Py:IDENTIFIER), PsiElement(Py:LPAR), PsiElement(Py:IDENTIFIER), PsiElement(Py:DOT), PsiElement(Py:IDENTIFIER), PsiElement(Py:DOT), PsiElement(Py:IDENTIFIER), PsiElement(Py:LPAR)]\",\"text\":\"(np.log(sub_samples.total_count.min(\",\"position\":[3004,3039]},{\"psi\":\"[PsiElement(Py:LPAR), PsiElement(Py:RPAR), PsiElement(Py:RPAR), PsiElement(Py:COMMA), PsiElement(Py:IDENTIFIER), PsiElement(Py:DOT), PsiElement(Py:IDENTIFIER), PsiElement(Py:LPAR), PsiElement(Py:IDENTIFIER), PsiElement(Py:DOT), PsiElement(Py:IDENTIFIER), PsiElement(Py:DOT), PsiElement(Py:IDENTIFIER), PsiElement(Py:LPAR)]\",\"text\":\"()),\\n                 np.log(sub_samples.total_count.max(\",\"position\":[3039,3095]}]},{\"clone_length\":2,\"clones\":[{\"psi\":\"[PsiElement(Py:LPAR), PsiElement(Py:IDENTIFIER)]\",\"text\":\"(lr_results\",\"position\":[1435,1436]},{\"psi\":\"[PsiElement(Py:LPAR), PsiElement(Py:IDENTIFIER)]\",\"text\":\"(lr_results\",\"position\":[1525,1526]},{\"psi\":\"[PsiElement(Py:LPAR), PsiElement(Py:IDENTIFIER)]\",\"text\":\"(lr_results\",\"position\":[1601,1602]},{\"psi\":\"[PsiElement(Py:LPAR), PsiElement(Py:IDENTIFIER)]\",\"text\":\"(lr_results\",\"position\":[2511,2512]},{\"psi\":\"[PsiElement(Py:LPAR), PsiElement(Py:IDENTIFIER)]\",\"text\":\"(lr_results\",\"position\":[2600,2601]}]},{\"clone_length\":4,\"clones\":[{\"psi\":\"[PsiElement(Py:LPAR), PsiElement(Py:RPAR), PsiElement(Py:RPAR), PsiElement(Py:IDENTIFIER)]\",\"text\":\"())\\n\\nplt\",\"position\":[82,87]},{\"psi\":\"[PsiElement(Py:LPAR), PsiElement(Py:RPAR), PsiElement(Py:IDENTIFIER)]\",\"text\":\"()\\n\\n    plt\",\"position\":[3620,3628]},{\"psi\":\"[PsiElement(Py:LPAR), PsiElement(Py:RPAR), PsiElement(Py:IDENTIFIER)]\",\"text\":\"()\\nplt\",\"position\":[4355,4358]}]},{\"clone_length\":7,\"clones\":[{\"psi\":\"[PsiElement(Py:LPAR), PsiElement(Py:IDENTIFIER), PsiElement(Py:RPAR), PsiElement(Py:IDENTIFIER), PsiElement(Py:DOT), PsiElement(Py:IDENTIFIER), PsiElement(Py:LPAR)]\",\"text\":\"(gene)\\n\\n    plt.plot(\",\"position\":[4059,4079]},{\"psi\":\"[PsiElement(Py:LPAR), PsiElement(Py:IDENTIFIER), PsiElement(Py:RPAR), PsiElement(Py:IDENTIFIER), PsiElement(Py:DOT), PsiElement(Py:IDENTIFIER), PsiElement(Py:LPAR)]\",\"text\":\"(gene)\\n    plt.xlabel(\",\"position\":[4266,4287]}]},{\"clone_length\":4,\"clones\":[{\"psi\":\"[PsiElement(Py:LPAR), PsiElement(Py:RPAR), PsiElement(Py:IDENTIFIER), PsiElement(Py:LPAR)]\",\"text\":\"()\\n# [___CELL_SEPARATOR___]\\nprint(\",\"position\":[1060,1093]},{\"psi\":\"[PsiElement(Py:LPAR), PsiElement(Py:RPAR), PsiElement(Py:RPAR), PsiElement(Py:IDENTIFIER), PsiElement(Py:LPAR)]\",\"text\":\"())\\n# [___CELL_SEPARATOR___]\\nprint(\",\"position\":[1567,1601]},{\"psi\":\"[PsiElement(Py:LPAR), PsiElement(Py:RPAR), PsiElement(Py:RPAR), PsiElement(Py:IDENTIFIER), PsiElement(Py:LPAR)]\",\"text\":\"())\\n# [___CELL_SEPARATOR___]\\nprint(\",\"position\":[2566,2600]}]},{\"clone_length\":9,\"clones\":[{\"psi\":\"[PsiElement(Py:LPAR), PsiElement(Py:RPAR), PsiElement(Py:RPAR), PsiElement(Py:IDENTIFIER), PsiElement(Py:LPAR), PsiElement(Py:IDENTIFIER), PsiElement(Py:DOT), PsiElement(Py:IDENTIFIER), PsiElement(Py:LPAR)]\",\"text\":\"())\\n# [___CELL_SEPARATOR___]\\nprint(lr_results.sort_values(\",\"position\":[1567,1624]},{\"psi\":\"[PsiElement(Py:LPAR), PsiElement(Py:RPAR), PsiElement(Py:RPAR), PsiElement(Py:IDENTIFIER), PsiElement(Py:LPAR), PsiElement(Py:IDENTIFIER), PsiElement(Py:DOT), PsiElement(Py:IDENTIFIER), PsiElement(Py:LPAR)]\",\"text\":\"())\\n# [___CELL_SEPARATOR___]\\nprint(lr_results.sort_values(\",\"position\":[2566,2623]}]},{\"clone_length\":2,\"clones\":[{\"psi\":\"[PsiElement(Py:LPAR), PsiElement(Py:IDENTIFIER)]\",\"text\":\"(sub_samples\",\"position\":[1093,1094]},{\"psi\":\"[PsiElement(Py:LPAR), PsiElement(Py:RPAR), PsiElement(Py:COMMA), PsiElement(Py:IDENTIFIER)]\",\"text\":\"(), sub_samples\",\"position\":[1028,1032]},{\"psi\":\"[PsiElement(Py:LPAR), PsiElement(Py:IDENTIFIER)]\",\"text\":\"(sub_samples\",\"position\":[3011,3012]},{\"psi\":\"[PsiElement(Py:LPAR), PsiElement(Py:IDENTIFIER)]\",\"text\":\"(sub_samples\",\"position\":[3067,3068]},{\"psi\":\"[PsiElement(Py:LPAR), PsiElement(Py:IDENTIFIER)]\",\"text\":\"(sub_samples\",\"position\":[3639,3640]},{\"psi\":\"[PsiElement(Py:LPAR), PsiElement(Py:IDENTIFIER)]\",\"text\":\"(sub_samples\",\"position\":[3853,3854]}]},{\"clone_length\":6,\"clones\":[{\"psi\":\"[PsiElement(Py:INTEGER_LITERAL), PsiElement(Py:RPAR), PsiElement(Py:IDENTIFIER), PsiElement(Py:DOT), PsiElement(Py:IDENTIFIER), PsiElement(Py:LPAR)]\",\"text\":\"3)\\n    \\n    plt.title(\",\"position\":[4245,4266]},{\"psi\":\"[PsiElement(Py:INTEGER_LITERAL), PsiElement(Py:RPAR), PsiElement(Py:SEMICOLON), PsiElement(Py:IDENTIFIER), PsiElement(Py:DOT), PsiElement(Py:IDENTIFIER), PsiElement(Py:LPAR)]\",\"text\":\"3);\\n    \\nplt.tight_layout(\",\"position\":[4330,4355]}]},{\"clone_length\":4,\"clones\":[{\"psi\":\"[PsiElement(Py:LBRACKET), PsiElement(Py:COMMA), PsiElement(Py:COMMA), PsiElement(Py:COMMA)]\",\"text\":\"[\\u0027Apoe\\u0027, \\u0027Sparcl1\\u0027, \\u0027Tmsb4x\\u0027, \\u0027C1qa\\u0027\",\"position\":[1682,1710]},{\"psi\":\"[PsiElement(Py:LBRACKET), PsiElement(Py:COMMA), PsiElement(Py:COMMA), PsiElement(Py:COMMA)]\",\"text\":\"[\\u0027Apoe\\u0027, \\u0027Sparcl1\\u0027, \\u0027Tmsb4x\\u0027, \\u0027C1qa\\u0027\",\"position\":[3429,3457]}]},{\"clone_length\":16,\"clones\":[{\"psi\":\"[PsiElement(Py:IDENTIFIER), PsiElement(Py:EQ), PsiElement(Py:COMMA), PsiElement(Py:IDENTIFIER), PsiElement(Py:EQ), PsiElement(Py:INTEGER_LITERAL), PsiElement(Py:RPAR), PsiElement(Py:IDENTIFIER), PsiElement(Py:DOT), PsiElement(Py:IDENTIFIER), PsiElement(Py:LPAR), PsiElement(Py:IDENTIFIER), PsiElement(Py:DOT), PsiElement(Py:IDENTIFIER), PsiElement(Py:LPAR), PsiElement(Py:IDENTIFIER)]\",\"text\":\"c\\u003d\\u0027w\\u0027, lw\\u003d5)\\n    plt.plot(np.exp(xx\",\"position\":[4097,4130]},{\"psi\":\"[PsiElement(Py:IDENTIFIER), PsiElement(Py:EQ), PsiElement(Py:COMMA), PsiElement(Py:IDENTIFIER), PsiElement(Py:EQ), PsiElement(Py:INTEGER_LITERAL), PsiElement(Py:RPAR), PsiElement(Py:IDENTIFIER), PsiElement(Py:DOT), PsiElement(Py:IDENTIFIER), PsiElement(Py:LPAR), PsiElement(Py:IDENTIFIER), PsiElement(Py:DOT), PsiElement(Py:IDENTIFIER), PsiElement(Py:LPAR), PsiElement(Py:IDENTIFIER)]\",\"text\":\"c\\u003d\\u0027w\\u0027, lw\\u003d5)\\n    plt.plot(np.exp(xx\",\"position\":[4192,4225]}]},{\"clone_length\":6,\"clones\":[{\"psi\":\"[PsiElement(Py:IDENTIFIER), PsiElement(Py:EQ), PsiElement(Py:COMMA), PsiElement(Py:IDENTIFIER), PsiElement(Py:EQ), PsiElement(Py:INTEGER_LITERAL)]\",\"text\":\"c\\u003d\\u0027r\\u0027, lw\\u003d3\",\"position\":[4140,4150]},{\"psi\":\"[PsiElement(Py:IDENTIFIER), PsiElement(Py:EQ), PsiElement(Py:COMMA), PsiElement(Py:IDENTIFIER), PsiElement(Py:EQ), PsiElement(Py:INTEGER_LITERAL)]\",\"text\":\"c\\u003d\\u0027r\\u0027, lw\\u003d3\",\"position\":[4235,4245]}]},{\"clone_length\":4,\"clones\":[{\"psi\":\"[PsiElement(Py:IDENTIFIER), PsiElement(Py:DOT), PsiElement(Py:IDENTIFIER), PsiElement(Py:LPAR)]\",\"text\":\"pd.read_parquet(\",\"position\":[203,218]},{\"psi\":\"[PsiElement(Py:IDENTIFIER), PsiElement(Py:DOT), PsiElement(Py:IDENTIFIER), PsiElement(Py:LPAR)]\",\"text\":\"pd.read_parquet(\",\"position\":[286,301]}]},{\"clone_length\":5,\"clones\":[{\"psi\":\"[PsiElement(Py:IDENTIFIER), PsiElement(Py:DOT), PsiElement(Py:IDENTIFIER), PsiElement(Py:LPAR), PsiElement(Py:IDENTIFIER)]\",\"text\":\"np.exp(yy\",\"position\":[3240,3247]},{\"psi\":\"[PsiElement(Py:IDENTIFIER), PsiElement(Py:DOT), PsiElement(Py:IDENTIFIER), PsiElement(Py:LPAR), PsiElement(Py:IDENTIFIER)]\",\"text\":\"np.exp(yy\",\"position\":[3261,3268]}]},{\"clone_length\":3,\"clones\":[{\"psi\":\"[PsiElement(Py:IDENTIFIER), PsiElement(Py:EQ), PsiElement(Py:IDENTIFIER)]\",\"text\":\"yy \\u003d \\\\\\n    lr_results\",\"position\":[3123,3134]},{\"psi\":\"[PsiElement(Py:IDENTIFIER), PsiElement(Py:PLUS), PsiElement(Py:IDENTIFIER)]\",\"text\":\"yy + lr_results\",\"position\":[3268,3273]}]},{\"clone_length\":2,\"clones\":[{\"psi\":\"[PsiElement(Py:IDENTIFIER), PsiElement(Py:IDENTIFIER)]\",\"text\":\"img\\n# [___CELL_SEPARATOR___]\\nimg\",\"position\":[2115,2144]},{\"psi\":\"[PsiElement(Py:IDENTIFIER)]\",\"text\":\"img\",\"position\":[2082,2082]},{\"psi\":\"[PsiElement(Py:IDENTIFIER)]\",\"text\":\"img\",\"position\":[2444,2444]},{\"psi\":\"[PsiElement(Py:IDENTIFIER)]\",\"text\":\"img\",\"position\":[2900,2900]}]},{\"clone_length\":3,\"clones\":[{\"psi\":\"[PsiElement(Py:IDENTIFIER), PsiElement(Py:EQ), PsiElement(Py:IDENTIFIER)]\",\"text\":\"img \\u003d \\\\\\np\",\"position\":[1786,1794]},{\"psi\":\"[PsiElement(Py:IDENTIFIER), PsiElement(Py:EQ), PsiElement(Py:IDENTIFIER)]\",\"text\":\"img \\u003d \\\\\\np\",\"position\":[2144,2152]},{\"psi\":\"[PsiElement(Py:IDENTIFIER), PsiElement(Py:EQ), PsiElement(Py:IDENTIFIER)]\",\"text\":\"img \\u003d \\\\\\np\",\"position\":[2684,2692]}]},{\"clone_length\":6,\"clones\":[{\"psi\":\"[PsiElement(Py:IDENTIFIER), PsiElement(Py:EQ), PsiElement(Py:IDENTIFIER), PsiElement(Py:DOT), PsiElement(Py:IDENTIFIER), PsiElement(Py:LPAR)]\",\"text\":\"img \\u003d \\\\\\np.qplot(\\u0027C(is_astrocyte)[T.True]\\u0027\",\"position\":[1786,1801]},{\"psi\":\"[PsiElement(Py:IDENTIFIER), PsiElement(Py:EQ), PsiElement(Py:IDENTIFIER), PsiElement(Py:DOT), PsiElement(Py:IDENTIFIER), PsiElement(Py:LPAR)]\",\"text\":\"img \\u003d \\\\\\np.qplot(\\u0027C(is_astrocyte)[T.True]\\u0027\",\"position\":[2144,2159]}]},{\"clone_length\":10,\"clones\":[{\"psi\":\"[PsiElement(Py:IDENTIFIER), PsiElement(Py:LPAR), PsiElement(Py:IDENTIFIER), PsiElement(Py:DOT), PsiElement(Py:IDENTIFIER), PsiElement(Py:LPAR), PsiElement(Py:RPAR), PsiElement(Py:DOT), PsiElement(Py:IDENTIFIER), PsiElement(Py:LPAR)]\",\"text\":\"print(lr_results.sort_values(\\u0027C(is_astrocyte)[T.True]\\u0027).head(\",\"position\":[2506,2566]},{\"psi\":\"[PsiElement(Py:IDENTIFIER), PsiElement(Py:LPAR), PsiElement(Py:IDENTIFIER), PsiElement(Py:DOT), PsiElement(Py:IDENTIFIER), PsiElement(Py:LPAR), PsiElement(Py:RPAR), PsiElement(Py:DOT), PsiElement(Py:IDENTIFIER), PsiElement(Py:LPAR)]\",\"text\":\"print(lr_results.sort_values(\\u0027C(is_astrocyte)[T.True]\\u0027).tail(\",\"position\":[2595,2655]}]},{\"clone_length\":18,\"clones\":[{\"psi\":\"[PsiElement(Py:IDENTIFIER), PsiElement(Py:EQ), PsiElement(Py:IDENTIFIER), PsiElement(Py:DOT), PsiElement(Py:IDENTIFIER), PsiElement(Py:RPAR), PsiElement(Py:PLUS), PsiElement(Py:IDENTIFIER), PsiElement(Py:DOT), PsiElement(Py:IDENTIFIER), PsiElement(Py:LPAR), PsiElement(Py:IDENTIFIER), PsiElement(Py:EQ), PsiElement(Py:RPAR), PsiElement(Py:IDENTIFIER), PsiElement(Py:DOT), PsiElement(Py:IDENTIFIER), PsiElement(Py:LPAR)]\",\"text\":\"label\\u003dexamples.index) \\\\\\n    + p.labs(title\\u003d\\u0027Brain cell data\\u0027)\\n    \\nimg.save(\",\"position\":[2015,2090]},{\"psi\":\"[PsiElement(Py:IDENTIFIER), PsiElement(Py:EQ), PsiElement(Py:IDENTIFIER), PsiElement(Py:DOT), PsiElement(Py:IDENTIFIER), PsiElement(Py:RPAR), PsiElement(Py:PLUS), PsiElement(Py:IDENTIFIER), PsiElement(Py:DOT), PsiElement(Py:IDENTIFIER), PsiElement(Py:LPAR), PsiElement(Py:IDENTIFIER), PsiElement(Py:EQ), PsiElement(Py:RPAR), PsiElement(Py:IDENTIFIER), PsiElement(Py:DOT), PsiElement(Py:IDENTIFIER), PsiElement(Py:LPAR)]\",\"text\":\"label\\u003dexamples.index) \\\\\\n    + p.labs(title\\u003d\\u0027Brain cell data\\u0027)\\n\\nimg.save(\",\"position\":[2381,2452]}]},{\"clone_length\":1,\"clones\":[{\"psi\":\"[PsiElement(Py:IDENTIFIER)]\",\"text\":\"sample_info\",\"position\":[384,384]},{\"psi\":\"[PsiElement(Py:IDENTIFIER)]\",\"text\":\"sample_info\",\"position\":[469,469]}]},{\"clone_length\":5,\"clones\":[{\"psi\":\"[PsiElement(Py:IDENTIFIER), PsiElement(Py:EQ), PsiElement(Py:FALSE_KEYWORD), PsiElement(Py:RPAR), PsiElement(Py:IDENTIFIER)]\",\"text\":\"verbose\\u003dFalse)\\nimg\",\"position\":[2100,2115]},{\"psi\":\"[PsiElement(Py:IDENTIFIER), PsiElement(Py:EQ), PsiElement(Py:FALSE_KEYWORD), PsiElement(Py:RPAR), PsiElement(Py:IDENTIFIER)]\",\"text\":\"verbose\\u003dFalse)\\nimg\",\"position\":[2918,2933]},{\"psi\":\"[PsiElement(Py:IDENTIFIER), PsiElement(Py:EQ), PsiElement(Py:FALSE_KEYWORD), PsiElement(Py:RPAR), PsiElement(Py:IDENTIFIER)]\",\"text\":\"verbose\\u003dFalse)\\nimg\",\"position\":[2462,2477]}]},{\"clone_length\":5,\"clones\":[{\"psi\":\"[PsiElement(Py:IDENTIFIER), PsiElement(Py:DOT), PsiElement(Py:IDENTIFIER), PsiElement(Py:LBRACKET), PsiElement(Py:IDENTIFIER)]\",\"text\":\"sub_samples.loc[sub_samples\",\"position\":[3928,3944]},{\"psi\":\"[PsiElement(Py:IDENTIFIER), PsiElement(Py:DOT), PsiElement(Py:IDENTIFIER), PsiElement(Py:LBRACKET), PsiElement(Py:IDENTIFIER)]\",\"text\":\"sub_samples.loc[sub_samples\",\"position\":[3928,3944]},{\"psi\":\"[PsiElement(Py:IDENTIFIER)]\",\"text\":\"sub_samples\",\"position\":[998,998]},{\"psi\":\"[PsiElement(Py:IDENTIFIER), PsiElement(Py:DOT), PsiElement(Py:IDENTIFIER), PsiElement(Py:LBRACKET), PsiElement(Py:IDENTIFIER)]\",\"text\":\"sub_samples.loc[sub_samples\",\"position\":[3854,3870]}]},{\"clone_length\":6,\"clones\":[{\"psi\":\"[PsiElement(Py:IDENTIFIER), PsiElement(Py:DOT), PsiElement(Py:IDENTIFIER), PsiElement(Py:DOT), PsiElement(Py:IDENTIFIER), PsiElement(Py:LPAR)]\",\"text\":\"sub_samples.total_count.hist(\",\"position\":[916,944]},{\"psi\":\"[PsiElement(Py:IDENTIFIER), PsiElement(Py:DOT), PsiElement(Py:IDENTIFIER), PsiElement(Py:DOT), PsiElement(Py:IDENTIFIER), PsiElement(Py:LPAR)]\",\"text\":\"sub_samples.total_count.median(\",\"position\":[998,1028]}]},{\"clone_length\":6,\"clones\":[{\"psi\":\"[PsiElement(Py:IDENTIFIER), PsiElement(Py:DOT), PsiElement(Py:IDENTIFIER), PsiElement(Py:LBRACKET), PsiElement(Py:TILDE), PsiElement(Py:IDENTIFIER)]\",\"text\":\"sub_samples.loc[~sub_samples\",\"position\":[3640,3657]},{\"psi\":\"[PsiElement(Py:IDENTIFIER), PsiElement(Py:DOT), PsiElement(Py:IDENTIFIER), PsiElement(Py:LBRACKET), PsiElement(Py:TILDE), PsiElement(Py:IDENTIFIER)]\",\"text\":\"sub_samples.loc[~sub_samples\",\"position\":[3715,3732]}]},{\"clone_length\":2,\"clones\":[{\"psi\":\"[PsiElement(Py:IDENTIFIER), PsiElement(Py:LBRACKET)]\",\"text\":\"sub_samples[\\u0027gene\\u0027\",\"position\":[3473,3484]},{\"psi\":\"[PsiElement(Py:IDENTIFIER), PsiElement(Py:DOT), PsiElement(Py:IDENTIFIER), PsiElement(Py:LBRACKET), PsiElement(Py:IDENTIFIER), PsiElement(Py:DOT), PsiElement(Py:IDENTIFIER), PsiElement(Py:RBRACKET), PsiElement(Py:LBRACKET)]\",\"text\":\"sub_samples.loc[sub_samples.is_astrocyte][\\u0027gene\\u0027\",\"position\":[3928,3969]}]},{\"clone_length\":2,\"clones\":[{\"psi\":\"[PsiElement(Py:IDENTIFIER), PsiElement(Py:LBRACKET)]\",\"text\":\"sub_samples[\\u0027total_count\\u0027\",\"position\":[829,840]},{\"psi\":\"[PsiElement(Py:IDENTIFIER), PsiElement(Py:DOT), PsiElement(Py:IDENTIFIER), PsiElement(Py:LBRACKET), PsiElement(Py:IDENTIFIER), PsiElement(Py:DOT), PsiElement(Py:IDENTIFIER), PsiElement(Py:RBRACKET), PsiElement(Py:LBRACKET)]\",\"text\":\"sub_samples.loc[sub_samples.is_astrocyte][\\u0027total_count\\u0027\",\"position\":[3854,3895]}]},{\"clone_length\":8,\"clones\":[{\"psi\":\"[PsiElement(Py:IDENTIFIER), PsiElement(Py:DOT), PsiElement(Py:IDENTIFIER), PsiElement(Py:RBRACKET), PsiElement(Py:LBRACKET), PsiElement(Py:RBRACKET), PsiElement(Py:COMMA), PsiElement(Py:IDENTIFIER)]\",\"text\":\"sub_samples.is_astrocyte][\\u0027total_count\\u0027],\\n                sub_samples\",\"position\":[3657,3715]},{\"psi\":\"[PsiElement(Py:IDENTIFIER), PsiElement(Py:DOT), PsiElement(Py:IDENTIFIER), PsiElement(Py:RBRACKET), PsiElement(Py:LBRACKET), PsiElement(Py:RBRACKET), PsiElement(Py:COMMA), PsiElement(Py:IDENTIFIER)]\",\"text\":\"sub_samples.is_astrocyte][\\u0027total_count\\u0027],\\n                sub_samples\",\"position\":[3870,3928]}]},{\"clone_length\":10,\"clones\":[{\"psi\":\"[PsiElement(Py:IDENTIFIER), PsiElement(Py:DOT), PsiElement(Py:IDENTIFIER), PsiElement(Py:RBRACKET), PsiElement(Py:LBRACKET), PsiElement(Py:RBRACKET), PsiElement(Py:PLUS), PsiElement(Py:INTEGER_LITERAL), PsiElement(Py:COMMA), PsiElement(Py:IDENTIFIER)]\",\"text\":\"sub_samples.is_astrocyte][\\u0027gene\\u0027] + 1,\\n                c\",\"position\":[3732,3787]},{\"psi\":\"[PsiElement(Py:IDENTIFIER), PsiElement(Py:DOT), PsiElement(Py:IDENTIFIER), PsiElement(Py:RBRACKET), PsiElement(Py:LBRACKET), PsiElement(Py:RBRACKET), PsiElement(Py:PLUS), PsiElement(Py:INTEGER_LITERAL), PsiElement(Py:COMMA), PsiElement(Py:IDENTIFIER)]\",\"text\":\"sub_samples.is_astrocyte][\\u0027gene\\u0027] + 1,\\n                c\",\"position\":[3944,3999]}]}]}","initial_tree_length":777,"project_name":"38c6cadd9f48f95dbffec72a3f2b818b346185f2","file_name":"38c6cadd9f48f95dbffec72a3f2b818b346185f2.ipynb.py"}