{"3":"{\"totalGroups\":3,\"totalClones\":6,\"groups\":[{\"clone_length\":1,\"clones\":[{\"psi\":\"[PsiElement(Py:IDENTIFIER)]\",\"text\":\"d\",\"position\":[186,186]},{\"psi\":\"[PsiElement(Py:IDENTIFIER)]\",\"text\":\"d\",\"position\":[186,186]}]},{\"clone_length\":1,\"clones\":[{\"psi\":\"[PsiElement(Py:IDENTIFIER)]\",\"text\":\"e\",\"position\":[174,174]},{\"psi\":\"[PsiElement(Py:IDENTIFIER)]\",\"text\":\"e\",\"position\":[174,174]}]},{\"clone_length\":4,\"clones\":[{\"psi\":\"[PsiElement(Py:IDENTIFIER), PsiElement(Py:DOT), PsiElement(Py:IDENTIFIER), PsiElement(Py:LPAR)]\",\"text\":\"json.load(\",\"position\":[66,75]},{\"psi\":\"[PsiElement(Py:IDENTIFIER), PsiElement(Py:DOT), PsiElement(Py:IDENTIFIER), PsiElement(Py:LPAR)]\",\"text\":\"json.dump(\",\"position\":[229,238]}]}]}","initial_tree_length":77,"project_name":"3c483ac0761dc237a70e570e0aa14d96392841fb","file_name":"3c483ac0761dc237a70e570e0aa14d96392841fb.ipynb.py"}