{"3":"{\"totalGroups\":50,\"totalClones\":156,\"groups\":[{\"clone_length\":2,\"clones\":[{\"psi\":\"[PsiElement(Py:LPAR), PsiElement(Py:IDENTIFIER)]\",\"text\":\"(np\",\"position\":[5211,5212]},{\"psi\":\"[PsiElement(Py:LPAR), PsiElement(Py:IDENTIFIER)]\",\"text\":\"(np\",\"position\":[5134,5135]},{\"psi\":\"[PsiElement(Py:LPAR), PsiElement(Py:IDENTIFIER)]\",\"text\":\"(np\",\"position\":[5303,5304]},{\"psi\":\"[PsiElement(Py:LPAR), PsiElement(Py:IDENTIFIER)]\",\"text\":\"(np\",\"position\":[5243,5244]},{\"psi\":\"[PsiElement(Py:LPAR), PsiElement(Py:IDENTIFIER)]\",\"text\":\"(np\",\"position\":[5408,5409]},{\"psi\":\"[PsiElement(Py:LPAR), PsiElement(Py:IDENTIFIER)]\",\"text\":\"(np\",\"position\":[5378,5379]},{\"psi\":\"[PsiElement(Py:LPAR), PsiElement(Py:IDENTIFIER)]\",\"text\":\"(np\",\"position\":[5463,5464]},{\"psi\":\"[PsiElement(Py:LPAR), PsiElement(Py:IDENTIFIER)]\",\"text\":\"(np\",\"position\":[1506,1507]},{\"psi\":\"[PsiElement(Py:LPAR), PsiElement(Py:IDENTIFIER)]\",\"text\":\"(np\",\"position\":[2851,2852]},{\"psi\":\"[PsiElement(Py:LPAR), PsiElement(Py:IDENTIFIER)]\",\"text\":\"(np\",\"position\":[1639,1640]},{\"psi\":\"[PsiElement(Py:LPAR), PsiElement(Py:IDENTIFIER)]\",\"text\":\"(np\",\"position\":[2984,2985]},{\"psi\":\"[PsiElement(Py:LPAR), PsiElement(Py:IDENTIFIER)]\",\"text\":\"(np\",\"position\":[5060,5061]},{\"psi\":\"[PsiElement(Py:LPAR), PsiElement(Py:IDENTIFIER)]\",\"text\":\"(np\",\"position\":[4236,4237]}]},{\"clone_length\":6,\"clones\":[{\"psi\":\"[PsiElement(Py:LPAR), PsiElement(Py:IDENTIFIER), PsiElement(Py:DOT), PsiElement(Py:IDENTIFIER), PsiElement(Py:LPAR), PsiElement(Py:IDENTIFIER)]\",\"text\":\"(np.log(params\",\"position\":[5243,5251]},{\"psi\":\"[PsiElement(Py:LPAR), PsiElement(Py:IDENTIFIER), PsiElement(Py:DOT), PsiElement(Py:IDENTIFIER), PsiElement(Py:LPAR), PsiElement(Py:IDENTIFIER)]\",\"text\":\"(np.log(params\",\"position\":[5408,5416]}]},{\"clone_length\":11,\"clones\":[{\"psi\":\"[PsiElement(Py:LPAR), PsiElement(Py:IDENTIFIER), PsiElement(Py:RPAR), PsiElement(Py:COLON), PsiElement(Py:IDENTIFIER), PsiElement(Py:DOT), PsiElement(Py:IDENTIFIER), PsiElement(Py:LPAR), PsiElement(Py:IDENTIFIER), PsiElement(Py:RPAR), PsiElement(Py:TRY_KEYWORD)]\",\"text\":\"(p):\\n    gp.set_parameter_vector(p)\\n    try\",\"position\":[1820,1860]},{\"psi\":\"[PsiElement(Py:LPAR), PsiElement(Py:IDENTIFIER), PsiElement(Py:RPAR), PsiElement(Py:COLON), PsiElement(Py:IDENTIFIER), PsiElement(Py:DOT), PsiElement(Py:IDENTIFIER), PsiElement(Py:LPAR), PsiElement(Py:IDENTIFIER), PsiElement(Py:RPAR), PsiElement(Py:TRY_KEYWORD)]\",\"text\":\"(p):\\n    gp.set_parameter_vector(p)\\n    try\",\"position\":[2038,2078]}]},{\"clone_length\":2,\"clones\":[{\"psi\":\"[PsiElement(Py:LPAR), PsiElement(Py:IDENTIFIER)]\",\"text\":\"(flux\",\"position\":[3817,3818]},{\"psi\":\"[PsiElement(Py:LPAR), PsiElement(Py:RPAR), PsiElement(Py:MINUS), PsiElement(Py:IDENTIFIER)]\",\"text\":\"()-flux\",\"position\":[3826,3829]}]},{\"clone_length\":6,\"clones\":[{\"psi\":\"[PsiElement(Py:IDENTIFIER), PsiElement(Py:DOT), PsiElement(Py:IDENTIFIER), PsiElement(Py:DOT), PsiElement(Py:IDENTIFIER), PsiElement(Py:LPAR)]\",\"text\":\"george.kernels.ExpSquaredKernel(\",\"position\":[986,1017]},{\"psi\":\"[PsiElement(Py:IDENTIFIER), PsiElement(Py:DOT), PsiElement(Py:IDENTIFIER), PsiElement(Py:DOT), PsiElement(Py:IDENTIFIER), PsiElement(Py:LPAR)]\",\"text\":\"george.kernels.ExpSine2Kernel(\",\"position\":[1043,1072]}]},{\"clone_length\":6,\"clones\":[{\"psi\":\"[PsiElement(Py:IDENTIFIER), PsiElement(Py:EQ), PsiElement(Py:IDENTIFIER), PsiElement(Py:DOT), PsiElement(Py:IDENTIFIER), PsiElement(Py:LPAR)]\",\"text\":\"log_period\\u003dnp.log(\",\"position\":[1082,1099]},{\"psi\":\"[PsiElement(Py:IDENTIFIER), PsiElement(Py:EQ), PsiElement(Py:IDENTIFIER), PsiElement(Py:DOT), PsiElement(Py:IDENTIFIER), PsiElement(Py:LPAR)]\",\"text\":\"log_period \\u003d np.log(\",\"position\":[3897,3916]}]},{\"clone_length\":9,\"clones\":[{\"psi\":\"[PsiElement(Py:EXCEPT_KEYWORD), PsiElement(Py:IDENTIFIER), PsiElement(Py:DOT), PsiElement(Py:IDENTIFIER), PsiElement(Py:DOT), PsiElement(Py:IDENTIFIER), PsiElement(Py:COLON), PsiElement(Py:RETURN_KEYWORD), PsiElement(Py:IDENTIFIER)]\",\"text\":\"except scipy.linalg.LinAlgError:\\n        return np\",\"position\":[1942,1990]},{\"psi\":\"[PsiElement(Py:EXCEPT_KEYWORD), PsiElement(Py:IDENTIFIER), PsiElement(Py:DOT), PsiElement(Py:IDENTIFIER), PsiElement(Py:DOT), PsiElement(Py:IDENTIFIER), PsiElement(Py:COLON), PsiElement(Py:RETURN_KEYWORD), PsiElement(Py:IDENTIFIER)]\",\"text\":\"except scipy.linalg.LinAlgError:\\n        return np\",\"position\":[2169,2217]}]},{\"clone_length\":2,\"clones\":[{\"psi\":\"[PsiElement(Py:EXCEPT_KEYWORD), PsiElement(Py:IDENTIFIER)]\",\"text\":\"except np\",\"position\":[5940,5947]},{\"psi\":\"[PsiElement(Py:EXCEPT_KEYWORD), PsiElement(Py:IDENTIFIER)]\",\"text\":\"except np\",\"position\":[6725,6732]}]},{\"clone_length\":1,\"clones\":[{\"psi\":\"[PsiElement(Py:IDENTIFIER)]\",\"text\":\"p_mean\",\"position\":[5532,5532]},{\"psi\":\"[PsiElement(Py:IDENTIFIER)]\",\"text\":\"p_mean\",\"position\":[5532,5532]}]},{\"clone_length\":4,\"clones\":[{\"psi\":\"[PsiElement(Py:IDENTIFIER), PsiElement(Py:EQ), PsiElement(Py:LPAR), PsiElement(Py:INTEGER_LITERAL)]\",\"text\":\"figsize\\u003d(10\",\"position\":[2676,2685]},{\"psi\":\"[PsiElement(Py:IDENTIFIER), PsiElement(Py:EQ), PsiElement(Py:LPAR), PsiElement(Py:INTEGER_LITERAL)]\",\"text\":\"figsize\\u003d(10\",\"position\":[8255,8264]}]},{\"clone_length\":8,\"clones\":[{\"psi\":\"[PsiElement(Py:MINUS), PsiElement(Py:IDENTIFIER), PsiElement(Py:DOT), PsiElement(Py:IDENTIFIER), PsiElement(Py:LPAR), PsiElement(Py:IDENTIFIER), PsiElement(Py:RPAR), PsiElement(Py:RETURN_KEYWORD)]\",\"text\":\"-gp.log_likelihood(flux)\\n        return\",\"position\":[1887,1920]},{\"psi\":\"[PsiElement(Py:MINUS), PsiElement(Py:IDENTIFIER), PsiElement(Py:DOT), PsiElement(Py:IDENTIFIER), PsiElement(Py:LPAR), PsiElement(Py:IDENTIFIER), PsiElement(Py:RPAR), PsiElement(Py:RETURN_KEYWORD)]\",\"text\":\"-gp.grad_log_likelihood(flux)\\n        return\",\"position\":[2107,2145]}]},{\"clone_length\":3,\"clones\":[{\"psi\":\"[PsiElement(Py:IDENTIFIER), PsiElement(Py:COLON), PsiElement(Py:IDENTIFIER)]\",\"text\":\"f:\\n    f\",\"position\":[7629,7636]},{\"psi\":\"[PsiElement(Py:IDENTIFIER)]\",\"text\":\"f\",\"position\":[7636,7636]}]},{\"clone_length\":4,\"clones\":[{\"psi\":\"[PsiElement(Py:IDENTIFIER), PsiElement(Py:DOT), PsiElement(Py:IDENTIFIER), PsiElement(Py:LPAR)]\",\"text\":\"f.create_dataset(\",\"position\":[7636,7652]},{\"psi\":\"[PsiElement(Py:IDENTIFIER), PsiElement(Py:DOT), PsiElement(Py:IDENTIFIER), PsiElement(Py:LPAR)]\",\"text\":\"f.create_dataset(\",\"position\":[7926,7942]},{\"psi\":\"[PsiElement(Py:IDENTIFIER), PsiElement(Py:DOT), PsiElement(Py:IDENTIFIER), PsiElement(Py:LPAR)]\",\"text\":\"f.create_dataset(\",\"position\":[7967,7983]},{\"psi\":\"[PsiElement(Py:IDENTIFIER), PsiElement(Py:DOT), PsiElement(Py:IDENTIFIER), PsiElement(Py:LPAR)]\",\"text\":\"f.create_dataset(\",\"position\":[8009,8025]}]},{\"clone_length\":5,\"clones\":[{\"psi\":\"[PsiElement(Py:IDENTIFIER), PsiElement(Py:DOT), PsiElement(Py:IDENTIFIER), PsiElement(Py:LPAR), PsiElement(Py:INTEGER_LITERAL)]\",\"text\":\"np.log(2\",\"position\":[5135,5142]},{\"psi\":\"[PsiElement(Py:IDENTIFIER), PsiElement(Py:DOT), PsiElement(Py:IDENTIFIER), PsiElement(Py:LPAR), PsiElement(Py:INTEGER_LITERAL)]\",\"text\":\"np.log(2\",\"position\":[5304,5311]},{\"psi\":\"[PsiElement(Py:IDENTIFIER), PsiElement(Py:DOT), PsiElement(Py:IDENTIFIER), PsiElement(Py:LPAR), PsiElement(Py:INTEGER_LITERAL)]\",\"text\":\"np.log(2\",\"position\":[5315,5322]},{\"psi\":\"[PsiElement(Py:IDENTIFIER), PsiElement(Py:DOT), PsiElement(Py:IDENTIFIER), PsiElement(Py:LPAR), PsiElement(Py:INTEGER_LITERAL)]\",\"text\":\"np.log(2\",\"position\":[5391,5398]}]},{\"clone_length\":10,\"clones\":[{\"psi\":\"[PsiElement(Py:IDENTIFIER), PsiElement(Py:DOT), PsiElement(Py:IDENTIFIER), PsiElement(Py:LPAR), PsiElement(Py:INTEGER_LITERAL), PsiElement(Py:RPAR), PsiElement(Py:RPAR), PsiElement(Py:DOT), PsiElement(Py:IDENTIFIER), PsiElement(Py:LPAR)]\",\"text\":\"np.log(2)).logpdf(\",\"position\":[5315,5332]},{\"psi\":\"[PsiElement(Py:IDENTIFIER), PsiElement(Py:DOT), PsiElement(Py:IDENTIFIER), PsiElement(Py:LPAR), PsiElement(Py:INTEGER_LITERAL), PsiElement(Py:RPAR), PsiElement(Py:RPAR), PsiElement(Py:DOT), PsiElement(Py:IDENTIFIER), PsiElement(Py:LPAR)]\",\"text\":\"np.log(2)).logpdf(\",\"position\":[5391,5408]}]},{\"clone_length\":5,\"clones\":[{\"psi\":\"[PsiElement(Py:IDENTIFIER), PsiElement(Py:DOT), PsiElement(Py:IDENTIFIER), PsiElement(Py:LPAR), PsiElement(Py:INTEGER_LITERAL)]\",\"text\":\"np.log(10\",\"position\":[5146,5153]},{\"psi\":\"[PsiElement(Py:IDENTIFIER), PsiElement(Py:DOT), PsiElement(Py:IDENTIFIER), PsiElement(Py:LPAR), PsiElement(Py:INTEGER_LITERAL)]\",\"text\":\"np.log(10\",\"position\":[5225,5232]},{\"psi\":\"[PsiElement(Py:IDENTIFIER), PsiElement(Py:DOT), PsiElement(Py:IDENTIFIER), PsiElement(Py:LPAR), PsiElement(Py:INTEGER_LITERAL)]\",\"text\":\"np.log(10\",\"position\":[5379,5386]}]},{\"clone_length\":10,\"clones\":[{\"psi\":\"[PsiElement(Py:IDENTIFIER), PsiElement(Py:DOT), PsiElement(Py:IDENTIFIER), PsiElement(Py:LPAR), PsiElement(Py:INTEGER_LITERAL), PsiElement(Py:RPAR), PsiElement(Py:RPAR), PsiElement(Py:DOT), PsiElement(Py:IDENTIFIER), PsiElement(Py:LPAR)]\",\"text\":\"np.log(10)).logpdf(\",\"position\":[5146,5164]},{\"psi\":\"[PsiElement(Py:IDENTIFIER), PsiElement(Py:DOT), PsiElement(Py:IDENTIFIER), PsiElement(Py:LPAR), PsiElement(Py:INTEGER_LITERAL), PsiElement(Py:RPAR), PsiElement(Py:RPAR), PsiElement(Py:DOT), PsiElement(Py:IDENTIFIER), PsiElement(Py:LPAR)]\",\"text\":\"np.log(10)).logpdf(\",\"position\":[5225,5243]}]},{\"clone_length\":5,\"clones\":[{\"psi\":\"[PsiElement(Py:IDENTIFIER), PsiElement(Py:DOT), PsiElement(Py:IDENTIFIER), PsiElement(Py:LPAR), PsiElement(Py:IDENTIFIER)]\",\"text\":\"np.log(flux\",\"position\":[3811,3818]},{\"psi\":\"[PsiElement(Py:IDENTIFIER), PsiElement(Py:DOT), PsiElement(Py:IDENTIFIER), PsiElement(Py:LPAR), PsiElement(Py:IDENTIFIER)]\",\"text\":\"np.mean(flux\",\"position\":[1153,1161]},{\"psi\":\"[PsiElement(Py:IDENTIFIER), PsiElement(Py:DOT), PsiElement(Py:IDENTIFIER), PsiElement(Py:LPAR), PsiElement(Py:IDENTIFIER)]\",\"text\":\"np.mean(flux\",\"position\":[970,978]},{\"psi\":\"[PsiElement(Py:IDENTIFIER), PsiElement(Py:DOT), PsiElement(Py:IDENTIFIER), PsiElement(Py:LPAR), PsiElement(Py:IDENTIFIER)]\",\"text\":\"np.mean(flux\",\"position\":[5061,5069]},{\"psi\":\"[PsiElement(Py:IDENTIFIER), PsiElement(Py:DOT), PsiElement(Py:IDENTIFIER), PsiElement(Py:LPAR), PsiElement(Py:IDENTIFIER)]\",\"text\":\"np.mean(flux\",\"position\":[3778,3786]}]},{\"clone_length\":22,\"clones\":[{\"psi\":\"[PsiElement(Py:IDENTIFIER), PsiElement(Py:DOT), PsiElement(Py:IDENTIFIER), PsiElement(Py:LPAR), PsiElement(Py:IDENTIFIER), PsiElement(Py:LBRACKET), PsiElement(Py:INTEGER_LITERAL), PsiElement(Py:RBRACKET), PsiElement(Py:COMMA), PsiElement(Py:IDENTIFIER), PsiElement(Py:LBRACKET), PsiElement(Py:IDENTIFIER), PsiElement(Py:LPAR), PsiElement(Py:IDENTIFIER), PsiElement(Py:RPAR), PsiElement(Py:MINUS), PsiElement(Py:INTEGER_LITERAL), PsiElement(Py:RBRACKET), PsiElement(Py:COMMA), PsiElement(Py:INTEGER_LITERAL), PsiElement(Py:DIV), PsiElement(Py:FLOAT_LITERAL)]\",\"text\":\"np.arange(time[0], time[len(time)-1], 1/24.\",\"position\":[1245,1285]},{\"psi\":\"[PsiElement(Py:IDENTIFIER), PsiElement(Py:DOT), PsiElement(Py:IDENTIFIER), PsiElement(Py:LPAR), PsiElement(Py:IDENTIFIER), PsiElement(Py:LBRACKET), PsiElement(Py:INTEGER_LITERAL), PsiElement(Py:RBRACKET), PsiElement(Py:COMMA), PsiElement(Py:IDENTIFIER), PsiElement(Py:LBRACKET), PsiElement(Py:IDENTIFIER), PsiElement(Py:LPAR), PsiElement(Py:IDENTIFIER), PsiElement(Py:RPAR), PsiElement(Py:MINUS), PsiElement(Py:INTEGER_LITERAL), PsiElement(Py:RBRACKET), PsiElement(Py:COMMA), PsiElement(Py:INTEGER_LITERAL), PsiElement(Py:DIV), PsiElement(Py:FLOAT_LITERAL)]\",\"text\":\"np.arange(time[0], time[len(time)-1], 1/24.\",\"position\":[1507,1547]},{\"psi\":\"[PsiElement(Py:IDENTIFIER), PsiElement(Py:DOT), PsiElement(Py:IDENTIFIER), PsiElement(Py:LPAR), PsiElement(Py:IDENTIFIER), PsiElement(Py:LBRACKET), PsiElement(Py:INTEGER_LITERAL), PsiElement(Py:RBRACKET), PsiElement(Py:COMMA), PsiElement(Py:IDENTIFIER), PsiElement(Py:LBRACKET), PsiElement(Py:IDENTIFIER), PsiElement(Py:LPAR), PsiElement(Py:IDENTIFIER), PsiElement(Py:RPAR), PsiElement(Py:MINUS), PsiElement(Py:INTEGER_LITERAL), PsiElement(Py:RBRACKET), PsiElement(Py:COMMA), PsiElement(Py:INTEGER_LITERAL), PsiElement(Py:DIV), PsiElement(Py:FLOAT_LITERAL)]\",\"text\":\"np.arange(time[0], time[len(time)-1], 1/24.\",\"position\":[2852,2892]},{\"psi\":\"[PsiElement(Py:IDENTIFIER), PsiElement(Py:DOT), PsiElement(Py:IDENTIFIER), PsiElement(Py:LPAR), PsiElement(Py:IDENTIFIER), PsiElement(Py:LBRACKET), PsiElement(Py:INTEGER_LITERAL), PsiElement(Py:RBRACKET), PsiElement(Py:COMMA), PsiElement(Py:IDENTIFIER), PsiElement(Py:LBRACKET), PsiElement(Py:IDENTIFIER), PsiElement(Py:LPAR), PsiElement(Py:IDENTIFIER), PsiElement(Py:RPAR), PsiElement(Py:MINUS), PsiElement(Py:INTEGER_LITERAL), PsiElement(Py:RBRACKET), PsiElement(Py:COMMA), PsiElement(Py:INTEGER_LITERAL), PsiElement(Py:DIV), PsiElement(Py:FLOAT_LITERAL)]\",\"text\":\"np.arange(time[0], time[len(time)-1], 1/24.\",\"position\":[1640,1680]},{\"psi\":\"[PsiElement(Py:IDENTIFIER), PsiElement(Py:DOT), PsiElement(Py:IDENTIFIER), PsiElement(Py:LPAR), PsiElement(Py:IDENTIFIER), PsiElement(Py:LBRACKET), PsiElement(Py:INTEGER_LITERAL), PsiElement(Py:RBRACKET), PsiElement(Py:COMMA), PsiElement(Py:IDENTIFIER), PsiElement(Py:LBRACKET), PsiElement(Py:IDENTIFIER), PsiElement(Py:LPAR), PsiElement(Py:IDENTIFIER), PsiElement(Py:RPAR), PsiElement(Py:MINUS), PsiElement(Py:INTEGER_LITERAL), PsiElement(Py:RBRACKET), PsiElement(Py:COMMA), PsiElement(Py:INTEGER_LITERAL), PsiElement(Py:DIV), PsiElement(Py:FLOAT_LITERAL)]\",\"text\":\"np.arange(time[0], time[len(time)-1], 1/24.\",\"position\":[2985,3025]}]},{\"clone_length\":1,\"clones\":[{\"psi\":\"[PsiElement(Py:IDENTIFIER)]\",\"text\":\"np\",\"position\":[4401,4401]},{\"psi\":\"[PsiElement(Py:IDENTIFIER)]\",\"text\":\"np\",\"position\":[4401,4401]}]},{\"clone_length\":5,\"clones\":[{\"psi\":\"[PsiElement(Py:IDENTIFIER), PsiElement(Py:DOT), PsiElement(Py:IDENTIFIER), PsiElement(Py:LPAR), PsiElement(Py:IDENTIFIER)]\",\"text\":\"gp.predict(flux\",\"position\":[1228,1239]},{\"psi\":\"[PsiElement(Py:IDENTIFIER), PsiElement(Py:DOT), PsiElement(Py:IDENTIFIER), PsiElement(Py:LPAR), PsiElement(Py:IDENTIFIER)]\",\"text\":\"gp.log_likelihood(flux\",\"position\":[1888,1906]},{\"psi\":\"[PsiElement(Py:IDENTIFIER), PsiElement(Py:DOT), PsiElement(Py:IDENTIFIER), PsiElement(Py:LPAR), PsiElement(Py:IDENTIFIER)]\",\"text\":\"gp.grad_log_likelihood(flux\",\"position\":[2108,2131]},{\"psi\":\"[PsiElement(Py:IDENTIFIER), PsiElement(Py:DOT), PsiElement(Py:IDENTIFIER), PsiElement(Py:LPAR), PsiElement(Py:IDENTIFIER)]\",\"text\":\"gp.log_likelihood(flux\",\"position\":[1324,1342]},{\"psi\":\"[PsiElement(Py:IDENTIFIER), PsiElement(Py:DOT), PsiElement(Py:IDENTIFIER), PsiElement(Py:LPAR), PsiElement(Py:IDENTIFIER)]\",\"text\":\"gp.log_likelihood(flux\",\"position\":[2496,2514]}]},{\"clone_length\":1,\"clones\":[{\"psi\":\"[PsiElement(Py:IDENTIFIER)]\",\"text\":\"gp\",\"position\":[2288,2288]},{\"psi\":\"[PsiElement(Py:IDENTIFIER)]\",\"text\":\"gp\",\"position\":[2440,2440]},{\"psi\":\"[PsiElement(Py:IDENTIFIER)]\",\"text\":\"gp\",\"position\":[5813,5813]},{\"psi\":\"[PsiElement(Py:IDENTIFIER)]\",\"text\":\"gp\",\"position\":[5864,5864]},{\"psi\":\"[PsiElement(Py:IDENTIFIER)]\",\"text\":\"gp\",\"position\":[1184,1184]},{\"psi\":\"[PsiElement(Py:IDENTIFIER)]\",\"text\":\"gp\",\"position\":[1829,1829]},{\"psi\":\"[PsiElement(Py:IDENTIFIER)]\",\"text\":\"gp\",\"position\":[2047,2047]},{\"psi\":\"[PsiElement(Py:IDENTIFIER)]\",\"text\":\"gp\",\"position\":[1829,1829]},{\"psi\":\"[PsiElement(Py:IDENTIFIER)]\",\"text\":\"gp\",\"position\":[2047,2047]},{\"psi\":\"[PsiElement(Py:IDENTIFIER)]\",\"text\":\"gp\",\"position\":[5864,5864]}]},{\"clone_length\":6,\"clones\":[{\"psi\":\"[PsiElement(Py:IDENTIFIER), PsiElement(Py:DOT), PsiElement(Py:IDENTIFIER), PsiElement(Py:LPAR), PsiElement(Py:RPAR), PsiElement(Py:IDENTIFIER)]\",\"text\":\"gp.get_parameter_names()\\n# [___CELL_SEPARATOR___]\\nresult\",\"position\":[2288,2338]},{\"psi\":\"[PsiElement(Py:IDENTIFIER), PsiElement(Py:DOT), PsiElement(Py:IDENTIFIER), PsiElement(Py:LPAR), PsiElement(Py:IDENTIFIER)]\",\"text\":\"gp.set_parameter_vector(result\",\"position\":[2440,2464]}]},{\"clone_length\":4,\"clones\":[{\"psi\":\"[PsiElement(Py:IDENTIFIER), PsiElement(Py:DOT), PsiElement(Py:IDENTIFIER), PsiElement(Py:LPAR)]\",\"text\":\"gp.set_parameter_vector(\",\"position\":[1829,1852]},{\"psi\":\"[PsiElement(Py:IDENTIFIER), PsiElement(Py:DOT), PsiElement(Py:IDENTIFIER), PsiElement(Py:LPAR)]\",\"text\":\"gp.set_parameter_vector(\",\"position\":[2047,2070]},{\"psi\":\"[PsiElement(Py:IDENTIFIER), PsiElement(Py:DOT), PsiElement(Py:IDENTIFIER), PsiElement(Py:LPAR)]\",\"text\":\"gp.compute(\",\"position\":[5864,5874]}]},{\"clone_length\":3,\"clones\":[{\"psi\":\"[PsiElement(Py:IDENTIFIER), PsiElement(Py:LBRACKET), PsiElement(Py:INTEGER_LITERAL)]\",\"text\":\"ax[0\",\"position\":[8322,8325]},{\"psi\":\"[PsiElement(Py:IDENTIFIER), PsiElement(Py:LBRACKET), PsiElement(Py:INTEGER_LITERAL)]\",\"text\":\"ax[0\",\"position\":[8331,8334]}]},{\"clone_length\":3,\"clones\":[{\"psi\":\"[PsiElement(Py:IDENTIFIER), PsiElement(Py:LBRACKET), PsiElement(Py:INTEGER_LITERAL)]\",\"text\":\"ax[1\",\"position\":[8340,8343]},{\"psi\":\"[PsiElement(Py:IDENTIFIER), PsiElement(Py:LBRACKET), PsiElement(Py:INTEGER_LITERAL)]\",\"text\":\"ax[1\",\"position\":[8349,8352]}]},{\"clone_length\":5,\"clones\":[{\"psi\":\"[PsiElement(Py:IF_KEYWORD), PsiElement(Py:IDENTIFIER), PsiElement(Py:DOT), PsiElement(Py:IDENTIFIER), PsiElement(Py:LPAR)]\",\"text\":\"if np.isnan(\",\"position\":[5618,5629]},{\"psi\":\"[PsiElement(Py:IF_KEYWORD), PsiElement(Py:IDENTIFIER), PsiElement(Py:DOT), PsiElement(Py:IDENTIFIER), PsiElement(Py:LPAR)]\",\"text\":\"if np.isneginf(\",\"position\":[6549,6563]}]},{\"clone_length\":29,\"clones\":[{\"psi\":\"[PsiElement(Py:IDENTIFIER), PsiElement(Py:DOT), PsiElement(Py:IDENTIFIER), PsiElement(Py:LPAR), PsiElement(Py:IDENTIFIER), PsiElement(Py:DOT), PsiElement(Py:IDENTIFIER), PsiElement(Py:LPAR), PsiElement(Py:IDENTIFIER), PsiElement(Py:LBRACKET), PsiElement(Py:INTEGER_LITERAL), PsiElement(Py:RBRACKET), PsiElement(Py:COMMA), PsiElement(Py:IDENTIFIER), PsiElement(Py:LBRACKET), PsiElement(Py:IDENTIFIER), PsiElement(Py:LPAR), PsiElement(Py:IDENTIFIER), PsiElement(Py:RPAR), PsiElement(Py:MINUS), PsiElement(Py:INTEGER_LITERAL), PsiElement(Py:RBRACKET), PsiElement(Py:COMMA), PsiElement(Py:INTEGER_LITERAL), PsiElement(Py:DIV), PsiElement(Py:FLOAT_LITERAL), PsiElement(Py:RPAR), PsiElement(Py:COMMA), PsiElement(Py:IDENTIFIER)]\",\"text\":\"plt.fill_between(np.arange(time[0], time[len(time)-1], 1/24.), pred\",\"position\":[1490,1553]},{\"psi\":\"[PsiElement(Py:IDENTIFIER), PsiElement(Py:DOT), PsiElement(Py:IDENTIFIER), PsiElement(Py:LPAR), PsiElement(Py:IDENTIFIER), PsiElement(Py:DOT), PsiElement(Py:IDENTIFIER), PsiElement(Py:LPAR), PsiElement(Py:IDENTIFIER), PsiElement(Py:LBRACKET), PsiElement(Py:INTEGER_LITERAL), PsiElement(Py:RBRACKET), PsiElement(Py:COMMA), PsiElement(Py:IDENTIFIER), PsiElement(Py:LBRACKET), PsiElement(Py:IDENTIFIER), PsiElement(Py:LPAR), PsiElement(Py:IDENTIFIER), PsiElement(Py:RPAR), PsiElement(Py:MINUS), PsiElement(Py:INTEGER_LITERAL), PsiElement(Py:RBRACKET), PsiElement(Py:COMMA), PsiElement(Py:INTEGER_LITERAL), PsiElement(Py:DIV), PsiElement(Py:FLOAT_LITERAL), PsiElement(Py:RPAR), PsiElement(Py:COMMA), PsiElement(Py:IDENTIFIER)]\",\"text\":\"plt.fill_between(np.arange(time[0], time[len(time)-1], 1/24.), pred\",\"position\":[2835,2898]},{\"psi\":\"[PsiElement(Py:IDENTIFIER), PsiElement(Py:DOT), PsiElement(Py:IDENTIFIER), PsiElement(Py:LPAR), PsiElement(Py:IDENTIFIER), PsiElement(Py:DOT), PsiElement(Py:IDENTIFIER), PsiElement(Py:LPAR), PsiElement(Py:IDENTIFIER), PsiElement(Py:LBRACKET), PsiElement(Py:INTEGER_LITERAL), PsiElement(Py:RBRACKET), PsiElement(Py:COMMA), PsiElement(Py:IDENTIFIER), PsiElement(Py:LBRACKET), PsiElement(Py:IDENTIFIER), PsiElement(Py:LPAR), PsiElement(Py:IDENTIFIER), PsiElement(Py:RPAR), PsiElement(Py:MINUS), PsiElement(Py:INTEGER_LITERAL), PsiElement(Py:RBRACKET), PsiElement(Py:COMMA), PsiElement(Py:INTEGER_LITERAL), PsiElement(Py:DIV), PsiElement(Py:FLOAT_LITERAL), PsiElement(Py:RPAR), PsiElement(Py:COMMA), PsiElement(Py:IDENTIFIER)]\",\"text\":\"plt.plot(np.arange(time[0], time[len(time)-1], 1/24.), pred\",\"position\":[1631,1686]},{\"psi\":\"[PsiElement(Py:IDENTIFIER), PsiElement(Py:DOT), PsiElement(Py:IDENTIFIER), PsiElement(Py:LPAR), PsiElement(Py:IDENTIFIER), PsiElement(Py:DOT), PsiElement(Py:IDENTIFIER), PsiElement(Py:LPAR), PsiElement(Py:IDENTIFIER), PsiElement(Py:LBRACKET), PsiElement(Py:INTEGER_LITERAL), PsiElement(Py:RBRACKET), PsiElement(Py:COMMA), PsiElement(Py:IDENTIFIER), PsiElement(Py:LBRACKET), PsiElement(Py:IDENTIFIER), PsiElement(Py:LPAR), PsiElement(Py:IDENTIFIER), PsiElement(Py:RPAR), PsiElement(Py:MINUS), PsiElement(Py:INTEGER_LITERAL), PsiElement(Py:RBRACKET), PsiElement(Py:COMMA), PsiElement(Py:INTEGER_LITERAL), PsiElement(Py:DIV), PsiElement(Py:FLOAT_LITERAL), PsiElement(Py:RPAR), PsiElement(Py:COMMA), PsiElement(Py:IDENTIFIER)]\",\"text\":\"plt.plot(np.arange(time[0], time[len(time)-1], 1/24.), pred\",\"position\":[2976,3031]}]},{\"clone_length\":99,\"clones\":[{\"psi\":\"[PsiElement(Py:IDENTIFIER), PsiElement(Py:DOT), PsiElement(Py:IDENTIFIER), PsiElement(Py:LPAR), PsiElement(Py:IDENTIFIER), PsiElement(Py:DOT), PsiElement(Py:IDENTIFIER), PsiElement(Py:LPAR), PsiElement(Py:IDENTIFIER), PsiElement(Py:LBRACKET), PsiElement(Py:INTEGER_LITERAL), PsiElement(Py:RBRACKET), PsiElement(Py:COMMA), PsiElement(Py:IDENTIFIER), PsiElement(Py:LBRACKET), PsiElement(Py:IDENTIFIER), PsiElement(Py:LPAR), PsiElement(Py:IDENTIFIER), PsiElement(Py:RPAR), PsiElement(Py:MINUS), PsiElement(Py:INTEGER_LITERAL), PsiElement(Py:RBRACKET), PsiElement(Py:COMMA), PsiElement(Py:INTEGER_LITERAL), PsiElement(Py:DIV), PsiElement(Py:FLOAT_LITERAL), PsiElement(Py:RPAR), PsiElement(Py:COMMA), PsiElement(Py:IDENTIFIER), PsiElement(Py:MINUS), PsiElement(Py:IDENTIFIER), PsiElement(Py:DOT), PsiElement(Py:IDENTIFIER), PsiElement(Py:LPAR), PsiElement(Py:IDENTIFIER), PsiElement(Py:RPAR), PsiElement(Py:COMMA), PsiElement(Py:IDENTIFIER), PsiElement(Py:PLUS), PsiElement(Py:IDENTIFIER), PsiElement(Py:DOT), PsiElement(Py:IDENTIFIER), PsiElement(Py:LPAR), PsiElement(Py:IDENTIFIER), PsiElement(Py:RPAR), PsiElement(Py:COMMA), PsiElement(Py:IDENTIFIER), PsiElement(Py:EQ), PsiElement(Py:COMMA), PsiElement(Py:IDENTIFIER), PsiElement(Py:EQ), PsiElement(Py:FLOAT_LITERAL), PsiElement(Py:RPAR), PsiElement(Py:IDENTIFIER), PsiElement(Py:DOT), PsiElement(Py:IDENTIFIER), PsiElement(Py:LPAR), PsiElement(Py:IDENTIFIER), PsiElement(Py:DOT), PsiElement(Py:IDENTIFIER), PsiElement(Py:LPAR), PsiElement(Py:IDENTIFIER), PsiElement(Py:LBRACKET), PsiElement(Py:INTEGER_LITERAL), PsiElement(Py:RBRACKET), PsiElement(Py:COMMA), PsiElement(Py:IDENTIFIER), PsiElement(Py:LBRACKET), PsiElement(Py:IDENTIFIER), PsiElement(Py:LPAR), PsiElement(Py:IDENTIFIER), PsiElement(Py:RPAR), PsiElement(Py:MINUS), PsiElement(Py:INTEGER_LITERAL), PsiElement(Py:RBRACKET), PsiElement(Py:COMMA), PsiElement(Py:INTEGER_LITERAL), PsiElement(Py:DIV), PsiElement(Py:FLOAT_LITERAL), PsiElement(Py:RPAR), PsiElement(Py:COMMA), PsiElement(Py:IDENTIFIER), PsiElement(Py:COMMA), PsiElement(Py:COMMA), PsiElement(Py:IDENTIFIER), PsiElement(Py:EQ), PsiElement(Py:FLOAT_LITERAL), PsiElement(Py:COMMA), PsiElement(Py:IDENTIFIER), PsiElement(Py:EQ), PsiElement(Py:FLOAT_LITERAL), PsiElement(Py:COMMA), PsiElement(Py:IDENTIFIER), PsiElement(Py:EQ), PsiElement(Py:RPAR), PsiElement(Py:IDENTIFIER), PsiElement(Py:DOT), PsiElement(Py:IDENTIFIER), PsiElement(Py:LPAR)]\",\"text\":\"plt.fill_between(np.arange(time[0], time[len(time)-1], 1/24.), pred - np.sqrt(pred_var), pred + np.sqrt(pred_var), color\\u003d\\\"green\\\", alpha\\u003d0.4)\\nplt.plot(np.arange(time[0], time[len(time)-1], 1/24.), pred, \\u0027g\\u0027, lw\\u003d1.5, alpha\\u003d0.7, label\\u003d\\\"Fit\\\")\\n\\nplt.legend(\",\"position\":[1490,1740]},{\"psi\":\"[PsiElement(Py:IDENTIFIER), PsiElement(Py:DOT), PsiElement(Py:IDENTIFIER), PsiElement(Py:LPAR), PsiElement(Py:IDENTIFIER), PsiElement(Py:DOT), PsiElement(Py:IDENTIFIER), PsiElement(Py:LPAR), PsiElement(Py:IDENTIFIER), PsiElement(Py:LBRACKET), PsiElement(Py:INTEGER_LITERAL), PsiElement(Py:RBRACKET), PsiElement(Py:COMMA), PsiElement(Py:IDENTIFIER), PsiElement(Py:LBRACKET), PsiElement(Py:IDENTIFIER), PsiElement(Py:LPAR), PsiElement(Py:IDENTIFIER), PsiElement(Py:RPAR), PsiElement(Py:MINUS), PsiElement(Py:INTEGER_LITERAL), PsiElement(Py:RBRACKET), PsiElement(Py:COMMA), PsiElement(Py:INTEGER_LITERAL), PsiElement(Py:DIV), PsiElement(Py:FLOAT_LITERAL), PsiElement(Py:RPAR), PsiElement(Py:COMMA), PsiElement(Py:IDENTIFIER), PsiElement(Py:MINUS), PsiElement(Py:IDENTIFIER), PsiElement(Py:DOT), PsiElement(Py:IDENTIFIER), PsiElement(Py:LPAR), PsiElement(Py:IDENTIFIER), PsiElement(Py:RPAR), PsiElement(Py:COMMA), PsiElement(Py:IDENTIFIER), PsiElement(Py:PLUS), PsiElement(Py:IDENTIFIER), PsiElement(Py:DOT), PsiElement(Py:IDENTIFIER), PsiElement(Py:LPAR), PsiElement(Py:IDENTIFIER), PsiElement(Py:RPAR), PsiElement(Py:COMMA), PsiElement(Py:IDENTIFIER), PsiElement(Py:EQ), PsiElement(Py:COMMA), PsiElement(Py:IDENTIFIER), PsiElement(Py:EQ), PsiElement(Py:FLOAT_LITERAL), PsiElement(Py:RPAR), PsiElement(Py:IDENTIFIER), PsiElement(Py:DOT), PsiElement(Py:IDENTIFIER), PsiElement(Py:LPAR), PsiElement(Py:IDENTIFIER), PsiElement(Py:DOT), PsiElement(Py:IDENTIFIER), PsiElement(Py:LPAR), PsiElement(Py:IDENTIFIER), PsiElement(Py:LBRACKET), PsiElement(Py:INTEGER_LITERAL), PsiElement(Py:RBRACKET), PsiElement(Py:COMMA), PsiElement(Py:IDENTIFIER), PsiElement(Py:LBRACKET), PsiElement(Py:IDENTIFIER), PsiElement(Py:LPAR), PsiElement(Py:IDENTIFIER), PsiElement(Py:RPAR), PsiElement(Py:MINUS), PsiElement(Py:INTEGER_LITERAL), PsiElement(Py:RBRACKET), PsiElement(Py:COMMA), PsiElement(Py:INTEGER_LITERAL), PsiElement(Py:DIV), PsiElement(Py:FLOAT_LITERAL), PsiElement(Py:RPAR), PsiElement(Py:COMMA), PsiElement(Py:IDENTIFIER), PsiElement(Py:COMMA), PsiElement(Py:COMMA), PsiElement(Py:IDENTIFIER), PsiElement(Py:EQ), PsiElement(Py:FLOAT_LITERAL), PsiElement(Py:COMMA), PsiElement(Py:IDENTIFIER), PsiElement(Py:EQ), PsiElement(Py:FLOAT_LITERAL), PsiElement(Py:COMMA), PsiElement(Py:IDENTIFIER), PsiElement(Py:EQ), PsiElement(Py:RPAR), PsiElement(Py:IDENTIFIER), PsiElement(Py:DOT), PsiElement(Py:IDENTIFIER), PsiElement(Py:LPAR)]\",\"text\":\"plt.fill_between(np.arange(time[0], time[len(time)-1], 1/24.), pred - np.sqrt(pred_var), pred + np.sqrt(pred_var), color\\u003d\\\"green\\\", alpha\\u003d0.4)\\nplt.plot(np.arange(time[0], time[len(time)-1], 1/24.), pred, \\u0027g\\u0027, lw\\u003d1.5, alpha\\u003d0.7, label\\u003d\\\"Fit\\\")\\n\\n#all the x-values visually present we want to map onto\\n#x_short \\u003d np.linspace(time[0], time[len(time)-1], 1000)\\n\\n#optimize the fit\\n#gp2, ln_like2, result \\u003d cgp.optimize(y,gp,gp.lnlikelihood, print_results\\u003dTrue)\\n#pred, pred_var \\u003d gp.predict(flux, x_short, return_var\\u003dTrue)\\n\\n#print the optimized fit\\n#plt.fill_between(x_short, pred - np.sqrt(pred_var), pred + np.sqrt(pred_var), color\\u003d\\\"red\\\", alpha\\u003d0.4)\\n#plt.plot(x_short, pred, \\\"red\\\", lw\\u003d1.5, alpha\\u003d0.5, label\\u003d\\\"Optimized\\\")\\n#plt.xlim([pre_x[0], pre_x[cap]])\\nplt.legend(\",\"position\":[2835,3590]}]},{\"clone_length\":7,\"clones\":[{\"psi\":\"[PsiElement(Py:IDENTIFIER), PsiElement(Py:DOT), PsiElement(Py:IDENTIFIER), PsiElement(Py:LPAR), PsiElement(Py:IDENTIFIER), PsiElement(Py:EQ), PsiElement(Py:LPAR)]\",\"text\":\"plt.figure(figsize\\u003d(\",\"position\":[1373,1392]},{\"psi\":\"[PsiElement(Py:IDENTIFIER), PsiElement(Py:DOT), PsiElement(Py:IDENTIFIER), PsiElement(Py:LPAR), PsiElement(Py:IDENTIFIER), PsiElement(Py:EQ), PsiElement(Py:LPAR)]\",\"text\":\"plt.figure(figsize\\u003d(\",\"position\":[2665,2684]}]},{\"clone_length\":7,\"clones\":[{\"psi\":\"[PsiElement(Py:IDENTIFIER), PsiElement(Py:DOT), PsiElement(Py:IDENTIFIER), PsiElement(Py:LPAR), PsiElement(Py:IDENTIFIER), PsiElement(Py:COMMA), PsiElement(Py:IDENTIFIER)]\",\"text\":\"plt.plot(time, flux\",\"position\":[815,830]},{\"psi\":\"[PsiElement(Py:IDENTIFIER), PsiElement(Py:DOT), PsiElement(Py:IDENTIFIER), PsiElement(Py:LPAR), PsiElement(Py:IDENTIFIER), PsiElement(Py:COMMA), PsiElement(Py:IDENTIFIER)]\",\"text\":\"plt.plot(time, flux\",\"position\":[1400,1415]},{\"psi\":\"[PsiElement(Py:IDENTIFIER), PsiElement(Py:DOT), PsiElement(Py:IDENTIFIER), PsiElement(Py:LPAR), PsiElement(Py:IDENTIFIER), PsiElement(Py:COMMA), PsiElement(Py:IDENTIFIER)]\",\"text\":\"plt.plot(time, flux\",\"position\":[2693,2708]}]},{\"clone_length\":14,\"clones\":[{\"psi\":\"[PsiElement(Py:IDENTIFIER), PsiElement(Py:DOT), PsiElement(Py:IDENTIFIER), PsiElement(Py:LPAR), PsiElement(Py:IDENTIFIER), PsiElement(Py:COMMA), PsiElement(Py:IDENTIFIER), PsiElement(Py:COMMA), PsiElement(Py:COMMA), PsiElement(Py:IDENTIFIER), PsiElement(Py:EQ), PsiElement(Py:FLOAT_LITERAL), PsiElement(Py:COMMA), PsiElement(Py:IDENTIFIER)]\",\"text\":\"plt.plot(time, flux, \\u0027o\\u0027, alpha\\u003d0.5, label\",\"position\":[1400,1437]},{\"psi\":\"[PsiElement(Py:IDENTIFIER), PsiElement(Py:DOT), PsiElement(Py:IDENTIFIER), PsiElement(Py:LPAR), PsiElement(Py:IDENTIFIER), PsiElement(Py:COMMA), PsiElement(Py:IDENTIFIER), PsiElement(Py:COMMA), PsiElement(Py:COMMA), PsiElement(Py:IDENTIFIER), PsiElement(Py:EQ), PsiElement(Py:FLOAT_LITERAL), PsiElement(Py:COMMA), PsiElement(Py:IDENTIFIER)]\",\"text\":\"plt.plot(time, flux, \\u0027o\\u0027, alpha\\u003d0.5, label\",\"position\":[2693,2730]}]},{\"clone_length\":7,\"clones\":[{\"psi\":\"[PsiElement(Py:FOR_KEYWORD), PsiElement(Py:IDENTIFIER), PsiElement(Py:IN_KEYWORD), PsiElement(Py:IDENTIFIER), PsiElement(Py:DOT), PsiElement(Py:IDENTIFIER), PsiElement(Py:LPAR)]\",\"text\":\"for file in glob.glob(\",\"position\":[275,296]},{\"psi\":\"[PsiElement(Py:FOR_KEYWORD), PsiElement(Py:IDENTIFIER), PsiElement(Py:IN_KEYWORD), PsiElement(Py:IDENTIFIER), PsiElement(Py:DOT), PsiElement(Py:IDENTIFIER), PsiElement(Py:LPAR)]\",\"text\":\"for file in glob.glob(\",\"position\":[377,398]}]},{\"clone_length\":1,\"clones\":[{\"psi\":\"[PsiElement(Py:IDENTIFIER)]\",\"text\":\"axs\",\"position\":[8430,8430]},{\"psi\":\"[PsiElement(Py:IDENTIFIER)]\",\"text\":\"axs\",\"position\":[8430,8430]},{\"psi\":\"[PsiElement(Py:IDENTIFIER)]\",\"text\":\"axs\",\"position\":[8467,8467]},{\"psi\":\"[PsiElement(Py:IDENTIFIER)]\",\"text\":\"axs\",\"position\":[8597,8597]}]},{\"clone_length\":7,\"clones\":[{\"psi\":\"[PsiElement(Py:IDENTIFIER), PsiElement(Py:LBRACKET), PsiElement(Py:IDENTIFIER), PsiElement(Py:RBRACKET), PsiElement(Py:DOT), PsiElement(Py:IDENTIFIER), PsiElement(Py:LPAR)]\",\"text\":\"axs[i].set_xlabel(\",\"position\":[8430,8447]},{\"psi\":\"[PsiElement(Py:IDENTIFIER), PsiElement(Py:LBRACKET), PsiElement(Py:IDENTIFIER), PsiElement(Py:RBRACKET), PsiElement(Py:DOT), PsiElement(Py:IDENTIFIER), PsiElement(Py:LPAR)]\",\"text\":\"axs[i].set_ylabel(\",\"position\":[8467,8484]},{\"psi\":\"[PsiElement(Py:IDENTIFIER), PsiElement(Py:LBRACKET), PsiElement(Py:IDENTIFIER), PsiElement(Py:RBRACKET), PsiElement(Py:DOT), PsiElement(Py:IDENTIFIER), PsiElement(Py:LPAR)]\",\"text\":\"axs[i].plot(\",\"position\":[8597,8608]}]},{\"clone_length\":5,\"clones\":[{\"psi\":\"[PsiElement(Py:TRUE_KEYWORD), PsiElement(Py:COLON), PsiElement(Py:RETURN_KEYWORD), PsiElement(Py:MINUS), PsiElement(Py:IDENTIFIER)]\",\"text\":\"True:\\n        return -np\",\"position\":[5648,5670]},{\"psi\":\"[PsiElement(Py:TRUE_KEYWORD), PsiElement(Py:COLON), PsiElement(Py:RETURN_KEYWORD), PsiElement(Py:MINUS), PsiElement(Py:IDENTIFIER)]\",\"text\":\"True:\\n        return -np\",\"position\":[6578,6600]}]},{\"clone_length\":1,\"clones\":[{\"psi\":\"[PsiElement(Py:IDENTIFIER)]\",\"text\":\"scipy\",\"position\":[5195,5195]},{\"psi\":\"[PsiElement(Py:IDENTIFIER)]\",\"text\":\"scipy\",\"position\":[5362,5362]},{\"psi\":\"[PsiElement(Py:IDENTIFIER)]\",\"text\":\"scipy\",\"position\":[5118,5118]},{\"psi\":\"[PsiElement(Py:IDENTIFIER)]\",\"text\":\"scipy\",\"position\":[5287,5287]},{\"psi\":\"[PsiElement(Py:IDENTIFIER)]\",\"text\":\"scipy\",\"position\":[5447,5447]},{\"psi\":\"[PsiElement(Py:IDENTIFIER)]\",\"text\":\"scipy\",\"position\":[5044,5044]},{\"psi\":\"[PsiElement(Py:IDENTIFIER)]\",\"text\":\"scipy\",\"position\":[5195,5195]},{\"psi\":\"[PsiElement(Py:IDENTIFIER)]\",\"text\":\"scipy\",\"position\":[5362,5362]},{\"psi\":\"[PsiElement(Py:IDENTIFIER)]\",\"text\":\"scipy\",\"position\":[5118,5118]},{\"psi\":\"[PsiElement(Py:IDENTIFIER)]\",\"text\":\"scipy\",\"position\":[5287,5287]},{\"psi\":\"[PsiElement(Py:IDENTIFIER)]\",\"text\":\"scipy\",\"position\":[5447,5447]},{\"psi\":\"[PsiElement(Py:IDENTIFIER)]\",\"text\":\"scipy\",\"position\":[5044,5044]}]},{\"clone_length\":10,\"clones\":[{\"psi\":\"[PsiElement(Py:IDENTIFIER), PsiElement(Py:DOT), PsiElement(Py:IDENTIFIER), PsiElement(Py:DOT), PsiElement(Py:IDENTIFIER), PsiElement(Py:LPAR), PsiElement(Py:IDENTIFIER), PsiElement(Py:DOT), PsiElement(Py:IDENTIFIER), PsiElement(Py:LPAR)]\",\"text\":\"scipy.stats.norm(np.log(\",\"position\":[5195,5218]},{\"psi\":\"[PsiElement(Py:IDENTIFIER), PsiElement(Py:DOT), PsiElement(Py:IDENTIFIER), PsiElement(Py:DOT), PsiElement(Py:IDENTIFIER), PsiElement(Py:LPAR), PsiElement(Py:IDENTIFIER), PsiElement(Py:DOT), PsiElement(Py:IDENTIFIER), PsiElement(Py:LPAR)]\",\"text\":\"scipy.stats.norm(np.log(\",\"position\":[5362,5385]},{\"psi\":\"[PsiElement(Py:IDENTIFIER), PsiElement(Py:DOT), PsiElement(Py:IDENTIFIER), PsiElement(Py:DOT), PsiElement(Py:IDENTIFIER), PsiElement(Py:LPAR), PsiElement(Py:IDENTIFIER), PsiElement(Py:DOT), PsiElement(Py:IDENTIFIER), PsiElement(Py:LPAR)]\",\"text\":\"scipy.stats.norm(np.log(\",\"position\":[5118,5141]},{\"psi\":\"[PsiElement(Py:IDENTIFIER), PsiElement(Py:DOT), PsiElement(Py:IDENTIFIER), PsiElement(Py:DOT), PsiElement(Py:IDENTIFIER), PsiElement(Py:LPAR), PsiElement(Py:IDENTIFIER), PsiElement(Py:DOT), PsiElement(Py:IDENTIFIER), PsiElement(Py:LPAR)]\",\"text\":\"scipy.stats.norm(np.log(\",\"position\":[5287,5310]},{\"psi\":\"[PsiElement(Py:IDENTIFIER), PsiElement(Py:DOT), PsiElement(Py:IDENTIFIER), PsiElement(Py:DOT), PsiElement(Py:IDENTIFIER), PsiElement(Py:LPAR), PsiElement(Py:IDENTIFIER), PsiElement(Py:DOT), PsiElement(Py:IDENTIFIER), PsiElement(Py:LPAR)]\",\"text\":\"scipy.stats.norm(np.log(\",\"position\":[5447,5470]},{\"psi\":\"[PsiElement(Py:IDENTIFIER), PsiElement(Py:DOT), PsiElement(Py:IDENTIFIER), PsiElement(Py:DOT), PsiElement(Py:IDENTIFIER), PsiElement(Py:LPAR), PsiElement(Py:IDENTIFIER), PsiElement(Py:DOT), PsiElement(Py:IDENTIFIER), PsiElement(Py:LPAR)]\",\"text\":\"scipy.stats.norm(np.mean(\",\"position\":[5044,5068]}]},{\"clone_length\":17,\"clones\":[{\"psi\":\"[PsiElement(Py:IDENTIFIER), PsiElement(Py:DOT), PsiElement(Py:IDENTIFIER), PsiElement(Py:DOT), PsiElement(Py:IDENTIFIER), PsiElement(Py:LPAR), PsiElement(Py:IDENTIFIER), PsiElement(Py:DOT), PsiElement(Py:IDENTIFIER), PsiElement(Py:LPAR), PsiElement(Py:INTEGER_LITERAL), PsiElement(Py:RPAR), PsiElement(Py:COMMA), PsiElement(Py:IDENTIFIER), PsiElement(Py:DOT), PsiElement(Py:IDENTIFIER), PsiElement(Py:LPAR)]\",\"text\":\"scipy.stats.norm(np.log(2), np.log(\",\"position\":[5118,5152]},{\"psi\":\"[PsiElement(Py:IDENTIFIER), PsiElement(Py:DOT), PsiElement(Py:IDENTIFIER), PsiElement(Py:DOT), PsiElement(Py:IDENTIFIER), PsiElement(Py:LPAR), PsiElement(Py:IDENTIFIER), PsiElement(Py:DOT), PsiElement(Py:IDENTIFIER), PsiElement(Py:LPAR), PsiElement(Py:INTEGER_LITERAL), PsiElement(Py:RPAR), PsiElement(Py:COMMA), PsiElement(Py:IDENTIFIER), PsiElement(Py:DOT), PsiElement(Py:IDENTIFIER), PsiElement(Py:LPAR)]\",\"text\":\"scipy.stats.norm(np.log(2), np.log(\",\"position\":[5287,5321]}]},{\"clone_length\":6,\"clones\":[{\"psi\":\"[PsiElement(Py:IDENTIFIER), PsiElement(Py:LPAR), PsiElement(Py:IDENTIFIER), PsiElement(Py:DOT), PsiElement(Py:IDENTIFIER), PsiElement(Py:LPAR)]\",\"text\":\"list(gp.get_parameter_names(\",\"position\":[7302,7329]},{\"psi\":\"[PsiElement(Py:IDENTIFIER), PsiElement(Py:LPAR), PsiElement(Py:IDENTIFIER), PsiElement(Py:DOT), PsiElement(Py:IDENTIFIER), PsiElement(Py:LPAR)]\",\"text\":\"list(gp.get_parameter_names(\",\"position\":[8194,8221]}]},{\"clone_length\":3,\"clones\":[{\"psi\":\"[PsiElement(Py:IDENTIFIER), PsiElement(Py:RPAR), PsiElement(Py:IDENTIFIER)]\",\"text\":\"flux)\\n    f\",\"position\":[7818,7828]},{\"psi\":\"[PsiElement(Py:IDENTIFIER), PsiElement(Py:RPAR), PsiElement(Py:IDENTIFIER)]\",\"text\":\"flux)\\n    f\",\"position\":[7999,8009]}]},{\"clone_length\":4,\"clones\":[{\"psi\":\"[PsiElement(Py:IDENTIFIER), PsiElement(Py:DOT), PsiElement(Py:IDENTIFIER), PsiElement(Py:LPAR)]\",\"text\":\"flux.max(\",\"position\":[3818,3826]},{\"psi\":\"[PsiElement(Py:IDENTIFIER), PsiElement(Py:DOT), PsiElement(Py:IDENTIFIER), PsiElement(Py:LPAR)]\",\"text\":\"flux.min(\",\"position\":[3829,3837]}]},{\"clone_length\":7,\"clones\":[{\"psi\":\"[PsiElement(Py:IDENTIFIER), PsiElement(Py:MINUS), PsiElement(Py:IDENTIFIER), PsiElement(Py:DOT), PsiElement(Py:IDENTIFIER), PsiElement(Py:LPAR), PsiElement(Py:IDENTIFIER)]\",\"text\":\"pred - np.sqrt(pred_var\",\"position\":[1553,1568]},{\"psi\":\"[PsiElement(Py:IDENTIFIER), PsiElement(Py:MINUS), PsiElement(Py:IDENTIFIER), PsiElement(Py:DOT), PsiElement(Py:IDENTIFIER), PsiElement(Py:LPAR), PsiElement(Py:IDENTIFIER)]\",\"text\":\"pred - np.sqrt(pred_var\",\"position\":[2898,2913]},{\"psi\":\"[PsiElement(Py:IDENTIFIER), PsiElement(Py:PLUS), PsiElement(Py:IDENTIFIER), PsiElement(Py:DOT), PsiElement(Py:IDENTIFIER), PsiElement(Py:LPAR), PsiElement(Py:IDENTIFIER)]\",\"text\":\"pred + np.sqrt(pred_var\",\"position\":[1579,1594]},{\"psi\":\"[PsiElement(Py:IDENTIFIER), PsiElement(Py:PLUS), PsiElement(Py:IDENTIFIER), PsiElement(Py:DOT), PsiElement(Py:IDENTIFIER), PsiElement(Py:LPAR), PsiElement(Py:IDENTIFIER)]\",\"text\":\"pred + np.sqrt(pred_var\",\"position\":[2924,2939]}]},{\"clone_length\":11,\"clones\":[{\"psi\":\"[PsiElement(Py:IDENTIFIER), PsiElement(Py:LPAR), PsiElement(Py:IDENTIFIER), PsiElement(Py:COMMA), PsiElement(Py:IDENTIFIER), PsiElement(Py:COMMA), PsiElement(Py:IDENTIFIER), PsiElement(Py:COMMA), PsiElement(Py:IDENTIFIER), PsiElement(Py:COMMA), PsiElement(Py:IDENTIFIER)]\",\"text\":\"logl(params, gp, tsample, fsample, flux_err\",\"position\":[5709,5744]},{\"psi\":\"[PsiElement(Py:IDENTIFIER), PsiElement(Py:LPAR), PsiElement(Py:IDENTIFIER), PsiElement(Py:COMMA), PsiElement(Py:IDENTIFIER), PsiElement(Py:COMMA), PsiElement(Py:IDENTIFIER), PsiElement(Py:COMMA), PsiElement(Py:IDENTIFIER), PsiElement(Py:COMMA), PsiElement(Py:IDENTIFIER)]\",\"text\":\"logl(params, gp, tsample, fsample, flux_err\",\"position\":[6634,6669]}]},{\"clone_length\":3,\"clones\":[{\"psi\":\"[PsiElement(Py:IDENTIFIER), PsiElement(Py:LPAR), PsiElement(Py:IDENTIFIER)]\",\"text\":\"range(sampler\",\"position\":[8395,8401]},{\"psi\":\"[PsiElement(Py:IDENTIFIER), PsiElement(Py:LPAR), PsiElement(Py:IDENTIFIER)]\",\"text\":\"range(sampler\",\"position\":[8521,8527]}]},{\"clone_length\":1,\"clones\":[{\"psi\":\"[PsiElement(Py:IDENTIFIER)]\",\"text\":\"h5py_files\",\"position\":[348,348]},{\"psi\":\"[PsiElement(Py:IDENTIFIER)]\",\"text\":\"h5py_files\",\"position\":[348,348]}]},{\"clone_length\":1,\"clones\":[{\"psi\":\"[PsiElement(Py:IDENTIFIER)]\",\"text\":\"obs_files\",\"position\":[449,449]},{\"psi\":\"[PsiElement(Py:IDENTIFIER)]\",\"text\":\"obs_files\",\"position\":[449,449]}]},{\"clone_length\":5,\"clones\":[{\"psi\":\"[PsiElement(Py:IDENTIFIER), PsiElement(Py:DOT), PsiElement(Py:IDENTIFIER), PsiElement(Py:RPAR), PsiElement(Py:IDENTIFIER)]\",\"text\":\"sampler.chain)\\n\\n    f\",\"position\":[7667,7687]},{\"psi\":\"[PsiElement(Py:IDENTIFIER), PsiElement(Py:DOT), PsiElement(Py:IDENTIFIER), PsiElement(Py:IDENTIFIER)]\",\"text\":\"sampler.acceptance_fraction\\n    f\",\"position\":[7861,7893]}]},{\"clone_length\":4,\"clones\":[{\"psi\":\"[PsiElement(Py:IDENTIFIER), PsiElement(Py:DOT), PsiElement(Py:IDENTIFIER), PsiElement(Py:IDENTIFIER)]\",\"text\":\"sampler.flatchain\\n# [___CELL_SEPARATOR___]\\nlabels\",\"position\":[7250,7293]},{\"psi\":\"[PsiElement(Py:IDENTIFIER), PsiElement(Py:DOT), PsiElement(Py:IDENTIFIER), PsiElement(Py:COMMA), PsiElement(Py:IDENTIFIER), PsiElement(Py:EQ), PsiElement(Py:IDENTIFIER)]\",\"text\":\"sampler.flatchain, labels\\u003dlabels\",\"position\":[7357,7383]}]},{\"clone_length\":4,\"clones\":[{\"psi\":\"[PsiElement(Py:IDENTIFIER), PsiElement(Py:DOT), PsiElement(Py:IDENTIFIER), PsiElement(Py:LPAR)]\",\"text\":\"sampler.run_mcmc(\",\"position\":[7181,7197]},{\"psi\":\"[PsiElement(Py:IDENTIFIER), PsiElement(Py:DOT), PsiElement(Py:IDENTIFIER), PsiElement(Py:DOT), PsiElement(Py:IDENTIFIER), PsiElement(Py:LPAR)]\",\"text\":\"sampler.chain.shape(\",\"position\":[8080,8099]}]}]}","initial_tree_length":1488,"project_name":"4517bad91c801d2bb269750d22f54eebb841e52b","file_name":"4517bad91c801d2bb269750d22f54eebb841e52b.ipynb.py"}