{"3":"{\"totalGroups\":16,\"totalClones\":37,\"groups\":[{\"clone_length\":5,\"clones\":[{\"psi\":\"[PsiElement(Py:LPAR), PsiElement(Py:IDENTIFIER), PsiElement(Py:RPAR), PsiElement(Py:COLON), PsiElement(Py:RETURN_KEYWORD)]\",\"text\":\"(self):\\n        return\",\"position\":[2539,2555]},{\"psi\":\"[PsiElement(Py:LPAR), PsiElement(Py:IDENTIFIER), PsiElement(Py:RPAR), PsiElement(Py:COLON), PsiElement(Py:RETURN_KEYWORD)]\",\"text\":\"(self):\\n        return\",\"position\":[2777,2793]}]},{\"clone_length\":4,\"clones\":[{\"psi\":\"[PsiElement(Py:LPAR), PsiElement(Py:IDENTIFIER), PsiElement(Py:EXP), PsiElement(Py:INTEGER_LITERAL)]\",\"text\":\"(x**2\",\"position\":[5420,5424]},{\"psi\":\"[PsiElement(Py:LPAR), PsiElement(Py:IDENTIFIER), PsiElement(Py:EXP), PsiElement(Py:INTEGER_LITERAL)]\",\"text\":\"(x**2\",\"position\":[6193,6197]}]},{\"clone_length\":39,\"clones\":[{\"psi\":\"[PsiElement(Py:IDENTIFIER), PsiElement(Py:COLON), PsiElement(Py:DEF_KEYWORD), PsiElement(Py:IDENTIFIER), PsiElement(Py:LPAR), PsiElement(Py:IDENTIFIER), PsiElement(Py:COMMA), PsiElement(Py:IDENTIFIER), PsiElement(Py:COMMA), PsiElement(Py:IDENTIFIER), PsiElement(Py:COMMA), PsiElement(Py:IDENTIFIER), PsiElement(Py:RPAR), PsiElement(Py:COLON), PsiElement(Py:IDENTIFIER), PsiElement(Py:DOT), PsiElement(Py:IDENTIFIER), PsiElement(Py:EQ), PsiElement(Py:IDENTIFIER), PsiElement(Py:IDENTIFIER), PsiElement(Py:DOT), PsiElement(Py:IDENTIFIER), PsiElement(Py:EQ), PsiElement(Py:IDENTIFIER), PsiElement(Py:IDENTIFIER), PsiElement(Py:DOT), PsiElement(Py:IDENTIFIER), PsiElement(Py:EQ), PsiElement(Py:IDENTIFIER), PsiElement(Py:CLASS_KEYWORD), PsiElement(Py:IDENTIFIER), PsiElement(Py:LPAR), PsiElement(Py:IDENTIFIER), PsiElement(Py:RPAR), PsiElement(Py:COLON), PsiElement(Py:DEF_KEYWORD), PsiElement(Py:IDENTIFIER), PsiElement(Py:LPAR), PsiElement(Py:IDENTIFIER)]\",\"text\":\"BankUser:\\n    \\u0027\\u0027\\u0027The BankUser holds general information about the owner.\\u0027\\u0027\\u0027\\n    \\n    def __init__(self, firstname, lastname, zipcode):\\n        self.firstname \\u003d firstname\\n        self.lastname \\u003d lastname\\n        self.zipcode \\u003d zipcode\\n        \\nclass Checking(BankUser):\\n    \\u0027\\u0027\\u0027Checking extends BankUser class with some additional functionality.\\u0027\\u0027\\u0027\\n    \\n    def __init__(self\",\"position\":[3115,3484]},{\"psi\":\"[PsiElement(Py:IDENTIFIER), PsiElement(Py:COLON), PsiElement(Py:DEF_KEYWORD), PsiElement(Py:IDENTIFIER), PsiElement(Py:LPAR), PsiElement(Py:IDENTIFIER), PsiElement(Py:COMMA), PsiElement(Py:IDENTIFIER), PsiElement(Py:COMMA), PsiElement(Py:IDENTIFIER), PsiElement(Py:COMMA), PsiElement(Py:IDENTIFIER), PsiElement(Py:RPAR), PsiElement(Py:COLON), PsiElement(Py:IDENTIFIER), PsiElement(Py:DOT), PsiElement(Py:IDENTIFIER), PsiElement(Py:EQ), PsiElement(Py:IDENTIFIER), PsiElement(Py:IDENTIFIER), PsiElement(Py:DOT), PsiElement(Py:IDENTIFIER), PsiElement(Py:EQ), PsiElement(Py:IDENTIFIER), PsiElement(Py:IDENTIFIER), PsiElement(Py:DOT), PsiElement(Py:IDENTIFIER), PsiElement(Py:EQ), PsiElement(Py:IDENTIFIER), PsiElement(Py:CLASS_KEYWORD), PsiElement(Py:IDENTIFIER), PsiElement(Py:LPAR), PsiElement(Py:IDENTIFIER), PsiElement(Py:RPAR), PsiElement(Py:COLON), PsiElement(Py:DEF_KEYWORD), PsiElement(Py:IDENTIFIER), PsiElement(Py:LPAR), PsiElement(Py:IDENTIFIER)]\",\"text\":\"BankUser:\\n    \\u0027\\u0027\\u0027The BankUser holds general information about the owner.\\u0027\\u0027\\u0027\\n    \\n    def __init__(self, firstname, lastname, zipcode):\\n        self.firstname \\u003d firstname\\n        self.lastname \\u003d lastname\\n        self.zipcode \\u003d zipcode\\n        \\nclass Checking(BankUser):\\n    \\u0027\\u0027\\u0027Checking extends BankUser class with some additional functionality.\\u0027\\u0027\\u0027\\n    \\n    def __init__(self\",\"position\":[3625,3994]}]},{\"clone_length\":18,\"clones\":[{\"psi\":\"[PsiElement(Py:IDENTIFIER), PsiElement(Py:COLON), PsiElement(Py:DEF_KEYWORD), PsiElement(Py:IDENTIFIER), PsiElement(Py:LPAR), PsiElement(Py:IDENTIFIER), PsiElement(Py:COMMA), PsiElement(Py:IDENTIFIER), PsiElement(Py:COMMA), PsiElement(Py:IDENTIFIER), PsiElement(Py:RPAR), PsiElement(Py:COLON), PsiElement(Py:IDENTIFIER), PsiElement(Py:DOT), PsiElement(Py:IDENTIFIER), PsiElement(Py:EQ), PsiElement(Py:IDENTIFIER), PsiElement(Py:IDENTIFIER)]\",\"text\":\"Wallet:\\n    \\u0027\\u0027\\u0027The Wallet class holds cash for a owner.\\u0027\\u0027\\u0027\\n    \\n    def __init__(self, owner, cash):\\n        self.owner \\u003d owner\\n        self\",\"position\":[317,453]},{\"psi\":\"[PsiElement(Py:IDENTIFIER), PsiElement(Py:COLON), PsiElement(Py:DEF_KEYWORD), PsiElement(Py:IDENTIFIER), PsiElement(Py:LPAR), PsiElement(Py:IDENTIFIER), PsiElement(Py:COMMA), PsiElement(Py:IDENTIFIER), PsiElement(Py:COMMA), PsiElement(Py:IDENTIFIER), PsiElement(Py:RPAR), PsiElement(Py:COLON), PsiElement(Py:IDENTIFIER), PsiElement(Py:DOT), PsiElement(Py:IDENTIFIER), PsiElement(Py:EQ), PsiElement(Py:IDENTIFIER), PsiElement(Py:IDENTIFIER)]\",\"text\":\"Wallet:\\n    \\u0027\\u0027\\u0027The Wallet class holds cash for a owner.\\u0027\\u0027\\u0027\\n    \\n    def __init__(self, owner, cash):\\n        self.owner \\u003d owner\\n        self\",\"position\":[935,1071]},{\"psi\":\"[PsiElement(Py:IDENTIFIER), PsiElement(Py:COLON), PsiElement(Py:DEF_KEYWORD), PsiElement(Py:IDENTIFIER), PsiElement(Py:LPAR), PsiElement(Py:IDENTIFIER), PsiElement(Py:COMMA), PsiElement(Py:IDENTIFIER), PsiElement(Py:COMMA), PsiElement(Py:IDENTIFIER), PsiElement(Py:RPAR), PsiElement(Py:COLON), PsiElement(Py:IDENTIFIER), PsiElement(Py:DOT), PsiElement(Py:IDENTIFIER), PsiElement(Py:EQ), PsiElement(Py:IDENTIFIER), PsiElement(Py:IDENTIFIER)]\",\"text\":\"Wallet:\\n    \\u0027\\u0027\\u0027The Wallet class holds cash for a owner.\\u0027\\u0027\\u0027\\n    \\n    def __init__(self, owner, cash):\\n        self.owner \\u003d owner\\n        self\",\"position\":[1712,1848]}]},{\"clone_length\":56,\"clones\":[{\"psi\":\"[PsiElement(Py:IDENTIFIER), PsiElement(Py:COLON), PsiElement(Py:DEF_KEYWORD), PsiElement(Py:IDENTIFIER), PsiElement(Py:LPAR), PsiElement(Py:IDENTIFIER), PsiElement(Py:COMMA), PsiElement(Py:IDENTIFIER), PsiElement(Py:COMMA), PsiElement(Py:IDENTIFIER), PsiElement(Py:RPAR), PsiElement(Py:COLON), PsiElement(Py:IDENTIFIER), PsiElement(Py:DOT), PsiElement(Py:IDENTIFIER), PsiElement(Py:EQ), PsiElement(Py:IDENTIFIER), PsiElement(Py:IDENTIFIER), PsiElement(Py:DOT), PsiElement(Py:IDENTIFIER), PsiElement(Py:EQ), PsiElement(Py:IDENTIFIER), PsiElement(Py:DEF_KEYWORD), PsiElement(Py:IDENTIFIER), PsiElement(Py:LPAR), PsiElement(Py:IDENTIFIER), PsiElement(Py:COMMA), PsiElement(Py:IDENTIFIER), PsiElement(Py:RPAR), PsiElement(Py:COLON), PsiElement(Py:IDENTIFIER), PsiElement(Py:DOT), PsiElement(Py:IDENTIFIER), PsiElement(Py:MINUSEQ), PsiElement(Py:IDENTIFIER), PsiElement(Py:DEF_KEYWORD), PsiElement(Py:IDENTIFIER), PsiElement(Py:LPAR), PsiElement(Py:IDENTIFIER), PsiElement(Py:COMMA), PsiElement(Py:IDENTIFIER), PsiElement(Py:RPAR), PsiElement(Py:COLON), PsiElement(Py:IDENTIFIER), PsiElement(Py:DOT), PsiElement(Py:IDENTIFIER), PsiElement(Py:PLUSEQ), PsiElement(Py:IDENTIFIER), PsiElement(Py:DEF_KEYWORD), PsiElement(Py:IDENTIFIER), PsiElement(Py:LPAR), PsiElement(Py:IDENTIFIER), PsiElement(Py:RPAR), PsiElement(Py:COLON), PsiElement(Py:RETURN_KEYWORD), PsiElement(Py:IDENTIFIER)]\",\"text\":\"Wallet:\\n    \\u0027\\u0027\\u0027The Wallet class holds cash for a owner.\\u0027\\u0027\\u0027\\n    \\n    def __init__(self, owner, cash):\\n        self.owner \\u003d owner\\n        self._cash \\u003d cash\\n        \\n    # Spend method\\n    def spend(self, amount):\\n        \\u0027\\u0027\\u0027The spend method removes a given amount of money from the wallet.\\u0027\\u0027\\u0027\\n        self._cash -\\u003d amount\\n            \\n    # Earn method\\n    def earn(self, amount):\\n        \\u0027\\u0027\\u0027The earn method adds a given amount of money to the wallet.\\u0027\\u0027\\u0027\\n        self._cash +\\u003d amount\\n        \\n    # Get amount of cash\\n    def get_cash(self):\\n        \\u0027\\u0027\\u0027Returns the amount of cash in the wallet.\\u0027\\u0027\\u0027\\n        return self\",\"position\":[935,1546]},{\"psi\":\"[PsiElement(Py:IDENTIFIER), PsiElement(Py:COLON), PsiElement(Py:DEF_KEYWORD), PsiElement(Py:IDENTIFIER), PsiElement(Py:LPAR), PsiElement(Py:IDENTIFIER), PsiElement(Py:COMMA), PsiElement(Py:IDENTIFIER), PsiElement(Py:COMMA), PsiElement(Py:IDENTIFIER), PsiElement(Py:RPAR), PsiElement(Py:COLON), PsiElement(Py:IDENTIFIER), PsiElement(Py:DOT), PsiElement(Py:IDENTIFIER), PsiElement(Py:EQ), PsiElement(Py:IDENTIFIER), PsiElement(Py:IDENTIFIER), PsiElement(Py:DOT), PsiElement(Py:IDENTIFIER), PsiElement(Py:EQ), PsiElement(Py:IDENTIFIER), PsiElement(Py:DEF_KEYWORD), PsiElement(Py:IDENTIFIER), PsiElement(Py:LPAR), PsiElement(Py:IDENTIFIER), PsiElement(Py:COMMA), PsiElement(Py:IDENTIFIER), PsiElement(Py:RPAR), PsiElement(Py:COLON), PsiElement(Py:IDENTIFIER), PsiElement(Py:DOT), PsiElement(Py:IDENTIFIER), PsiElement(Py:MINUSEQ), PsiElement(Py:IDENTIFIER), PsiElement(Py:DEF_KEYWORD), PsiElement(Py:IDENTIFIER), PsiElement(Py:LPAR), PsiElement(Py:IDENTIFIER), PsiElement(Py:COMMA), PsiElement(Py:IDENTIFIER), PsiElement(Py:RPAR), PsiElement(Py:COLON), PsiElement(Py:IDENTIFIER), PsiElement(Py:DOT), PsiElement(Py:IDENTIFIER), PsiElement(Py:PLUSEQ), PsiElement(Py:IDENTIFIER), PsiElement(Py:DEF_KEYWORD), PsiElement(Py:IDENTIFIER), PsiElement(Py:LPAR), PsiElement(Py:IDENTIFIER), PsiElement(Py:RPAR), PsiElement(Py:COLON), PsiElement(Py:RETURN_KEYWORD), PsiElement(Py:IDENTIFIER)]\",\"text\":\"Wallet:\\n    \\u0027\\u0027\\u0027The Wallet class holds cash for a owner.\\u0027\\u0027\\u0027\\n    \\n    def __init__(self, owner, cash):\\n        self.owner \\u003d owner\\n        self._cash \\u003d cash\\n        \\n    # Spend method\\n    def spend(self, amount):\\n        \\u0027\\u0027\\u0027The spend method removes a given amount of money from the wallet.\\u0027\\u0027\\u0027\\n        self._cash -\\u003d amount\\n            \\n    # Earn method\\n    def earn(self, amount):\\n        \\u0027\\u0027\\u0027The earn method adds a given amount of money to the wallet.\\u0027\\u0027\\u0027\\n        self._cash +\\u003d amount\\n        \\n    # Get amount of cash\\n    def get_cash(self):\\n        \\u0027\\u0027\\u0027Returns the amount of cash in the wallet.\\u0027\\u0027\\u0027\\n        return self\",\"position\":[1712,2323]}]},{\"clone_length\":9,\"clones\":[{\"psi\":\"[PsiElement(Py:IDENTIFIER), PsiElement(Py:LPAR), PsiElement(Py:IDENTIFIER), PsiElement(Py:COMMA), PsiElement(Py:IDENTIFIER), PsiElement(Py:COMMA), PsiElement(Py:IDENTIFIER), PsiElement(Py:COMMA), PsiElement(Py:IDENTIFIER)]\",\"text\":\"__init__(self, firstname, lastname, zipcode\",\"position\":[3204,3240]},{\"psi\":\"[PsiElement(Py:IDENTIFIER), PsiElement(Py:LPAR), PsiElement(Py:IDENTIFIER), PsiElement(Py:COMMA), PsiElement(Py:IDENTIFIER), PsiElement(Py:COMMA), PsiElement(Py:IDENTIFIER), PsiElement(Py:COMMA), PsiElement(Py:IDENTIFIER)]\",\"text\":\"__init__(self, firstname, lastname, zipcode\",\"position\":[3714,3750]},{\"psi\":\"[PsiElement(Py:IDENTIFIER), PsiElement(Py:LPAR), PsiElement(Py:IDENTIFIER), PsiElement(Py:COMMA), PsiElement(Py:IDENTIFIER), PsiElement(Py:COMMA), PsiElement(Py:IDENTIFIER), PsiElement(Py:COMMA), PsiElement(Py:IDENTIFIER)]\",\"text\":\"__init__(self, firstname, lastname, zipcode\",\"position\":[3985,4021]}]},{\"clone_length\":19,\"clones\":[{\"psi\":\"[PsiElement(Py:IDENTIFIER), PsiElement(Py:LPAR), PsiElement(Py:IDENTIFIER), PsiElement(Py:COMMA), PsiElement(Py:IDENTIFIER), PsiElement(Py:COMMA), PsiElement(Py:IDENTIFIER), PsiElement(Py:RPAR), PsiElement(Py:COLON), PsiElement(Py:IDENTIFIER), PsiElement(Py:DOT), PsiElement(Py:IDENTIFIER), PsiElement(Py:EQ), PsiElement(Py:IDENTIFIER), PsiElement(Py:IDENTIFIER), PsiElement(Py:DOT), PsiElement(Py:IDENTIFIER), PsiElement(Py:EQ), PsiElement(Py:IDENTIFIER)]\",\"text\":\"__init__(self, owner, cash):\\n        self.owner \\u003d owner\\n        self.cash \\u003d cash\",\"position\":[27,103]},{\"psi\":\"[PsiElement(Py:IDENTIFIER), PsiElement(Py:LPAR), PsiElement(Py:IDENTIFIER), PsiElement(Py:COMMA), PsiElement(Py:IDENTIFIER), PsiElement(Py:COMMA), PsiElement(Py:IDENTIFIER), PsiElement(Py:RPAR), PsiElement(Py:COLON), PsiElement(Py:IDENTIFIER), PsiElement(Py:DOT), PsiElement(Py:IDENTIFIER), PsiElement(Py:EQ), PsiElement(Py:IDENTIFIER), PsiElement(Py:IDENTIFIER), PsiElement(Py:DOT), PsiElement(Py:IDENTIFIER), PsiElement(Py:EQ), PsiElement(Py:IDENTIFIER)]\",\"text\":\"__init__(self, owner, cash):\\n        self.owner \\u003d owner\\n        self.cash \\u003d cash\",\"position\":[389,465]}]},{\"clone_length\":4,\"clones\":[{\"psi\":\"[PsiElement(Py:DEF_KEYWORD), PsiElement(Py:IDENTIFIER), PsiElement(Py:LPAR), PsiElement(Py:IDENTIFIER)]\",\"text\":\"def __init__(self\",\"position\":[23,36]},{\"psi\":\"[PsiElement(Py:DEF_KEYWORD), PsiElement(Py:IDENTIFIER), PsiElement(Py:LPAR), PsiElement(Py:IDENTIFIER)]\",\"text\":\"def __init__(self\",\"position\":[2703,2716]}]},{\"clone_length\":41,\"clones\":[{\"psi\":\"[PsiElement(Py:IDENTIFIER), PsiElement(Py:EQ), PsiElement(Py:FLOAT_LITERAL), PsiElement(Py:DEF_KEYWORD), PsiElement(Py:IDENTIFIER), PsiElement(Py:LPAR), PsiElement(Py:IDENTIFIER), PsiElement(Py:COMMA), PsiElement(Py:IDENTIFIER), PsiElement(Py:RPAR), PsiElement(Py:COLON), PsiElement(Py:IDENTIFIER), PsiElement(Py:DOT), PsiElement(Py:IDENTIFIER), PsiElement(Py:EQ), PsiElement(Py:IDENTIFIER), PsiElement(Py:DEF_KEYWORD), PsiElement(Py:IDENTIFIER), PsiElement(Py:LPAR), PsiElement(Py:IDENTIFIER), PsiElement(Py:RPAR), PsiElement(Py:COLON), PsiElement(Py:RETURN_KEYWORD), PsiElement(Py:INTEGER_LITERAL), PsiElement(Py:MULT), PsiElement(Py:IDENTIFIER), PsiElement(Py:DOT), PsiElement(Py:IDENTIFIER), PsiElement(Py:MULT), PsiElement(Py:IDENTIFIER), PsiElement(Py:DOT), PsiElement(Py:IDENTIFIER), PsiElement(Py:AT), PsiElement(Py:IDENTIFIER), PsiElement(Py:DEF_KEYWORD), PsiElement(Py:IDENTIFIER), PsiElement(Py:LPAR), PsiElement(Py:IDENTIFIER), PsiElement(Py:RPAR), PsiElement(Py:COLON), PsiElement(Py:RETURN_KEYWORD)]\",\"text\":\"pi \\u003d 3.14159\\n\\n    def __init__(self, radius):\\n        # radius is an instance attribute\\n        self.radius \\u003d radius\\n\\n    def circum(self):\\n        \\u0027\\u0027\\u0027Return the circumference of our circle\\u0027\\u0027\\u0027\\n        return 2 * Circle.pi * self.radius\\n    \\n    @staticmethod\\n    def calc_area(x):\\n        \\u0027\\u0027\\u0027I am a static method and am unbound to a class or even an instance.\\u0027\\u0027\\u0027\\n        return\",\"position\":[5032,5403]},{\"psi\":\"[PsiElement(Py:IDENTIFIER), PsiElement(Py:EQ), PsiElement(Py:FLOAT_LITERAL), PsiElement(Py:DEF_KEYWORD), PsiElement(Py:IDENTIFIER), PsiElement(Py:LPAR), PsiElement(Py:IDENTIFIER), PsiElement(Py:COMMA), PsiElement(Py:IDENTIFIER), PsiElement(Py:RPAR), PsiElement(Py:COLON), PsiElement(Py:IDENTIFIER), PsiElement(Py:DOT), PsiElement(Py:IDENTIFIER), PsiElement(Py:EQ), PsiElement(Py:IDENTIFIER), PsiElement(Py:DEF_KEYWORD), PsiElement(Py:IDENTIFIER), PsiElement(Py:LPAR), PsiElement(Py:IDENTIFIER), PsiElement(Py:RPAR), PsiElement(Py:COLON), PsiElement(Py:RETURN_KEYWORD), PsiElement(Py:INTEGER_LITERAL), PsiElement(Py:MULT), PsiElement(Py:IDENTIFIER), PsiElement(Py:DOT), PsiElement(Py:IDENTIFIER), PsiElement(Py:MULT), PsiElement(Py:IDENTIFIER), PsiElement(Py:DOT), PsiElement(Py:IDENTIFIER), PsiElement(Py:AT), PsiElement(Py:IDENTIFIER), PsiElement(Py:DEF_KEYWORD), PsiElement(Py:IDENTIFIER), PsiElement(Py:LPAR), PsiElement(Py:IDENTIFIER), PsiElement(Py:RPAR), PsiElement(Py:COLON), PsiElement(Py:RETURN_KEYWORD)]\",\"text\":\"pi \\u003d 3.14159\\n\\n    def __init__(self, radius):\\n        # radius is an instance attribute\\n        self.radius \\u003d radius\\n\\n    def circum(self):\\n        \\u0027\\u0027\\u0027Return the circumference of our circle\\u0027\\u0027\\u0027\\n        return 2 * Circle.pi * self.radius\\n    \\n    @staticmethod\\n    def calc_area(x):\\n        \\u0027\\u0027\\u0027I am a static method and am unbound to a class or even an instance.\\u0027\\u0027\\u0027\\n        return\",\"position\":[5803,6174]}]},{\"clone_length\":5,\"clones\":[{\"psi\":\"[PsiElement(Py:IDENTIFIER), PsiElement(Py:DOT), PsiElement(Py:IDENTIFIER), PsiElement(Py:EQ), PsiElement(Py:IDENTIFIER)]\",\"text\":\"self.accountnum \\u003d accountnum\",\"position\":[3511,3529]},{\"psi\":\"[PsiElement(Py:IDENTIFIER), PsiElement(Py:DOT), PsiElement(Py:IDENTIFIER), PsiElement(Py:EQ), PsiElement(Py:IDENTIFIER)]\",\"text\":\"self.accountnum \\u003d accountnum\",\"position\":[4106,4124]}]},{\"clone_length\":31,\"clones\":[{\"psi\":\"[PsiElement(Py:IDENTIFIER), PsiElement(Py:DOT), PsiElement(Py:IDENTIFIER), PsiElement(Py:EQ), PsiElement(Py:IDENTIFIER), PsiElement(Py:DEF_KEYWORD), PsiElement(Py:IDENTIFIER), PsiElement(Py:LPAR), PsiElement(Py:IDENTIFIER), PsiElement(Py:COMMA), PsiElement(Py:IDENTIFIER), PsiElement(Py:RPAR), PsiElement(Py:COLON), PsiElement(Py:IDENTIFIER), PsiElement(Py:DOT), PsiElement(Py:IDENTIFIER), PsiElement(Py:MINUSEQ), PsiElement(Py:IDENTIFIER), PsiElement(Py:DEF_KEYWORD), PsiElement(Py:IDENTIFIER), PsiElement(Py:LPAR), PsiElement(Py:IDENTIFIER), PsiElement(Py:COMMA), PsiElement(Py:IDENTIFIER), PsiElement(Py:RPAR), PsiElement(Py:COLON), PsiElement(Py:IDENTIFIER), PsiElement(Py:DOT), PsiElement(Py:IDENTIFIER), PsiElement(Py:PLUSEQ), PsiElement(Py:IDENTIFIER)]\",\"text\":\"self.cash \\u003d cash\\n        \\n    # Spend method\\n    def spend(self, amount):\\n        \\u0027\\u0027\\u0027The spend method removes a given amount of money from the wallet.\\u0027\\u0027\\u0027\\n        self.cash -\\u003d amount\\n            \\n    # Earn method\\n    def earn(self, amount):\\n        \\u0027\\u0027\\u0027The earn method adds a given amount of money to the wallet.\\u0027\\u0027\\u0027\\n        self.cash +\\u003d amount\",\"position\":[453,789]},{\"psi\":\"[PsiElement(Py:IDENTIFIER), PsiElement(Py:DOT), PsiElement(Py:IDENTIFIER), PsiElement(Py:EQ), PsiElement(Py:IDENTIFIER), PsiElement(Py:DEF_KEYWORD), PsiElement(Py:IDENTIFIER), PsiElement(Py:LPAR), PsiElement(Py:IDENTIFIER), PsiElement(Py:COMMA), PsiElement(Py:IDENTIFIER), PsiElement(Py:RPAR), PsiElement(Py:COLON), PsiElement(Py:IDENTIFIER), PsiElement(Py:DOT), PsiElement(Py:IDENTIFIER), PsiElement(Py:MINUSEQ), PsiElement(Py:IDENTIFIER), PsiElement(Py:DEF_KEYWORD), PsiElement(Py:IDENTIFIER), PsiElement(Py:LPAR), PsiElement(Py:IDENTIFIER), PsiElement(Py:COMMA), PsiElement(Py:IDENTIFIER), PsiElement(Py:RPAR), PsiElement(Py:COLON), PsiElement(Py:IDENTIFIER), PsiElement(Py:DOT), PsiElement(Py:IDENTIFIER), PsiElement(Py:PLUSEQ), PsiElement(Py:IDENTIFIER)]\",\"text\":\"self._cash \\u003d cash\\n        \\n    # Spend method\\n    def spend(self, amount):\\n        \\u0027\\u0027\\u0027The spend method removes a given amount of money from the wallet.\\u0027\\u0027\\u0027\\n        self._cash -\\u003d amount\\n            \\n    # Earn method\\n    def earn(self, amount):\\n        \\u0027\\u0027\\u0027The earn method adds a given amount of money to the wallet.\\u0027\\u0027\\u0027\\n        self._cash +\\u003d amount\",\"position\":[1071,1410]},{\"psi\":\"[PsiElement(Py:IDENTIFIER), PsiElement(Py:DOT), PsiElement(Py:IDENTIFIER), PsiElement(Py:EQ), PsiElement(Py:IDENTIFIER), PsiElement(Py:DEF_KEYWORD), PsiElement(Py:IDENTIFIER), PsiElement(Py:LPAR), PsiElement(Py:IDENTIFIER), PsiElement(Py:COMMA), PsiElement(Py:IDENTIFIER), PsiElement(Py:RPAR), PsiElement(Py:COLON), PsiElement(Py:IDENTIFIER), PsiElement(Py:DOT), PsiElement(Py:IDENTIFIER), PsiElement(Py:MINUSEQ), PsiElement(Py:IDENTIFIER), PsiElement(Py:DEF_KEYWORD), PsiElement(Py:IDENTIFIER), PsiElement(Py:LPAR), PsiElement(Py:IDENTIFIER), PsiElement(Py:COMMA), PsiElement(Py:IDENTIFIER), PsiElement(Py:RPAR), PsiElement(Py:COLON), PsiElement(Py:IDENTIFIER), PsiElement(Py:DOT), PsiElement(Py:IDENTIFIER), PsiElement(Py:PLUSEQ), PsiElement(Py:IDENTIFIER)]\",\"text\":\"self._cash \\u003d cash\\n        \\n    # Spend method\\n    def spend(self, amount):\\n        \\u0027\\u0027\\u0027The spend method removes a given amount of money from the wallet.\\u0027\\u0027\\u0027\\n        self._cash -\\u003d amount\\n            \\n    # Earn method\\n    def earn(self, amount):\\n        \\u0027\\u0027\\u0027The earn method adds a given amount of money to the wallet.\\u0027\\u0027\\u0027\\n        self._cash +\\u003d amount\",\"position\":[1848,2187]}]},{\"clone_length\":5,\"clones\":[{\"psi\":\"[PsiElement(Py:IDENTIFIER), PsiElement(Py:DOT), PsiElement(Py:IDENTIFIER), PsiElement(Py:COMMA), PsiElement(Py:IDENTIFIER)]\",\"text\":\"self.owner, self\",\"position\":[2600,2612]},{\"psi\":\"[PsiElement(Py:IDENTIFIER), PsiElement(Py:DOT), PsiElement(Py:IDENTIFIER), PsiElement(Py:COMMA), PsiElement(Py:IDENTIFIER)]\",\"text\":\"self.owner, self\",\"position\":[2600,2612]}]},{\"clone_length\":1,\"clones\":[{\"psi\":\"[PsiElement(Py:IDENTIFIER)]\",\"text\":\"self\",\"position\":[2944,2944]},{\"psi\":\"[PsiElement(Py:IDENTIFIER)]\",\"text\":\"self\",\"position\":[2994,2994]},{\"psi\":\"[PsiElement(Py:IDENTIFIER)]\",\"text\":\"self\",\"position\":[3032,3032]}]},{\"clone_length\":8,\"clones\":[{\"psi\":\"[PsiElement(Py:IDENTIFIER), PsiElement(Py:COMMA), PsiElement(Py:IDENTIFIER), PsiElement(Py:COMMA), PsiElement(Py:IDENTIFIER), PsiElement(Py:RPAR), PsiElement(Py:COLON), PsiElement(Py:IDENTIFIER)]\",\"text\":\"firstname, lastname, zipcode):\\n        self\",\"position\":[3219,3258]},{\"psi\":\"[PsiElement(Py:IDENTIFIER), PsiElement(Py:COMMA), PsiElement(Py:IDENTIFIER), PsiElement(Py:COMMA), PsiElement(Py:IDENTIFIER), PsiElement(Py:RPAR), PsiElement(Py:COLON), PsiElement(Py:IDENTIFIER)]\",\"text\":\"firstname, lastname, zipcode):\\n        self\",\"position\":[3729,3768]},{\"psi\":\"[PsiElement(Py:IDENTIFIER), PsiElement(Py:COMMA), PsiElement(Py:IDENTIFIER), PsiElement(Py:COMMA), PsiElement(Py:IDENTIFIER), PsiElement(Py:RPAR), PsiElement(Py:IDENTIFIER)]\",\"text\":\"firstname, lastname, zipcode)\\n        self\",\"position\":[4068,4106]}]},{\"clone_length\":1,\"clones\":[{\"psi\":\"[PsiElement(Py:IDENTIFIER)]\",\"text\":\"super\",\"position\":[4051,4051]},{\"psi\":\"[PsiElement(Py:IDENTIFIER)]\",\"text\":\"super\",\"position\":[4051,4051]}]},{\"clone_length\":32,\"clones\":[{\"psi\":\"[PsiElement(Py:IDENTIFIER), PsiElement(Py:COLON), PsiElement(Py:IDENTIFIER), PsiElement(Py:EQ), PsiElement(Py:FLOAT_LITERAL), PsiElement(Py:DEF_KEYWORD), PsiElement(Py:IDENTIFIER), PsiElement(Py:LPAR), PsiElement(Py:IDENTIFIER), PsiElement(Py:COMMA), PsiElement(Py:IDENTIFIER), PsiElement(Py:RPAR), PsiElement(Py:COLON), PsiElement(Py:IDENTIFIER), PsiElement(Py:DOT), PsiElement(Py:IDENTIFIER), PsiElement(Py:EQ), PsiElement(Py:IDENTIFIER), PsiElement(Py:DEF_KEYWORD), PsiElement(Py:IDENTIFIER), PsiElement(Py:LPAR), PsiElement(Py:IDENTIFIER), PsiElement(Py:RPAR), PsiElement(Py:COLON), PsiElement(Py:RETURN_KEYWORD), PsiElement(Py:INTEGER_LITERAL), PsiElement(Py:MULT), PsiElement(Py:IDENTIFIER), PsiElement(Py:DOT), PsiElement(Py:IDENTIFIER), PsiElement(Py:MULT), PsiElement(Py:IDENTIFIER)]\",\"text\":\"Circle:\\n    \\u0027\\u0027\\u0027Class to define and do stuff with circles.\\u0027\\u0027\\u0027\\n    \\n    # pi is a class attribute\\n    pi \\u003d 3.14159\\n\\n    def __init__(self, radius):\\n        # radius is an instance attribute\\n        self.radius \\u003d radius\\n\\n    def circum(self):\\n        \\u0027\\u0027\\u0027Return the circumference of our circle\\u0027\\u0027\\u0027\\n        return 2 * Circle.pi * self\",\"position\":[4236,4560]},{\"psi\":\"[PsiElement(Py:IDENTIFIER), PsiElement(Py:COLON), PsiElement(Py:IDENTIFIER), PsiElement(Py:EQ), PsiElement(Py:FLOAT_LITERAL), PsiElement(Py:DEF_KEYWORD), PsiElement(Py:IDENTIFIER), PsiElement(Py:LPAR), PsiElement(Py:IDENTIFIER), PsiElement(Py:COMMA), PsiElement(Py:IDENTIFIER), PsiElement(Py:RPAR), PsiElement(Py:COLON), PsiElement(Py:IDENTIFIER), PsiElement(Py:DOT), PsiElement(Py:IDENTIFIER), PsiElement(Py:EQ), PsiElement(Py:IDENTIFIER), PsiElement(Py:DEF_KEYWORD), PsiElement(Py:IDENTIFIER), PsiElement(Py:LPAR), PsiElement(Py:IDENTIFIER), PsiElement(Py:RPAR), PsiElement(Py:COLON), PsiElement(Py:RETURN_KEYWORD), PsiElement(Py:INTEGER_LITERAL), PsiElement(Py:MULT), PsiElement(Py:IDENTIFIER), PsiElement(Py:DOT), PsiElement(Py:IDENTIFIER), PsiElement(Py:MULT), PsiElement(Py:IDENTIFIER)]\",\"text\":\"Circle:\\n    \\u0027\\u0027\\u0027Class to define and do stuff with circles.\\u0027\\u0027\\u0027\\n    \\n    # pi is a class attribute\\n    pi \\u003d 3.14159\\n\\n    def __init__(self, radius):\\n        # radius is an instance attribute\\n        self.radius \\u003d radius\\n\\n    def circum(self):\\n        \\u0027\\u0027\\u0027Return the circumference of our circle\\u0027\\u0027\\u0027\\n        return 2 * Circle.pi * self\",\"position\":[4932,5256]}]}]}","initial_tree_length":639,"project_name":"452532ca06631bb9410d8ccd4af633e248f089ca","file_name":"452532ca06631bb9410d8ccd4af633e248f089ca.ipynb.py"}