{"3":"{\"totalGroups\":14,\"totalClones\":34,\"groups\":[{\"clone_length\":6,\"clones\":[{\"psi\":\"[PsiElement(Py:IDENTIFIER), PsiElement(Py:EQ), PsiElement(Py:COMMA), PsiElement(Py:IDENTIFIER), PsiElement(Py:EQ), PsiElement(Py:LBRACE)]\",\"text\":\"entry_point\\u003d\\u0027gym.envs.toy_text:FrozenLakeEnv\\u0027,\\n    kwargs\\u003d{\\u0027map_name\\u0027\",\"position\":[195,253]},{\"psi\":\"[PsiElement(Py:IDENTIFIER), PsiElement(Py:EQ), PsiElement(Py:COMMA), PsiElement(Py:IDENTIFIER), PsiElement(Py:EQ), PsiElement(Py:LBRACE)]\",\"text\":\"entry_point\\u003d\\u0027gym.envs.toy_text:FrozenLakeEnv\\u0027,\\n    kwargs\\u003d{\\u0027map_name\\u0027\",\"position\":[493,551]}]},{\"clone_length\":11,\"clones\":[{\"psi\":\"[PsiElement(Py:COLON), PsiElement(Py:FALSE_KEYWORD), PsiElement(Py:RBRACE), PsiElement(Py:COMMA), PsiElement(Py:IDENTIFIER), PsiElement(Py:EQ), PsiElement(Py:INTEGER_LITERAL), PsiElement(Py:COMMA), PsiElement(Py:IDENTIFIER), PsiElement(Py:EQ), PsiElement(Py:FLOAT_LITERAL)]\",\"text\":\"\\u0027is_slippery\\u0027: False},\\n    max_episode_steps\\u003d100,\\n    reward_threshold\\u003d0.8196\",\"position\":[287,345]},{\"psi\":\"[PsiElement(Py:COLON), PsiElement(Py:FALSE_KEYWORD), PsiElement(Py:RBRACE), PsiElement(Py:COMMA), PsiElement(Py:IDENTIFIER), PsiElement(Py:EQ), PsiElement(Py:INTEGER_LITERAL), PsiElement(Py:COMMA), PsiElement(Py:IDENTIFIER), PsiElement(Py:EQ), PsiElement(Py:FLOAT_LITERAL)]\",\"text\":\"\\u0027is_slippery\\u0027: False},\\n    max_episode_steps\\u003d100,\\n    reward_threshold\\u003d0.8196\",\"position\":[585,643]}]},{\"clone_length\":2,\"clones\":[{\"psi\":\"[PsiElement(Py:IDENTIFIER), PsiElement(Py:IDENTIFIER)]\",\"text\":\"register\\nregister\",\"position\":[142,151]},{\"psi\":\"[PsiElement(Py:IDENTIFIER), PsiElement(Py:IDENTIFIER)]\",\"text\":\"register\\nregister\",\"position\":[432,441]},{\"psi\":\"[PsiElement(Py:IDENTIFIER), PsiElement(Py:IDENTIFIER)]\",\"text\":\"register\\nregister\",\"position\":[142,151]},{\"psi\":\"[PsiElement(Py:IDENTIFIER), PsiElement(Py:IDENTIFIER)]\",\"text\":\"register\\nregister\",\"position\":[432,441]}]},{\"clone_length\":5,\"clones\":[{\"psi\":\"[PsiElement(Py:IDENTIFIER), PsiElement(Py:LBRACKET), PsiElement(Py:IDENTIFIER), PsiElement(Py:COMMA), PsiElement(Py:IDENTIFIER)]\",\"text\":\"Q[s, a\",\"position\":[1743,1748]},{\"psi\":\"[PsiElement(Py:IDENTIFIER), PsiElement(Py:LBRACKET), PsiElement(Py:IDENTIFIER), PsiElement(Py:COMMA), PsiElement(Py:IDENTIFIER)]\",\"text\":\"Q[s, a\",\"position\":[1753,1758]}]},{\"clone_length\":10,\"clones\":[{\"psi\":\"[PsiElement(Py:IDENTIFIER), PsiElement(Py:DOT), PsiElement(Py:IDENTIFIER), PsiElement(Py:DOT), PsiElement(Py:IDENTIFIER), PsiElement(Py:IMPORT_KEYWORD), PsiElement(Py:IDENTIFIER), PsiElement(Py:IDENTIFIER), PsiElement(Py:LPAR), PsiElement(Py:IDENTIFIER)]\",\"text\":\"gym.envs.registration import register\\nregister(id\",\"position\":[113,160]},{\"psi\":\"[PsiElement(Py:IDENTIFIER), PsiElement(Py:DOT), PsiElement(Py:IDENTIFIER), PsiElement(Py:DOT), PsiElement(Py:IDENTIFIER), PsiElement(Py:IMPORT_KEYWORD), PsiElement(Py:IDENTIFIER), PsiElement(Py:IDENTIFIER), PsiElement(Py:LPAR), PsiElement(Py:IDENTIFIER)]\",\"text\":\"gym.envs.registration import register\\nregister(\\n    id\",\"position\":[403,455]}]},{\"clone_length\":1,\"clones\":[{\"psi\":\"[PsiElement(Py:IDENTIFIER)]\",\"text\":\"np\",\"position\":[1504,1504]},{\"psi\":\"[PsiElement(Py:IDENTIFIER)]\",\"text\":\"np\",\"position\":[1504,1504]}]},{\"clone_length\":4,\"clones\":[{\"psi\":\"[PsiElement(Py:IDENTIFIER), PsiElement(Py:DOT), PsiElement(Py:IDENTIFIER), PsiElement(Py:LPAR)]\",\"text\":\"np.zeros(\",\"position\":[1402,1410]},{\"psi\":\"[PsiElement(Py:IDENTIFIER), PsiElement(Py:DOT), PsiElement(Py:IDENTIFIER), PsiElement(Py:DOT), PsiElement(Py:IDENTIFIER), PsiElement(Py:LPAR)]\",\"text\":\"np.random.uniform(\",\"position\":[1504,1521]},{\"psi\":\"[PsiElement(Py:IDENTIFIER), PsiElement(Py:DOT), PsiElement(Py:IDENTIFIER), PsiElement(Py:LPAR)]\",\"text\":\"np.argmax(\",\"position\":[1609,1618]},{\"psi\":\"[PsiElement(Py:IDENTIFIER), PsiElement(Py:DOT), PsiElement(Py:IDENTIFIER), PsiElement(Py:LPAR)]\",\"text\":\"np.max(\",\"position\":[1722,1728]}]},{\"clone_length\":5,\"clones\":[{\"psi\":\"[PsiElement(Py:IDENTIFIER), PsiElement(Py:DOT), PsiElement(Py:IDENTIFIER), PsiElement(Py:LPAR), PsiElement(Py:IDENTIFIER)]\",\"text\":\"np.argmax(Q\",\"position\":[1609,1619]},{\"psi\":\"[PsiElement(Py:IDENTIFIER), PsiElement(Py:DOT), PsiElement(Py:IDENTIFIER), PsiElement(Py:LPAR), PsiElement(Py:IDENTIFIER)]\",\"text\":\"np.max(Q\",\"position\":[1722,1729]}]},{\"clone_length\":7,\"clones\":[{\"psi\":\"[PsiElement(Py:IDENTIFIER), PsiElement(Py:DOT), PsiElement(Py:IDENTIFIER), PsiElement(Py:DOT), PsiElement(Py:IDENTIFIER), PsiElement(Py:COMMA), PsiElement(Py:IDENTIFIER)]\",\"text\":\"env.observation_space.n,env\",\"position\":[1412,1436]},{\"psi\":\"[PsiElement(Py:IDENTIFIER), PsiElement(Py:DOT), PsiElement(Py:IDENTIFIER), PsiElement(Py:DOT), PsiElement(Py:IDENTIFIER), PsiElement(Py:COMMA), PsiElement(Py:IDENTIFIER)]\",\"text\":\"env.observation_space.n,env\",\"position\":[1412,1436]}]},{\"clone_length\":4,\"clones\":[{\"psi\":\"[PsiElement(Py:IDENTIFIER), PsiElement(Py:DOT), PsiElement(Py:IDENTIFIER), PsiElement(Py:LPAR)]\",\"text\":\"env.render(\",\"position\":[1278,1288]},{\"psi\":\"[PsiElement(Py:IDENTIFIER), PsiElement(Py:DOT), PsiElement(Py:IDENTIFIER), PsiElement(Py:DOT), PsiElement(Py:IDENTIFIER), PsiElement(Py:LPAR)]\",\"text\":\"env.action_space.sample(\",\"position\":[1556,1579]}]},{\"clone_length\":4,\"clones\":[{\"psi\":\"[PsiElement(Py:IDENTIFIER), PsiElement(Py:DOT), PsiElement(Py:IDENTIFIER), PsiElement(Py:LPAR)]\",\"text\":\"plt.figure(\",\"position\":[3070,3080]},{\"psi\":\"[PsiElement(Py:IDENTIFIER), PsiElement(Py:DOT), PsiElement(Py:IDENTIFIER), PsiElement(Py:LPAR)]\",\"text\":\"plt.plot(\",\"position\":[3097,3105]},{\"psi\":\"[PsiElement(Py:IDENTIFIER), PsiElement(Py:DOT), PsiElement(Py:IDENTIFIER), PsiElement(Py:LPAR)]\",\"text\":\"plt.show(\",\"position\":[3122,3130]}]},{\"clone_length\":9,\"clones\":[{\"psi\":\"[PsiElement(Py:IDENTIFIER), PsiElement(Py:LPAR), PsiElement(Py:IDENTIFIER), PsiElement(Py:COMMA), PsiElement(Py:IDENTIFIER), PsiElement(Py:COMMA), PsiElement(Py:IDENTIFIER), PsiElement(Py:COMMA), PsiElement(Py:IDENTIFIER)]\",\"text\":\"learn(s, s1, r, a\",\"position\":[1655,1671]},{\"psi\":\"[PsiElement(Py:IDENTIFIER), PsiElement(Py:LPAR), PsiElement(Py:IDENTIFIER), PsiElement(Py:COMMA), PsiElement(Py:IDENTIFIER), PsiElement(Py:COMMA), PsiElement(Py:IDENTIFIER), PsiElement(Py:COMMA), PsiElement(Py:IDENTIFIER)]\",\"text\":\"learn(s, s1, r, a\",\"position\":[2679,2695]}]},{\"clone_length\":3,\"clones\":[{\"psi\":\"[PsiElement(Py:IDENTIFIER), PsiElement(Py:LPAR), PsiElement(Py:IDENTIFIER)]\",\"text\":\"print(env\",\"position\":[827,833]},{\"psi\":\"[PsiElement(Py:IDENTIFIER), PsiElement(Py:LPAR), PsiElement(Py:IDENTIFIER)]\",\"text\":\"print(env\",\"position\":[1316,1322]},{\"psi\":\"[PsiElement(Py:IDENTIFIER), PsiElement(Py:LPAR), PsiElement(Py:IDENTIFIER)]\",\"text\":\"print(env\",\"position\":[1347,1353]}]},{\"clone_length\":1,\"clones\":[{\"psi\":\"[PsiElement(Py:IDENTIFIER)]\",\"text\":\"li_sum_rewards\",\"position\":[2874,2874]},{\"psi\":\"[PsiElement(Py:IDENTIFIER)]\",\"text\":\"li_sum_rewards\",\"position\":[2874,2874]}]}]}","initial_tree_length":393,"project_name":"4faf150edc973d915efb9fa5a40f5a62d38de6e9","file_name":"4faf150edc973d915efb9fa5a40f5a62d38de6e9.ipynb.py"}