{"3":"{\"totalGroups\":3,\"totalClones\":7,\"groups\":[{\"clone_length\":4,\"clones\":[{\"psi\":\"[PsiElement(Py:IDENTIFIER), PsiElement(Py:DOT), PsiElement(Py:IDENTIFIER), PsiElement(Py:LPAR)]\",\"text\":\"cv2.imread(\\u0027../datas/zbar-test.jpg\\u0027\",\"position\":[174,184]},{\"psi\":\"[PsiElement(Py:IDENTIFIER), PsiElement(Py:DOT), PsiElement(Py:IDENTIFIER), PsiElement(Py:LPAR)]\",\"text\":\"cv2.imread(\\u0027../datas/zbar-test.jpg\\u0027\",\"position\":[219,229]}]},{\"clone_length\":4,\"clones\":[{\"psi\":\"[PsiElement(Py:IDENTIFIER), PsiElement(Py:DOT), PsiElement(Py:IDENTIFIER), PsiElement(Py:LPAR)]\",\"text\":\"plt.imshow(\",\"position\":[374,384]},{\"psi\":\"[PsiElement(Py:IDENTIFIER), PsiElement(Py:DOT), PsiElement(Py:IDENTIFIER), PsiElement(Py:LPAR)]\",\"text\":\"plt.figure(\",\"position\":[593,603]},{\"psi\":\"[PsiElement(Py:IDENTIFIER), PsiElement(Py:DOT), PsiElement(Py:IDENTIFIER), PsiElement(Py:LPAR)]\",\"text\":\"plt.imshow(\",\"position\":[610,620]}]},{\"clone_length\":6,\"clones\":[{\"psi\":\"[PsiElement(Py:IDENTIFIER), PsiElement(Py:RPAR), PsiElement(Py:FOR_KEYWORD), PsiElement(Py:IDENTIFIER), PsiElement(Py:IN_KEYWORD), PsiElement(Py:IDENTIFIER)]\",\"text\":\"src)\\n# [___CELL_SEPARATOR___]\\nfor result in results\",\"position\":[298,342]},{\"psi\":\"[PsiElement(Py:IDENTIFIER), PsiElement(Py:DOT), PsiElement(Py:IDENTIFIER), PsiElement(Py:FOR_KEYWORD), PsiElement(Py:IDENTIFIER), PsiElement(Py:IN_KEYWORD), PsiElement(Py:IDENTIFIER)]\",\"text\":\"src.shape\\nfor result in results\",\"position\":[427,451]}]}]}","initial_tree_length":148,"project_name":"5e8b42451726e5dce318b3ea3755bf86d5e9fc04","file_name":"5e8b42451726e5dce318b3ea3755bf86d5e9fc04.ipynb.py"}