{"3":"{\"totalGroups\":91,\"totalClones\":279,\"groups\":[{\"clone_length\":7,\"clones\":[{\"psi\":\"[PsiElement(Py:IDENTIFIER), PsiElement(Py:EQ), PsiElement(Py:IDENTIFIER), PsiElement(Py:COMMA), PsiElement(Py:IDENTIFIER), PsiElement(Py:EQ), PsiElement(Py:IDENTIFIER)]\",\"text\":\"start_date\\u003dstart,end_date\\u003dend\",\"position\":[632,658]},{\"psi\":\"[PsiElement(Py:IDENTIFIER), PsiElement(Py:EQ), PsiElement(Py:IDENTIFIER), PsiElement(Py:COMMA), PsiElement(Py:IDENTIFIER), PsiElement(Py:EQ), PsiElement(Py:IDENTIFIER)]\",\"text\":\"start_date\\u003dstart,end_date\\u003dend\",\"position\":[865,891]}]},{\"clone_length\":11,\"clones\":[{\"psi\":\"[PsiElement(Py:IDENTIFIER), PsiElement(Py:EQ), PsiElement(Py:IDENTIFIER), PsiElement(Py:DOT), PsiElement(Py:IDENTIFIER), PsiElement(Py:LPAR), PsiElement(Py:LBRACKET), PsiElement(Py:FLOAT_LITERAL), PsiElement(Py:COMMA), PsiElement(Py:MINUS), PsiElement(Py:FLOAT_LITERAL)]\",\"text\":\"alphas \\u003d np.array([0.5, -0.25\",\"position\":[5171,5196]},{\"psi\":\"[PsiElement(Py:IDENTIFIER), PsiElement(Py:EQ), PsiElement(Py:IDENTIFIER), PsiElement(Py:DOT), PsiElement(Py:IDENTIFIER), PsiElement(Py:LPAR), PsiElement(Py:LBRACKET), PsiElement(Py:FLOAT_LITERAL), PsiElement(Py:COMMA), PsiElement(Py:MINUS), PsiElement(Py:FLOAT_LITERAL)]\",\"text\":\"alphas \\u003d np.array([0.5, -0.25\",\"position\":[5605,5630]}]},{\"clone_length\":4,\"clones\":[{\"psi\":\"[PsiElement(Py:IDENTIFIER), PsiElement(Py:DOT), PsiElement(Py:IDENTIFIER), PsiElement(Py:LPAR)]\",\"text\":\"fc_all.head(\",\"position\":[8248,8259]},{\"psi\":\"[PsiElement(Py:IDENTIFIER), PsiElement(Py:DOT), PsiElement(Py:IDENTIFIER), PsiElement(Py:LPAR)]\",\"text\":\"fc_all.plot(\",\"position\":[8596,8607]}]},{\"clone_length\":9,\"clones\":[{\"psi\":\"[PsiElement(Py:IDENTIFIER), PsiElement(Py:DOT), PsiElement(Py:IDENTIFIER), PsiElement(Py:COMMA), PsiElement(Py:IDENTIFIER), PsiElement(Py:DOT), PsiElement(Py:IDENTIFIER), PsiElement(Py:COMMA), PsiElement(Py:IDENTIFIER)]\",\"text\":\"fc_all.index, fc_all.lower_ci_95, fc_all\",\"position\":[8646,8680]},{\"psi\":\"[PsiElement(Py:IDENTIFIER), PsiElement(Py:DOT), PsiElement(Py:IDENTIFIER), PsiElement(Py:COMMA), PsiElement(Py:IDENTIFIER), PsiElement(Py:DOT), PsiElement(Py:IDENTIFIER), PsiElement(Py:COMMA), PsiElement(Py:IDENTIFIER)]\",\"text\":\"fc_all.index, fc_all.lower_ci_99, fc_all\",\"position\":[8742,8776]},{\"psi\":\"[PsiElement(Py:IDENTIFIER), PsiElement(Py:DOT), PsiElement(Py:IDENTIFIER), PsiElement(Py:COMMA), PsiElement(Py:IDENTIFIER), PsiElement(Py:DOT), PsiElement(Py:IDENTIFIER), PsiElement(Py:COMMA), PsiElement(Py:IDENTIFIER)]\",\"text\":\"fc_all.index, fc_all.lower_ci_95, fc_all\",\"position\":[8646,8680]},{\"psi\":\"[PsiElement(Py:IDENTIFIER), PsiElement(Py:DOT), PsiElement(Py:IDENTIFIER), PsiElement(Py:COMMA), PsiElement(Py:IDENTIFIER), PsiElement(Py:DOT), PsiElement(Py:IDENTIFIER), PsiElement(Py:COMMA), PsiElement(Py:IDENTIFIER)]\",\"text\":\"fc_all.index, fc_all.lower_ci_99, fc_all\",\"position\":[8742,8776]}]},{\"clone_length\":5,\"clones\":[{\"psi\":\"[PsiElement(Py:IDENTIFIER), PsiElement(Py:RPAR), PsiElement(Py:RPAR), PsiElement(Py:IDENTIFIER), PsiElement(Py:LPAR)]\",\"text\":\"est_order))\\np(\",\"position\":[3327,3340]},{\"psi\":\"[PsiElement(Py:IDENTIFIER), PsiElement(Py:RPAR), PsiElement(Py:RPAR), PsiElement(Py:IDENTIFIER), PsiElement(Py:LPAR)]\",\"text\":\"est_order))\\np(\",\"position\":[3862,3875]}]},{\"clone_length\":7,\"clones\":[{\"psi\":\"[PsiElement(Py:IDENTIFIER), PsiElement(Py:LPAR), PsiElement(Py:IDENTIFIER), PsiElement(Py:DOT), PsiElement(Py:IDENTIFIER), PsiElement(Py:COMMA), PsiElement(Py:IDENTIFIER)]\",\"text\":\"tsplot(best_mdl.resid, lags\",\"position\":[6371,6394]},{\"psi\":\"[PsiElement(Py:IDENTIFIER), PsiElement(Py:LPAR), PsiElement(Py:IDENTIFIER), PsiElement(Py:DOT), PsiElement(Py:IDENTIFIER), PsiElement(Py:COMMA), PsiElement(Py:IDENTIFIER)]\",\"text\":\"tsplot(best_mdl.resid, lags\",\"position\":[7031,7054]},{\"psi\":\"[PsiElement(Py:IDENTIFIER), PsiElement(Py:LPAR), PsiElement(Py:IDENTIFIER), PsiElement(Py:DOT), PsiElement(Py:IDENTIFIER), PsiElement(Py:COMMA), PsiElement(Py:IDENTIFIER)]\",\"text\":\"tsplot(best_mdl.resid, lags\",\"position\":[7691,7714]}]},{\"clone_length\":7,\"clones\":[{\"psi\":\"[PsiElement(Py:IDENTIFIER), PsiElement(Py:LPAR), PsiElement(Py:IDENTIFIER), PsiElement(Py:COMMA), PsiElement(Py:IDENTIFIER), PsiElement(Py:EQ), PsiElement(Py:INTEGER_LITERAL)]\",\"text\":\"tsplot(y, lags\\u003d30\",\"position\":[1118,1133]},{\"psi\":\"[PsiElement(Py:IDENTIFIER), PsiElement(Py:LPAR), PsiElement(Py:IDENTIFIER), PsiElement(Py:COMMA), PsiElement(Py:IDENTIFIER), PsiElement(Py:EQ), PsiElement(Py:INTEGER_LITERAL)]\",\"text\":\"tsplot(y,lags\\u003d30\",\"position\":[2529,2543]}]},{\"clone_length\":17,\"clones\":[{\"psi\":\"[PsiElement(Py:LPAR), PsiElement(Py:IDENTIFIER), PsiElement(Py:EQ), PsiElement(Py:IDENTIFIER), PsiElement(Py:COMMA), PsiElement(Py:IDENTIFIER), PsiElement(Py:EQ), PsiElement(Py:COMMA), PsiElement(Py:IDENTIFIER), PsiElement(Py:EQ), PsiElement(Py:RPAR), PsiElement(Py:IDENTIFIER), PsiElement(Py:EQ), PsiElement(Py:IDENTIFIER), PsiElement(Py:DOT), PsiElement(Py:IDENTIFIER), PsiElement(Py:LPAR)]\",\"text\":\"(maxlag\\u003dmax_lag, ic\\u003d\\u0027aic\\u0027, trend\\u003d\\u0027nc\\u0027)\\nest_order \\u003d smt.AR(\",\"position\":[3653,3710]},{\"psi\":\"[PsiElement(Py:LPAR), PsiElement(Py:IDENTIFIER), PsiElement(Py:EQ), PsiElement(Py:IDENTIFIER), PsiElement(Py:COMMA), PsiElement(Py:IDENTIFIER), PsiElement(Py:EQ), PsiElement(Py:COMMA), PsiElement(Py:IDENTIFIER), PsiElement(Py:EQ), PsiElement(Py:RPAR), PsiElement(Py:IDENTIFIER), PsiElement(Py:EQ), PsiElement(Py:IDENTIFIER), PsiElement(Py:DOT), PsiElement(Py:IDENTIFIER), PsiElement(Py:LPAR)]\",\"text\":\"(maxlag\\u003dmax_lag, ic\\u003d\\u0027aic\\u0027, trend\\u003d\\u0027nc\\u0027)\\nest_order \\u003d smt.AR(\",\"position\":[4060,4117]}]},{\"clone_length\":10,\"clones\":[{\"psi\":\"[PsiElement(Py:LPAR), PsiElement(Py:IDENTIFIER), PsiElement(Py:EQ), PsiElement(Py:IDENTIFIER), PsiElement(Py:COMMA), PsiElement(Py:IDENTIFIER), PsiElement(Py:EQ), PsiElement(Py:COMMA), PsiElement(Py:IDENTIFIER), PsiElement(Py:EQ)]\",\"text\":\"(\\n    maxlag\\u003dmax_lag, method\\u003d\\u0027mle\\u0027, trend\\u003d\\u0027nc\\u0027\",\"position\":[4481,4522]},{\"psi\":\"[PsiElement(Py:LPAR), PsiElement(Py:IDENTIFIER), PsiElement(Py:EQ), PsiElement(Py:IDENTIFIER), PsiElement(Py:COMMA), PsiElement(Py:IDENTIFIER), PsiElement(Py:EQ), PsiElement(Py:COMMA), PsiElement(Py:IDENTIFIER), PsiElement(Py:EQ)]\",\"text\":\"(\\n    maxlag\\u003dmax_lag, method\\u003d\\u0027mle\\u0027, trend\\u003d\\u0027nc\\u0027\",\"position\":[4994,5035]},{\"psi\":\"[PsiElement(Py:LPAR), PsiElement(Py:IDENTIFIER), PsiElement(Py:EQ), PsiElement(Py:IDENTIFIER), PsiElement(Py:COMMA), PsiElement(Py:IDENTIFIER), PsiElement(Py:EQ), PsiElement(Py:COMMA), PsiElement(Py:IDENTIFIER), PsiElement(Py:EQ)]\",\"text\":\"(\\n    maxlag\\u003dmax_lag, method\\u003d\\u0027mle\\u0027, trend\\u003d\\u0027nc\\u0027\",\"position\":[4840,4881]},{\"psi\":\"[PsiElement(Py:LPAR), PsiElement(Py:IDENTIFIER), PsiElement(Py:EQ), PsiElement(Py:IDENTIFIER), PsiElement(Py:COMMA), PsiElement(Py:IDENTIFIER), PsiElement(Py:EQ), PsiElement(Py:COMMA), PsiElement(Py:IDENTIFIER), PsiElement(Py:EQ)]\",\"text\":\"(\\n    maxlag\\u003dmax_lag, method\\u003d\\u0027mle\\u0027, trend\\u003d\\u0027nc\\u0027\",\"position\":[5418,5459]}]},{\"clone_length\":5,\"clones\":[{\"psi\":\"[PsiElement(Py:LPAR), PsiElement(Py:RPAR), PsiElement(Py:RPAR), PsiElement(Py:IDENTIFIER), PsiElement(Py:LPAR)]\",\"text\":\"())\\ntsplot(\",\"position\":[5055,5065]},{\"psi\":\"[PsiElement(Py:LPAR), PsiElement(Py:RPAR), PsiElement(Py:RPAR), PsiElement(Py:IDENTIFIER), PsiElement(Py:LPAR)]\",\"text\":\"())\\ntsplot(\",\"position\":[5492,5502]},{\"psi\":\"[PsiElement(Py:LPAR), PsiElement(Py:RPAR), PsiElement(Py:RPAR), PsiElement(Py:IDENTIFIER), PsiElement(Py:LPAR)]\",\"text\":\"())\\n# [___CELL_SEPARATOR___]\\ntsplot(\",\"position\":[6342,6377]},{\"psi\":\"[PsiElement(Py:LPAR), PsiElement(Py:RPAR), PsiElement(Py:RPAR), PsiElement(Py:IDENTIFIER), PsiElement(Py:LPAR)]\",\"text\":\"())\\n# [___CELL_SEPARATOR___]\\ntsplot(\",\"position\":[7002,7037]}]},{\"clone_length\":4,\"clones\":[{\"psi\":\"[PsiElement(Py:LPAR), PsiElement(Py:IDENTIFIER), PsiElement(Py:COMMA), PsiElement(Py:IDENTIFIER)]\",\"text\":\"(i, j\",\"position\":[6002,6006]},{\"psi\":\"[PsiElement(Py:LPAR), PsiElement(Py:IDENTIFIER), PsiElement(Py:COMMA), PsiElement(Py:IDENTIFIER)]\",\"text\":\"(i, j\",\"position\":[6632,6636]},{\"psi\":\"[PsiElement(Py:LPAR), PsiElement(Py:IDENTIFIER), PsiElement(Py:COMMA), PsiElement(Py:IDENTIFIER)]\",\"text\":\"(i, j\",\"position\":[6173,6177]},{\"psi\":\"[PsiElement(Py:LPAR), PsiElement(Py:IDENTIFIER), PsiElement(Py:COMMA), PsiElement(Py:IDENTIFIER)]\",\"text\":\"(i, j\",\"position\":[6833,6837]}]},{\"clone_length\":6,\"clones\":[{\"psi\":\"[PsiElement(Py:LPAR), PsiElement(Py:IDENTIFIER), PsiElement(Py:COMMA), PsiElement(Py:IDENTIFIER), PsiElement(Py:COMMA), PsiElement(Py:IDENTIFIER)]\",\"text\":\"(i,d,j\",\"position\":[7338,7343]},{\"psi\":\"[PsiElement(Py:LPAR), PsiElement(Py:IDENTIFIER), PsiElement(Py:COMMA), PsiElement(Py:IDENTIFIER), PsiElement(Py:COMMA), PsiElement(Py:IDENTIFIER)]\",\"text\":\"(i, d, j\",\"position\":[7527,7534]}]},{\"clone_length\":2,\"clones\":[{\"psi\":\"[PsiElement(Py:LPAR), PsiElement(Py:IDENTIFIER)]\",\"text\":\"(y\",\"position\":[1942,1943]},{\"psi\":\"[PsiElement(Py:LPAR), PsiElement(Py:RPAR), PsiElement(Py:COMMA), PsiElement(Py:IDENTIFIER)]\",\"text\":\"(), y\",\"position\":[1949,1953]}]},{\"clone_length\":13,\"clones\":[{\"psi\":\"[PsiElement(Py:LPAR), PsiElement(Py:IDENTIFIER), PsiElement(Py:COMMA), PsiElement(Py:IDENTIFIER), PsiElement(Py:EQ), PsiElement(Py:INTEGER_LITERAL), PsiElement(Py:RPAR), PsiElement(Py:IDENTIFIER), PsiElement(Py:LPAR), PsiElement(Py:IDENTIFIER), PsiElement(Py:DOT), PsiElement(Py:IDENTIFIER), PsiElement(Py:LPAR)]\",\"text\":\"(x,lags\\u003d30)\\n# [___CELL_SEPARATOR___]\\ntsplot(np.diff(\",\"position\":[2278,2329]},{\"psi\":\"[PsiElement(Py:LPAR), PsiElement(Py:IDENTIFIER), PsiElement(Py:RPAR), PsiElement(Py:COMMA), PsiElement(Py:IDENTIFIER), PsiElement(Py:EQ), PsiElement(Py:INTEGER_LITERAL), PsiElement(Py:RPAR), PsiElement(Py:IDENTIFIER), PsiElement(Py:LPAR), PsiElement(Py:IDENTIFIER), PsiElement(Py:DOT), PsiElement(Py:IDENTIFIER), PsiElement(Py:LPAR)]\",\"text\":\"(x),lags\\u003d30)\\n# [___CELL_SEPARATOR___]\\ntsplot(np.diff(\",\"position\":[2329,2381]}]},{\"clone_length\":6,\"clones\":[{\"psi\":\"[PsiElement(Py:LPAR), PsiElement(Py:IDENTIFIER), PsiElement(Py:EQ), PsiElement(Py:IDENTIFIER), PsiElement(Py:COMMA), PsiElement(Py:IDENTIFIER)]\",\"text\":\"(ax\\u003dax, label\",\"position\":[8405,8413]},{\"psi\":\"[PsiElement(Py:LPAR), PsiElement(Py:IDENTIFIER), PsiElement(Py:EQ), PsiElement(Py:IDENTIFIER), PsiElement(Py:COMMA), PsiElement(Py:IDENTIFIER)]\",\"text\":\"(ax\\u003dax,label\",\"position\":[8515,8522]}]},{\"clone_length\":3,\"clones\":[{\"psi\":\"[PsiElement(Py:LPAR), PsiElement(Py:RPAR), PsiElement(Py:IDENTIFIER)]\",\"text\":\"()\\n    plt\",\"position\":[2776,2783]},{\"psi\":\"[PsiElement(Py:LPAR), PsiElement(Py:RPAR), PsiElement(Py:IDENTIFIER)]\",\"text\":\"()\\n    plt\",\"position\":[2912,2919]},{\"psi\":\"[PsiElement(Py:LPAR), PsiElement(Py:RPAR), PsiElement(Py:IDENTIFIER)]\",\"text\":\"()\\n# [___CELL_SEPARATOR___]\\n# 预测绘图\\nplt\",\"position\":[8259,8294]}]},{\"clone_length\":6,\"clones\":[{\"psi\":\"[PsiElement(Py:LPAR), PsiElement(Py:RPAR), PsiElement(Py:IDENTIFIER), PsiElement(Py:DOT), PsiElement(Py:IDENTIFIER), PsiElement(Py:LPAR)]\",\"text\":\"()\\n    plt.title(\",\"position\":[2776,2792]},{\"psi\":\"[PsiElement(Py:LPAR), PsiElement(Py:RPAR), PsiElement(Py:IDENTIFIER), PsiElement(Py:DOT), PsiElement(Py:IDENTIFIER), PsiElement(Py:LPAR)]\",\"text\":\"()\\n    plt.title(\",\"position\":[2912,2928]}]},{\"clone_length\":2,\"clones\":[{\"psi\":\"[PsiElement(Py:LPAR), PsiElement(Py:IDENTIFIER)]\",\"text\":\"(mdl\",\"position\":[3311,3312]},{\"psi\":\"[PsiElement(Py:LPAR), PsiElement(Py:IDENTIFIER)]\",\"text\":\"(mdl\",\"position\":[3832,3833]},{\"psi\":\"[PsiElement(Py:LPAR), PsiElement(Py:IDENTIFIER)]\",\"text\":\"(mdl\",\"position\":[4530,4531]},{\"psi\":\"[PsiElement(Py:LPAR), PsiElement(Py:IDENTIFIER)]\",\"text\":\"(mdl\",\"position\":[5043,5044]},{\"psi\":\"[PsiElement(Py:LPAR), PsiElement(Py:IDENTIFIER)]\",\"text\":\"(mdl\",\"position\":[5480,5481]},{\"psi\":\"[PsiElement(Py:LPAR), PsiElement(Py:IDENTIFIER)]\",\"text\":\"(mdl\",\"position\":[4889,4890]}]},{\"clone_length\":6,\"clones\":[{\"psi\":\"[PsiElement(Py:LPAR), PsiElement(Py:IDENTIFIER), PsiElement(Py:DOT), PsiElement(Py:IDENTIFIER), PsiElement(Py:LBRACKET), PsiElement(Py:INTEGER_LITERAL)]\",\"text\":\"(mdl.params[0\",\"position\":[3311,3323]},{\"psi\":\"[PsiElement(Py:LPAR), PsiElement(Py:IDENTIFIER), PsiElement(Py:DOT), PsiElement(Py:IDENTIFIER), PsiElement(Py:LBRACKET), PsiElement(Py:INTEGER_LITERAL)]\",\"text\":\"(mdl.params[0\",\"position\":[3832,3844]}]},{\"clone_length\":4,\"clones\":[{\"psi\":\"[PsiElement(Py:LPAR), PsiElement(Py:IDENTIFIER), PsiElement(Py:DIV), PsiElement(Py:IDENTIFIER)]\",\"text\":\"(data/data\",\"position\":[984,990]},{\"psi\":\"[PsiElement(Py:LPAR), PsiElement(Py:RPAR), PsiElement(Py:IDENTIFIER)]\",\"text\":\"()\\n# [___CELL_SEPARATOR___]\\ndata\",\"position\":[1011,1039]},{\"psi\":\"[PsiElement(Py:LPAR), PsiElement(Py:IDENTIFIER)]\",\"text\":\"(data\",\"position\":[7915,7916]}]},{\"clone_length\":4,\"clones\":[{\"psi\":\"[PsiElement(Py:LPAR), PsiElement(Py:IDENTIFIER), PsiElement(Py:DIV), PsiElement(Py:IDENTIFIER)]\",\"text\":\"(data/data\",\"position\":[984,990]},{\"psi\":\"[PsiElement(Py:LPAR), PsiElement(Py:RPAR), PsiElement(Py:IDENTIFIER)]\",\"text\":\"()\\n# [___CELL_SEPARATOR___]\\ndata\",\"position\":[1011,1039]}]},{\"clone_length\":1,\"clones\":[{\"psi\":\"[PsiElement(Py:IDENTIFIER)]\",\"text\":\"np\",\"position\":[978,978]},{\"psi\":\"[PsiElement(Py:IDENTIFIER)]\",\"text\":\"np\",\"position\":[2039,2039]},{\"psi\":\"[PsiElement(Py:IDENTIFIER)]\",\"text\":\"np\",\"position\":[2154,2154]},{\"psi\":\"[PsiElement(Py:IDENTIFIER)]\",\"text\":\"np\",\"position\":[2961,2961]},{\"psi\":\"[PsiElement(Py:IDENTIFIER)]\",\"text\":\"np\",\"position\":[978,978]},{\"psi\":\"[PsiElement(Py:IDENTIFIER)]\",\"text\":\"np\",\"position\":[2039,2039]},{\"psi\":\"[PsiElement(Py:IDENTIFIER)]\",\"text\":\"np\",\"position\":[2154,2154]},{\"psi\":\"[PsiElement(Py:IDENTIFIER)]\",\"text\":\"np\",\"position\":[2961,2961]},{\"psi\":\"[PsiElement(Py:IDENTIFIER)]\",\"text\":\"np\",\"position\":[2430,2430]},{\"psi\":\"[PsiElement(Py:IDENTIFIER)]\",\"text\":\"np\",\"position\":[2077,2077]},{\"psi\":\"[PsiElement(Py:IDENTIFIER)]\",\"text\":\"np\",\"position\":[2191,2191]},{\"psi\":\"[PsiElement(Py:IDENTIFIER)]\",\"text\":\"np\",\"position\":[3003,3003]}]},{\"clone_length\":4,\"clones\":[{\"psi\":\"[PsiElement(Py:IDENTIFIER), PsiElement(Py:DOT), PsiElement(Py:IDENTIFIER), PsiElement(Py:LPAR)]\",\"text\":\"np.log(\",\"position\":[978,984]},{\"psi\":\"[PsiElement(Py:IDENTIFIER), PsiElement(Py:DOT), PsiElement(Py:IDENTIFIER), PsiElement(Py:DOT), PsiElement(Py:IDENTIFIER), PsiElement(Py:LPAR)]\",\"text\":\"np.random.seed(\",\"position\":[2039,2053]},{\"psi\":\"[PsiElement(Py:IDENTIFIER), PsiElement(Py:DOT), PsiElement(Py:IDENTIFIER), PsiElement(Py:DOT), PsiElement(Py:IDENTIFIER), PsiElement(Py:LPAR)]\",\"text\":\"np.random.seed(\",\"position\":[2154,2168]},{\"psi\":\"[PsiElement(Py:IDENTIFIER), PsiElement(Py:DOT), PsiElement(Py:IDENTIFIER), PsiElement(Py:DOT), PsiElement(Py:IDENTIFIER), PsiElement(Py:LPAR)]\",\"text\":\"np.random.seed(\",\"position\":[2961,2975]}]},{\"clone_length\":7,\"clones\":[{\"psi\":\"[PsiElement(Py:IDENTIFIER), PsiElement(Py:DOT), PsiElement(Py:IDENTIFIER), PsiElement(Py:DOT), PsiElement(Py:IDENTIFIER), PsiElement(Py:LPAR), PsiElement(Py:INTEGER_LITERAL)]\",\"text\":\"np.random.seed(1\",\"position\":[2039,2054]},{\"psi\":\"[PsiElement(Py:IDENTIFIER), PsiElement(Py:DOT), PsiElement(Py:IDENTIFIER), PsiElement(Py:DOT), PsiElement(Py:IDENTIFIER), PsiElement(Py:LPAR), PsiElement(Py:INTEGER_LITERAL)]\",\"text\":\"np.random.seed(1\",\"position\":[2154,2169]},{\"psi\":\"[PsiElement(Py:IDENTIFIER), PsiElement(Py:DOT), PsiElement(Py:IDENTIFIER), PsiElement(Py:DOT), PsiElement(Py:IDENTIFIER), PsiElement(Py:LPAR), PsiElement(Py:INTEGER_LITERAL)]\",\"text\":\"np.random.seed(1\",\"position\":[2961,2976]}]},{\"clone_length\":11,\"clones\":[{\"psi\":\"[PsiElement(Py:IDENTIFIER), PsiElement(Py:DOT), PsiElement(Py:IDENTIFIER), PsiElement(Py:DOT), PsiElement(Py:IDENTIFIER), PsiElement(Py:LPAR), PsiElement(Py:INTEGER_LITERAL), PsiElement(Py:RPAR), PsiElement(Py:IDENTIFIER), PsiElement(Py:EQ), PsiElement(Py:INTEGER_LITERAL)]\",\"text\":\"np.random.seed(1)\\nn_samples\\u003d1000\",\"position\":[2154,2182]},{\"psi\":\"[PsiElement(Py:IDENTIFIER), PsiElement(Py:DOT), PsiElement(Py:IDENTIFIER), PsiElement(Py:DOT), PsiElement(Py:IDENTIFIER), PsiElement(Py:LPAR), PsiElement(Py:INTEGER_LITERAL), PsiElement(Py:RPAR), PsiElement(Py:IDENTIFIER), PsiElement(Py:EQ), PsiElement(Py:INTEGER_LITERAL)]\",\"text\":\"np.random.seed(1)\\nn_samples\\u003d1000\",\"position\":[2961,2989]}]},{\"clone_length\":7,\"clones\":[{\"psi\":\"[PsiElement(Py:IDENTIFIER), PsiElement(Py:DOT), PsiElement(Py:IDENTIFIER), PsiElement(Py:DOT), PsiElement(Py:IDENTIFIER), PsiElement(Py:LPAR), PsiElement(Py:IDENTIFIER)]\",\"text\":\"np.random.normal(size\",\"position\":[2077,2094]},{\"psi\":\"[PsiElement(Py:IDENTIFIER), PsiElement(Py:DOT), PsiElement(Py:IDENTIFIER), PsiElement(Py:DOT), PsiElement(Py:IDENTIFIER), PsiElement(Py:LPAR), PsiElement(Py:IDENTIFIER)]\",\"text\":\"np.random.normal(size\",\"position\":[2191,2208]},{\"psi\":\"[PsiElement(Py:IDENTIFIER), PsiElement(Py:DOT), PsiElement(Py:IDENTIFIER), PsiElement(Py:DOT), PsiElement(Py:IDENTIFIER), PsiElement(Py:LPAR), PsiElement(Py:IDENTIFIER)]\",\"text\":\"np.random.normal(size\",\"position\":[3003,3020]}]},{\"clone_length\":5,\"clones\":[{\"psi\":\"[PsiElement(Py:IDENTIFIER), PsiElement(Py:DOT), PsiElement(Py:IDENTIFIER), PsiElement(Py:LPAR), PsiElement(Py:IDENTIFIER)]\",\"text\":\"np.log(data\",\"position\":[978,985]},{\"psi\":\"[PsiElement(Py:IDENTIFIER), PsiElement(Py:DOT), PsiElement(Py:IDENTIFIER), PsiElement(Py:LPAR), PsiElement(Py:IDENTIFIER)]\",\"text\":\"np.diff(data\",\"position\":[2374,2382]}]},{\"clone_length\":6,\"clones\":[{\"psi\":\"[PsiElement(Py:IDENTIFIER), PsiElement(Py:DOT), PsiElement(Py:IDENTIFIER), PsiElement(Py:LPAR), PsiElement(Py:LBRACKET), PsiElement(Py:FLOAT_LITERAL)]\",\"text\":\"np.array([0.\",\"position\":[3457,3467]},{\"psi\":\"[PsiElement(Py:IDENTIFIER), PsiElement(Py:DOT), PsiElement(Py:IDENTIFIER), PsiElement(Py:LPAR), PsiElement(Py:LBRACKET), PsiElement(Py:FLOAT_LITERAL)]\",\"text\":\"np.array([0.\",\"position\":[4254,4264]},{\"psi\":\"[PsiElement(Py:IDENTIFIER), PsiElement(Py:DOT), PsiElement(Py:IDENTIFIER), PsiElement(Py:LPAR), PsiElement(Py:LBRACKET), PsiElement(Py:FLOAT_LITERAL)]\",\"text\":\"np.array([0.\",\"position\":[4594,4604]}]},{\"clone_length\":8,\"clones\":[{\"psi\":\"[PsiElement(Py:IDENTIFIER), PsiElement(Py:DOT), PsiElement(Py:IDENTIFIER), PsiElement(Py:LPAR), PsiElement(Py:LBRACKET), PsiElement(Py:FLOAT_LITERAL), PsiElement(Py:COMMA), PsiElement(Py:MINUS)]\",\"text\":\"np.array([0.5, -\",\"position\":[5180,5195]},{\"psi\":\"[PsiElement(Py:IDENTIFIER), PsiElement(Py:DOT), PsiElement(Py:IDENTIFIER), PsiElement(Py:LPAR), PsiElement(Py:LBRACKET), PsiElement(Py:FLOAT_LITERAL), PsiElement(Py:COMMA), PsiElement(Py:MINUS)]\",\"text\":\"np.array([0.5, -\",\"position\":[5614,5629]},{\"psi\":\"[PsiElement(Py:IDENTIFIER), PsiElement(Py:DOT), PsiElement(Py:IDENTIFIER), PsiElement(Py:LPAR), PsiElement(Py:LBRACKET), PsiElement(Py:FLOAT_LITERAL), PsiElement(Py:COMMA), PsiElement(Py:MINUS)]\",\"text\":\"np.array([0.5, -\",\"position\":[5211,5226]},{\"psi\":\"[PsiElement(Py:IDENTIFIER), PsiElement(Py:DOT), PsiElement(Py:IDENTIFIER), PsiElement(Py:LPAR), PsiElement(Py:LBRACKET), PsiElement(Py:FLOAT_LITERAL), PsiElement(Py:COMMA), PsiElement(Py:MINUS)]\",\"text\":\"np.array([0.5, -\",\"position\":[5650,5665]}]},{\"clone_length\":5,\"clones\":[{\"psi\":\"[PsiElement(Py:IDENTIFIER), PsiElement(Py:DOT), PsiElement(Py:IDENTIFIER), PsiElement(Py:LPAR), PsiElement(Py:IDENTIFIER)]\",\"text\":\"np.diff(x\",\"position\":[2322,2330]},{\"psi\":\"[PsiElement(Py:IDENTIFIER), PsiElement(Py:DOT), PsiElement(Py:IDENTIFIER), PsiElement(Py:LPAR), PsiElement(Py:IDENTIFIER)]\",\"text\":\"np.exp( x\",\"position\":[2635,2643]}]},{\"clone_length\":5,\"clones\":[{\"psi\":\"[PsiElement(Py:IDENTIFIER), PsiElement(Py:DOT), PsiElement(Py:IDENTIFIER), PsiElement(Py:LBRACKET), PsiElement(Py:INTEGER_LITERAL)]\",\"text\":\"np.r_[1\",\"position\":[3477,3483]},{\"psi\":\"[PsiElement(Py:IDENTIFIER), PsiElement(Py:DOT), PsiElement(Py:IDENTIFIER), PsiElement(Py:LBRACKET), PsiElement(Py:INTEGER_LITERAL)]\",\"text\":\"np.r_[1\",\"position\":[5238,5244]},{\"psi\":\"[PsiElement(Py:IDENTIFIER), PsiElement(Py:DOT), PsiElement(Py:IDENTIFIER), PsiElement(Py:LBRACKET), PsiElement(Py:INTEGER_LITERAL)]\",\"text\":\"np.r_[1\",\"position\":[5677,5683]},{\"psi\":\"[PsiElement(Py:IDENTIFIER), PsiElement(Py:DOT), PsiElement(Py:IDENTIFIER), PsiElement(Py:LBRACKET), PsiElement(Py:INTEGER_LITERAL)]\",\"text\":\"np.r_[1\",\"position\":[4293,4299]},{\"psi\":\"[PsiElement(Py:IDENTIFIER), PsiElement(Py:DOT), PsiElement(Py:IDENTIFIER), PsiElement(Py:LBRACKET), PsiElement(Py:INTEGER_LITERAL)]\",\"text\":\"np.r_[1\",\"position\":[4648,4654]},{\"psi\":\"[PsiElement(Py:IDENTIFIER), PsiElement(Py:DOT), PsiElement(Py:IDENTIFIER), PsiElement(Py:LBRACKET), PsiElement(Py:INTEGER_LITERAL)]\",\"text\":\"np.r_[1\",\"position\":[3500,3506]},{\"psi\":\"[PsiElement(Py:IDENTIFIER), PsiElement(Py:DOT), PsiElement(Py:IDENTIFIER), PsiElement(Py:LBRACKET), PsiElement(Py:INTEGER_LITERAL)]\",\"text\":\"np.r_[1\",\"position\":[5261,5267]},{\"psi\":\"[PsiElement(Py:IDENTIFIER), PsiElement(Py:DOT), PsiElement(Py:IDENTIFIER), PsiElement(Py:LBRACKET), PsiElement(Py:INTEGER_LITERAL)]\",\"text\":\"np.r_[1\",\"position\":[5700,5706]},{\"psi\":\"[PsiElement(Py:IDENTIFIER), PsiElement(Py:DOT), PsiElement(Py:IDENTIFIER), PsiElement(Py:LBRACKET), PsiElement(Py:INTEGER_LITERAL)]\",\"text\":\"np.r_[1\",\"position\":[4313,4319]},{\"psi\":\"[PsiElement(Py:IDENTIFIER), PsiElement(Py:DOT), PsiElement(Py:IDENTIFIER), PsiElement(Py:LBRACKET), PsiElement(Py:INTEGER_LITERAL)]\",\"text\":\"np.r_[1\",\"position\":[4671,4677]}]},{\"clone_length\":29,\"clones\":[{\"psi\":\"[PsiElement(Py:IDENTIFIER), PsiElement(Py:RPAR), PsiElement(Py:RPAR), PsiElement(Py:DOT), PsiElement(Py:IDENTIFIER), PsiElement(Py:LPAR), PsiElement(Py:IDENTIFIER), PsiElement(Py:EQ), PsiElement(Py:COMMA), PsiElement(Py:IDENTIFIER), PsiElement(Py:EQ), PsiElement(Py:RPAR), PsiElement(Py:IDENTIFIER), PsiElement(Py:EQ), PsiElement(Py:IDENTIFIER), PsiElement(Py:DOT), PsiElement(Py:IDENTIFIER), PsiElement(Py:IF_KEYWORD), PsiElement(Py:IDENTIFIER), PsiElement(Py:LT), PsiElement(Py:IDENTIFIER), PsiElement(Py:COLON), PsiElement(Py:IDENTIFIER), PsiElement(Py:EQ), PsiElement(Py:IDENTIFIER), PsiElement(Py:IDENTIFIER), PsiElement(Py:EQ), PsiElement(Py:LPAR), PsiElement(Py:IDENTIFIER)]\",\"text\":\"j)).fit(method\\u003d\\u0027mle\\u0027, trend\\u003d\\u0027nc\\u0027)\\n            tmp_aic \\u003d tmp_mdl.aic\\n            if tmp_aic \\u003c best_aic:\\n                best_aic \\u003d tmp_aic\\n                best_order \\u003d (i\",\"position\":[6006,6174]},{\"psi\":\"[PsiElement(Py:IDENTIFIER), PsiElement(Py:RPAR), PsiElement(Py:RPAR), PsiElement(Py:DOT), PsiElement(Py:IDENTIFIER), PsiElement(Py:LPAR), PsiElement(Py:IDENTIFIER), PsiElement(Py:EQ), PsiElement(Py:COMMA), PsiElement(Py:IDENTIFIER), PsiElement(Py:EQ), PsiElement(Py:RPAR), PsiElement(Py:IDENTIFIER), PsiElement(Py:EQ), PsiElement(Py:IDENTIFIER), PsiElement(Py:DOT), PsiElement(Py:IDENTIFIER), PsiElement(Py:IF_KEYWORD), PsiElement(Py:IDENTIFIER), PsiElement(Py:LT), PsiElement(Py:IDENTIFIER), PsiElement(Py:COLON), PsiElement(Py:IDENTIFIER), PsiElement(Py:EQ), PsiElement(Py:IDENTIFIER), PsiElement(Py:IDENTIFIER), PsiElement(Py:EQ), PsiElement(Py:LPAR), PsiElement(Py:IDENTIFIER)]\",\"text\":\"j)).fit(\\n                method\\u003d\\u0027mle\\u0027, trend\\u003d\\u0027nc\\u0027\\n            )\\n            tmp_aic \\u003d tmp_mdl.aic\\n            if tmp_aic \\u003c best_aic:\\n                best_aic \\u003d tmp_aic\\n                best_order \\u003d (i\",\"position\":[6636,6834]},{\"psi\":\"[PsiElement(Py:IDENTIFIER), PsiElement(Py:RPAR), PsiElement(Py:RPAR), PsiElement(Py:DOT), PsiElement(Py:IDENTIFIER), PsiElement(Py:LPAR), PsiElement(Py:IDENTIFIER), PsiElement(Py:EQ), PsiElement(Py:COMMA), PsiElement(Py:IDENTIFIER), PsiElement(Py:EQ), PsiElement(Py:COMMA), PsiElement(Py:RPAR), PsiElement(Py:IDENTIFIER), PsiElement(Py:EQ), PsiElement(Py:IDENTIFIER), PsiElement(Py:DOT), PsiElement(Py:IDENTIFIER), PsiElement(Py:IF_KEYWORD), PsiElement(Py:IDENTIFIER), PsiElement(Py:LT), PsiElement(Py:IDENTIFIER), PsiElement(Py:COLON), PsiElement(Py:IDENTIFIER), PsiElement(Py:EQ), PsiElement(Py:IDENTIFIER), PsiElement(Py:IDENTIFIER), PsiElement(Py:EQ), PsiElement(Py:LPAR), PsiElement(Py:IDENTIFIER)]\",\"text\":\"j)).fit(method\\u003d\\u0027mle\\u0027, trend\\u003d\\u0027nc\\u0027,)\\n                tmp_aic \\u003d tmp_mdl.aic\\n                if tmp_aic \\u003c best_aic:\\n                    best_aic \\u003d tmp_aic\\n                    best_order \\u003d (i\",\"position\":[7343,7528]}]},{\"clone_length\":16,\"clones\":[{\"psi\":\"[PsiElement(Py:IDENTIFIER), PsiElement(Py:RPAR), PsiElement(Py:IDENTIFIER), PsiElement(Py:EQ), PsiElement(Py:IDENTIFIER), PsiElement(Py:EXCEPT_KEYWORD), PsiElement(Py:COLON), PsiElement(Py:CONTINUE_KEYWORD), PsiElement(Py:IDENTIFIER), PsiElement(Py:LPAR), PsiElement(Py:DOT), PsiElement(Py:IDENTIFIER), PsiElement(Py:LPAR), PsiElement(Py:IDENTIFIER), PsiElement(Py:COMMA), PsiElement(Py:IDENTIFIER)]\",\"text\":\"j)\\n                best_mdl \\u003d tmp_mdl\\n        except: continue\\np(\\u0027aic: {:6.5f} | order: {}\\u0027.format(best_aic, best_order\",\"position\":[6177,6286]},{\"psi\":\"[PsiElement(Py:IDENTIFIER), PsiElement(Py:RPAR), PsiElement(Py:IDENTIFIER), PsiElement(Py:EQ), PsiElement(Py:IDENTIFIER), PsiElement(Py:EXCEPT_KEYWORD), PsiElement(Py:COLON), PsiElement(Py:CONTINUE_KEYWORD), PsiElement(Py:IDENTIFIER), PsiElement(Py:LPAR), PsiElement(Py:DOT), PsiElement(Py:IDENTIFIER), PsiElement(Py:LPAR), PsiElement(Py:IDENTIFIER), PsiElement(Py:COMMA), PsiElement(Py:IDENTIFIER)]\",\"text\":\"j)\\n                best_mdl \\u003d tmp_mdl\\n        except: continue\\np(\\u0027aic: {:6.5f} | order: {}\\u0027.format(best_aic, best_order\",\"position\":[6837,6946]},{\"psi\":\"[PsiElement(Py:IDENTIFIER), PsiElement(Py:RPAR), PsiElement(Py:IDENTIFIER), PsiElement(Py:EQ), PsiElement(Py:IDENTIFIER), PsiElement(Py:EXCEPT_KEYWORD), PsiElement(Py:COLON), PsiElement(Py:CONTINUE_KEYWORD), PsiElement(Py:IDENTIFIER), PsiElement(Py:LPAR), PsiElement(Py:DOT), PsiElement(Py:IDENTIFIER), PsiElement(Py:LPAR), PsiElement(Py:IDENTIFIER), PsiElement(Py:COMMA), PsiElement(Py:IDENTIFIER)]\",\"text\":\"j)\\n                    best_mdl \\u003d tmp_mdl\\n            except: continue\\n\\n\\np(\\u0027aic: {:6.5f} | order: {}\\u0027.format(best_aic, best_order\",\"position\":[7534,7653]}]},{\"clone_length\":17,\"clones\":[{\"psi\":\"[PsiElement(Py:IDENTIFIER), PsiElement(Py:LPAR), PsiElement(Py:IDENTIFIER), PsiElement(Py:DOT), PsiElement(Py:IDENTIFIER), PsiElement(Py:LPAR), PsiElement(Py:RPAR), PsiElement(Py:RPAR), PsiElement(Py:IDENTIFIER), PsiElement(Py:LPAR), PsiElement(Py:IDENTIFIER), PsiElement(Py:DOT), PsiElement(Py:IDENTIFIER), PsiElement(Py:COMMA), PsiElement(Py:IDENTIFIER), PsiElement(Py:EQ), PsiElement(Py:IDENTIFIER)]\",\"text\":\"p(mdl.summary())\\ntsplot(mdl.resid, lags\\u003dmax_lag\",\"position\":[5042,5082]},{\"psi\":\"[PsiElement(Py:IDENTIFIER), PsiElement(Py:LPAR), PsiElement(Py:IDENTIFIER), PsiElement(Py:DOT), PsiElement(Py:IDENTIFIER), PsiElement(Py:LPAR), PsiElement(Py:RPAR), PsiElement(Py:RPAR), PsiElement(Py:IDENTIFIER), PsiElement(Py:LPAR), PsiElement(Py:IDENTIFIER), PsiElement(Py:DOT), PsiElement(Py:IDENTIFIER), PsiElement(Py:COMMA), PsiElement(Py:IDENTIFIER), PsiElement(Py:EQ), PsiElement(Py:IDENTIFIER)]\",\"text\":\"p(mdl.summary())\\ntsplot(mdl.resid, lags\\u003dmax_lag\",\"position\":[5479,5519]}]},{\"clone_length\":10,\"clones\":[{\"psi\":\"[PsiElement(Py:IDENTIFIER), PsiElement(Py:EQ), PsiElement(Py:INTEGER_LITERAL), PsiElement(Py:IDENTIFIER), PsiElement(Py:EQ), PsiElement(Py:IDENTIFIER), PsiElement(Py:DOT), PsiElement(Py:IDENTIFIER), PsiElement(Py:LPAR), PsiElement(Py:LBRACKET)]\",\"text\":\"n\\u003d1000\\nalphas\\u003dnp.array([\",\"position\":[3416,3439]},{\"psi\":\"[PsiElement(Py:IDENTIFIER), PsiElement(Py:EQ), PsiElement(Py:INTEGER_LITERAL), PsiElement(Py:IDENTIFIER), PsiElement(Py:EQ), PsiElement(Py:IDENTIFIER), PsiElement(Py:DOT), PsiElement(Py:IDENTIFIER), PsiElement(Py:LPAR), PsiElement(Py:LBRACKET)]\",\"text\":\"n\\u003d1000\\nalphas\\u003dnp.array([\",\"position\":[4240,4263]}]},{\"clone_length\":4,\"clones\":[{\"psi\":\"[PsiElement(Py:IDENTIFIER), PsiElement(Py:EQ), PsiElement(Py:IDENTIFIER), PsiElement(Py:LPAR)]\",\"text\":\"n \\u003d int(\",\"position\":[4571,4578]},{\"psi\":\"[PsiElement(Py:IDENTIFIER), PsiElement(Py:EQ), PsiElement(Py:IDENTIFIER), PsiElement(Py:LPAR)]\",\"text\":\"n \\u003d int(\",\"position\":[5579,5586]}]},{\"clone_length\":18,\"clones\":[{\"psi\":\"[PsiElement(Py:IDENTIFIER), PsiElement(Py:LBRACKET), PsiElement(Py:IDENTIFIER), PsiElement(Py:MINUS), PsiElement(Py:INTEGER_LITERAL), PsiElement(Py:RBRACKET), PsiElement(Py:PLUS), PsiElement(Py:IDENTIFIER), PsiElement(Py:LBRACKET), PsiElement(Py:IDENTIFIER), PsiElement(Py:RBRACKET), PsiElement(Py:IDENTIFIER), PsiElement(Py:LPAR), PsiElement(Py:IDENTIFIER), PsiElement(Py:COMMA), PsiElement(Py:IDENTIFIER), PsiElement(Py:EQ), PsiElement(Py:INTEGER_LITERAL)]\",\"text\":\"x[t-1]+w[t]\\ntsplot(x,lags\\u003d30\",\"position\":[2260,2286]},{\"psi\":\"[PsiElement(Py:IDENTIFIER), PsiElement(Py:LBRACKET), PsiElement(Py:IDENTIFIER), PsiElement(Py:MINUS), PsiElement(Py:INTEGER_LITERAL), PsiElement(Py:RBRACKET), PsiElement(Py:PLUS), PsiElement(Py:IDENTIFIER), PsiElement(Py:LBRACKET), PsiElement(Py:IDENTIFIER), PsiElement(Py:RBRACKET), PsiElement(Py:IDENTIFIER), PsiElement(Py:LPAR), PsiElement(Py:IDENTIFIER), PsiElement(Py:COMMA), PsiElement(Py:IDENTIFIER), PsiElement(Py:EQ), PsiElement(Py:INTEGER_LITERAL)]\",\"text\":\"x[t-1]+w[t]\\ntsplot(x,lags\\u003d30\",\"position\":[3074,3100]}]},{\"clone_length\":25,\"clones\":[{\"psi\":\"[PsiElement(Py:IDENTIFIER), PsiElement(Py:EQ), PsiElement(Py:IDENTIFIER), PsiElement(Py:EQ), PsiElement(Py:IDENTIFIER), PsiElement(Py:DOT), PsiElement(Py:IDENTIFIER), PsiElement(Py:DOT), PsiElement(Py:IDENTIFIER), PsiElement(Py:LPAR), PsiElement(Py:IDENTIFIER), PsiElement(Py:EQ), PsiElement(Py:IDENTIFIER), PsiElement(Py:RPAR), PsiElement(Py:FOR_KEYWORD), PsiElement(Py:IDENTIFIER), PsiElement(Py:IN_KEYWORD), PsiElement(Py:IDENTIFIER), PsiElement(Py:LPAR), PsiElement(Py:IDENTIFIER), PsiElement(Py:RPAR), PsiElement(Py:COLON), PsiElement(Py:IDENTIFIER), PsiElement(Py:LBRACKET), PsiElement(Py:IDENTIFIER)]\",\"text\":\"x\\u003dw\\u003dnp.random.normal(size\\u003dn_samples)\\nfor t in range(n_samples):\\n    x[t\",\"position\":[2187,2257]},{\"psi\":\"[PsiElement(Py:IDENTIFIER), PsiElement(Py:EQ), PsiElement(Py:IDENTIFIER), PsiElement(Py:EQ), PsiElement(Py:IDENTIFIER), PsiElement(Py:DOT), PsiElement(Py:IDENTIFIER), PsiElement(Py:DOT), PsiElement(Py:IDENTIFIER), PsiElement(Py:LPAR), PsiElement(Py:IDENTIFIER), PsiElement(Py:EQ), PsiElement(Py:IDENTIFIER), PsiElement(Py:RPAR), PsiElement(Py:FOR_KEYWORD), PsiElement(Py:IDENTIFIER), PsiElement(Py:IN_KEYWORD), PsiElement(Py:IDENTIFIER), PsiElement(Py:LPAR), PsiElement(Py:IDENTIFIER), PsiElement(Py:RPAR), PsiElement(Py:COLON), PsiElement(Py:IDENTIFIER), PsiElement(Py:LBRACKET), PsiElement(Py:IDENTIFIER)]\",\"text\":\"x\\u003dw\\u003dnp.random.normal(size\\u003dn_samples)\\nfor t in range(n_samples):\\n    x[t\",\"position\":[2999,3069]}]},{\"clone_length\":6,\"clones\":[{\"psi\":\"[PsiElement(Py:IDENTIFIER), PsiElement(Py:LBRACKET), PsiElement(Py:IDENTIFIER), PsiElement(Py:RBRACKET), PsiElement(Py:IDENTIFIER), PsiElement(Py:LPAR)]\",\"text\":\"w[t]\\ntsplot(\",\"position\":[2524,2535]},{\"psi\":\"[PsiElement(Py:IDENTIFIER), PsiElement(Py:LBRACKET), PsiElement(Py:IDENTIFIER), PsiElement(Py:RBRACKET), PsiElement(Py:IDENTIFIER), PsiElement(Py:LPAR)]\",\"text\":\"w[t]\\ntsplot(\",\"position\":[2267,2278]},{\"psi\":\"[PsiElement(Py:IDENTIFIER), PsiElement(Py:LBRACKET), PsiElement(Py:IDENTIFIER), PsiElement(Py:RBRACKET), PsiElement(Py:IDENTIFIER), PsiElement(Py:LPAR)]\",\"text\":\"w[t]\\ntsplot(\",\"position\":[3081,3092]}]},{\"clone_length\":8,\"clones\":[{\"psi\":\"[PsiElement(Py:IDENTIFIER), PsiElement(Py:EQ), PsiElement(Py:IDENTIFIER), PsiElement(Py:DOT), PsiElement(Py:IDENTIFIER), PsiElement(Py:DOT), PsiElement(Py:IDENTIFIER), PsiElement(Py:LPAR)]\",\"text\":\"w\\u003dnp.random.randn(\",\"position\":[2428,2445]},{\"psi\":\"[PsiElement(Py:IDENTIFIER), PsiElement(Py:EQ), PsiElement(Py:IDENTIFIER), PsiElement(Py:DOT), PsiElement(Py:IDENTIFIER), PsiElement(Py:DOT), PsiElement(Py:IDENTIFIER), PsiElement(Py:LPAR)]\",\"text\":\"w\\u003dnp.random.normal(\",\"position\":[2189,2207]},{\"psi\":\"[PsiElement(Py:IDENTIFIER), PsiElement(Py:EQ), PsiElement(Py:IDENTIFIER), PsiElement(Py:DOT), PsiElement(Py:IDENTIFIER), PsiElement(Py:DOT), PsiElement(Py:IDENTIFIER), PsiElement(Py:LPAR)]\",\"text\":\"w\\u003dnp.random.normal(\",\"position\":[3001,3019]}]},{\"clone_length\":1,\"clones\":[{\"psi\":\"[PsiElement(Py:IDENTIFIER)]\",\"text\":\"y\",\"position\":[1610,1610]},{\"psi\":\"[PsiElement(Py:IDENTIFIER)]\",\"text\":\"y\",\"position\":[1943,1943]},{\"psi\":\"[PsiElement(Py:IDENTIFIER)]\",\"text\":\"y\",\"position\":[2511,2511]}]},{\"clone_length\":4,\"clones\":[{\"psi\":\"[PsiElement(Py:IDENTIFIER), PsiElement(Py:DOT), PsiElement(Py:IDENTIFIER), PsiElement(Py:LPAR)]\",\"text\":\"y.plot(\",\"position\":[1610,1616]},{\"psi\":\"[PsiElement(Py:IDENTIFIER), PsiElement(Py:DOT), PsiElement(Py:IDENTIFIER), PsiElement(Py:LPAR)]\",\"text\":\"y.mean(\",\"position\":[1943,1949]}]},{\"clone_length\":1,\"clones\":[{\"psi\":\"[PsiElement(Py:IDENTIFIER)]\",\"text\":\"df\",\"position\":[2769,2769]},{\"psi\":\"[PsiElement(Py:IDENTIFIER)]\",\"text\":\"df\",\"position\":[2769,2769]}]},{\"clone_length\":7,\"clones\":[{\"psi\":\"[PsiElement(Py:IDENTIFIER), PsiElement(Py:EQ), PsiElement(Py:COMMA), PsiElement(Py:IDENTIFIER), PsiElement(Py:EQ), PsiElement(Py:RPAR), PsiElement(Py:IDENTIFIER)]\",\"text\":\"ic\\u003d\\u0027aic\\u0027, trend\\u003d\\u0027nc\\u0027)\\ntrue_order\",\"position\":[3234,3256]},{\"psi\":\"[PsiElement(Py:IDENTIFIER), PsiElement(Py:EQ), PsiElement(Py:COMMA), PsiElement(Py:IDENTIFIER), PsiElement(Py:EQ), PsiElement(Py:RPAR), PsiElement(Py:IDENTIFIER)]\",\"text\":\"ic\\u003d\\u0027aic\\u0027, trend\\u003d\\u0027nc\\u0027)\\n\\ntrue_order\",\"position\":[3745,3768]}]},{\"clone_length\":4,\"clones\":[{\"psi\":\"[PsiElement(Py:IDENTIFIER), PsiElement(Py:DOT), PsiElement(Py:IDENTIFIER), PsiElement(Py:LPAR)]\",\"text\":\"ts.set_token(\",\"position\":[461,473]},{\"psi\":\"[PsiElement(Py:IDENTIFIER), PsiElement(Py:DOT), PsiElement(Py:IDENTIFIER), PsiElement(Py:LPAR)]\",\"text\":\"ts.plot(\",\"position\":[8398,8405]}]},{\"clone_length\":2,\"clones\":[{\"psi\":\"[PsiElement(Py:IDENTIFIER), PsiElement(Py:IDENTIFIER)]\",\"text\":\"ts\\nts\",\"position\":[458,461]},{\"psi\":\"[PsiElement(Py:IDENTIFIER)]\",\"text\":\"ts\",\"position\":[8465,8465]}]},{\"clone_length\":5,\"clones\":[{\"psi\":\"[PsiElement(Py:IDENTIFIER), PsiElement(Py:DOT), PsiElement(Py:IDENTIFIER), PsiElement(Py:LPAR), PsiElement(Py:IDENTIFIER)]\",\"text\":\"tp.index_daily(ts_code\",\"position\":[607,622]},{\"psi\":\"[PsiElement(Py:IDENTIFIER), PsiElement(Py:DOT), PsiElement(Py:IDENTIFIER), PsiElement(Py:LPAR), PsiElement(Py:IDENTIFIER)]\",\"text\":\"tp.index_daily(ts_code\",\"position\":[830,845]}]},{\"clone_length\":8,\"clones\":[{\"psi\":\"[PsiElement(Py:IDENTIFIER), PsiElement(Py:DOT), PsiElement(Py:IDENTIFIER), PsiElement(Py:LPAR), PsiElement(Py:IDENTIFIER), PsiElement(Py:DOT), PsiElement(Py:IDENTIFIER), PsiElement(Py:LPAR)]\",\"text\":\"pd.Series(np.log(\",\"position\":[2872,2888]},{\"psi\":\"[PsiElement(Py:IDENTIFIER), PsiElement(Py:DOT), PsiElement(Py:IDENTIFIER), PsiElement(Py:LPAR), PsiElement(Py:IDENTIFIER), PsiElement(Py:DOT), PsiElement(Py:IDENTIFIER), PsiElement(Py:LPAR)]\",\"text\":\"pd.DataFrame(np.column_stack(\",\"position\":[7967,7995]},{\"psi\":\"[PsiElement(Py:IDENTIFIER), PsiElement(Py:DOT), PsiElement(Py:IDENTIFIER), PsiElement(Py:LPAR), PsiElement(Py:IDENTIFIER), PsiElement(Py:DOT), PsiElement(Py:IDENTIFIER), PsiElement(Py:LPAR)]\",\"text\":\"pd.DataFrame(np.column_stack(\",\"position\":[8101,8129]}]},{\"clone_length\":9,\"clones\":[{\"psi\":\"[PsiElement(Py:IDENTIFIER), PsiElement(Py:DOT), PsiElement(Py:IDENTIFIER), PsiElement(Py:LPAR), PsiElement(Py:IDENTIFIER), PsiElement(Py:DOT), PsiElement(Py:IDENTIFIER), PsiElement(Py:LPAR), PsiElement(Py:LBRACKET)]\",\"text\":\"pd.DataFrame(np.column_stack([\",\"position\":[7967,7996]},{\"psi\":\"[PsiElement(Py:IDENTIFIER), PsiElement(Py:DOT), PsiElement(Py:IDENTIFIER), PsiElement(Py:LPAR), PsiElement(Py:IDENTIFIER), PsiElement(Py:DOT), PsiElement(Py:IDENTIFIER), PsiElement(Py:LPAR), PsiElement(Py:LBRACKET)]\",\"text\":\"pd.DataFrame(np.column_stack([\",\"position\":[8101,8130]}]},{\"clone_length\":5,\"clones\":[{\"psi\":\"[PsiElement(Py:IDENTIFIER), PsiElement(Py:DOT), PsiElement(Py:IDENTIFIER), PsiElement(Py:LPAR), PsiElement(Py:IDENTIFIER)]\",\"text\":\"pd.DataFrame(data\",\"position\":[744,757]},{\"psi\":\"[PsiElement(Py:IDENTIFIER), PsiElement(Py:DOT), PsiElement(Py:IDENTIFIER), PsiElement(Py:LPAR), PsiElement(Py:IDENTIFIER)]\",\"text\":\"pd.date_range(data\",\"position\":[7902,7916]}]},{\"clone_length\":1,\"clones\":[{\"psi\":\"[PsiElement(Py:IDENTIFIER)]\",\"text\":\"pd\",\"position\":[2872,2872]},{\"psi\":\"[PsiElement(Py:IDENTIFIER)]\",\"text\":\"pd\",\"position\":[2872,2872]}]},{\"clone_length\":5,\"clones\":[{\"psi\":\"[PsiElement(Py:FOR_KEYWORD), PsiElement(Py:IDENTIFIER), PsiElement(Py:IN_KEYWORD), PsiElement(Py:IDENTIFIER), PsiElement(Py:LPAR)]\",\"text\":\"for t in range(\",\"position\":[2483,2497]},{\"psi\":\"[PsiElement(Py:FOR_KEYWORD), PsiElement(Py:IDENTIFIER), PsiElement(Py:IN_KEYWORD), PsiElement(Py:IDENTIFIER), PsiElement(Py:LPAR)]\",\"text\":\"for t in range(\",\"position\":[2224,2238]},{\"psi\":\"[PsiElement(Py:FOR_KEYWORD), PsiElement(Py:IDENTIFIER), PsiElement(Py:IN_KEYWORD), PsiElement(Py:IDENTIFIER), PsiElement(Py:LPAR)]\",\"text\":\"for t in range(\",\"position\":[3036,3050]}]},{\"clone_length\":2,\"clones\":[{\"psi\":\"[PsiElement(Py:FOR_KEYWORD), PsiElement(Py:IDENTIFIER)]\",\"text\":\"for j\",\"position\":[5930,5934]},{\"psi\":\"[PsiElement(Py:FOR_KEYWORD), PsiElement(Py:IDENTIFIER)]\",\"text\":\"for j\",\"position\":[6555,6559]},{\"psi\":\"[PsiElement(Py:FOR_KEYWORD), PsiElement(Py:IDENTIFIER)]\",\"text\":\"for j\",\"position\":[7249,7253]}]},{\"clone_length\":7,\"clones\":[{\"psi\":\"[PsiElement(Py:IDENTIFIER), PsiElement(Py:EQ), PsiElement(Py:IDENTIFIER), PsiElement(Py:DOT), PsiElement(Py:IDENTIFIER), PsiElement(Py:LPAR), PsiElement(Py:IDENTIFIER)]\",\"text\":\"fig \\u003d plt.figure(figsize\",\"position\":[1276,1293]},{\"psi\":\"[PsiElement(Py:IDENTIFIER), PsiElement(Py:EQ), PsiElement(Py:IDENTIFIER), PsiElement(Py:DOT), PsiElement(Py:IDENTIFIER), PsiElement(Py:LPAR), PsiElement(Py:IDENTIFIER)]\",\"text\":\"fig \\u003d plt.figure(figsize\",\"position\":[8315,8332]}]},{\"clone_length\":6,\"clones\":[{\"psi\":\"[PsiElement(Py:IDENTIFIER), PsiElement(Py:EQ), PsiElement(Py:IDENTIFIER), PsiElement(Py:DOT), PsiElement(Py:IDENTIFIER), PsiElement(Py:LPAR)]\",\"text\":\"idx\\u003dpd.date_range(\",\"position\":[2572,2589]},{\"psi\":\"[PsiElement(Py:IDENTIFIER), PsiElement(Py:EQ), PsiElement(Py:IDENTIFIER), PsiElement(Py:DOT), PsiElement(Py:IDENTIFIER), PsiElement(Py:LPAR)]\",\"text\":\"idx \\u003d pd.date_range(\",\"position\":[7896,7915]}]},{\"clone_length\":20,\"clones\":[{\"psi\":\"[PsiElement(Py:IDENTIFIER), PsiElement(Py:DOT), PsiElement(Py:IDENTIFIER), PsiElement(Py:LPAR), PsiElement(Py:IDENTIFIER), PsiElement(Py:DOT), PsiElement(Py:IDENTIFIER), PsiElement(Py:COMMA), PsiElement(Py:IDENTIFIER), PsiElement(Py:DOT), PsiElement(Py:IDENTIFIER), PsiElement(Py:COMMA), PsiElement(Py:IDENTIFIER), PsiElement(Py:DOT), PsiElement(Py:IDENTIFIER), PsiElement(Py:COMMA), PsiElement(Py:IDENTIFIER), PsiElement(Py:EQ), PsiElement(Py:COMMA), PsiElement(Py:IDENTIFIER)]\",\"text\":\"plt.fill_between(fc_all.index, fc_all.lower_ci_95, fc_all.upper_ci_95, color\\u003d\\u0027gray\\u0027, alpha\",\"position\":[8629,8714]},{\"psi\":\"[PsiElement(Py:IDENTIFIER), PsiElement(Py:DOT), PsiElement(Py:IDENTIFIER), PsiElement(Py:LPAR), PsiElement(Py:IDENTIFIER), PsiElement(Py:DOT), PsiElement(Py:IDENTIFIER), PsiElement(Py:COMMA), PsiElement(Py:IDENTIFIER), PsiElement(Py:DOT), PsiElement(Py:IDENTIFIER), PsiElement(Py:COMMA), PsiElement(Py:IDENTIFIER), PsiElement(Py:DOT), PsiElement(Py:IDENTIFIER), PsiElement(Py:COMMA), PsiElement(Py:IDENTIFIER), PsiElement(Py:EQ), PsiElement(Py:COMMA), PsiElement(Py:IDENTIFIER)]\",\"text\":\"plt.fill_between(fc_all.index, fc_all.lower_ci_99, fc_all.upper_ci_99, color\\u003d\\u0027gray\\u0027, alpha\",\"position\":[8725,8810]}]},{\"clone_length\":7,\"clones\":[{\"psi\":\"[PsiElement(Py:IDENTIFIER), PsiElement(Py:DOT), PsiElement(Py:IDENTIFIER), PsiElement(Py:LPAR), PsiElement(Py:IDENTIFIER), PsiElement(Py:COMMA), PsiElement(Py:LPAR)]\",\"text\":\"plt.subplot2grid(layout, (\",\"position\":[1350,1375]},{\"psi\":\"[PsiElement(Py:IDENTIFIER), PsiElement(Py:DOT), PsiElement(Py:IDENTIFIER), PsiElement(Py:LPAR), PsiElement(Py:IDENTIFIER), PsiElement(Py:COMMA), PsiElement(Py:LPAR)]\",\"text\":\"plt.subplot2grid(layout, (\",\"position\":[1411,1436]},{\"psi\":\"[PsiElement(Py:IDENTIFIER), PsiElement(Py:DOT), PsiElement(Py:IDENTIFIER), PsiElement(Py:LPAR), PsiElement(Py:IDENTIFIER), PsiElement(Py:COMMA), PsiElement(Py:LPAR)]\",\"text\":\"plt.subplot2grid(layout, (\",\"position\":[1462,1487]},{\"psi\":\"[PsiElement(Py:IDENTIFIER), PsiElement(Py:DOT), PsiElement(Py:IDENTIFIER), PsiElement(Py:LPAR), PsiElement(Py:IDENTIFIER), PsiElement(Py:COMMA), PsiElement(Py:LPAR)]\",\"text\":\"plt.subplot2grid(layout, (\",\"position\":[1511,1536]},{\"psi\":\"[PsiElement(Py:IDENTIFIER), PsiElement(Py:DOT), PsiElement(Py:IDENTIFIER), PsiElement(Py:LPAR), PsiElement(Py:IDENTIFIER), PsiElement(Py:COMMA), PsiElement(Py:LPAR)]\",\"text\":\"plt.subplot2grid(layout, (\",\"position\":[1560,1585]}]},{\"clone_length\":8,\"clones\":[{\"psi\":\"[PsiElement(Py:IDENTIFIER), PsiElement(Py:DOT), PsiElement(Py:IDENTIFIER), PsiElement(Py:LPAR), PsiElement(Py:IDENTIFIER), PsiElement(Py:COMMA), PsiElement(Py:LPAR), PsiElement(Py:INTEGER_LITERAL)]\",\"text\":\"plt.subplot2grid(layout, (1\",\"position\":[1411,1437]},{\"psi\":\"[PsiElement(Py:IDENTIFIER), PsiElement(Py:DOT), PsiElement(Py:IDENTIFIER), PsiElement(Py:LPAR), PsiElement(Py:IDENTIFIER), PsiElement(Py:COMMA), PsiElement(Py:LPAR), PsiElement(Py:INTEGER_LITERAL)]\",\"text\":\"plt.subplot2grid(layout, (1\",\"position\":[1462,1488]}]},{\"clone_length\":8,\"clones\":[{\"psi\":\"[PsiElement(Py:IDENTIFIER), PsiElement(Py:DOT), PsiElement(Py:IDENTIFIER), PsiElement(Py:LPAR), PsiElement(Py:IDENTIFIER), PsiElement(Py:COMMA), PsiElement(Py:LPAR), PsiElement(Py:INTEGER_LITERAL)]\",\"text\":\"plt.subplot2grid(layout, (2\",\"position\":[1511,1537]},{\"psi\":\"[PsiElement(Py:IDENTIFIER), PsiElement(Py:DOT), PsiElement(Py:IDENTIFIER), PsiElement(Py:LPAR), PsiElement(Py:IDENTIFIER), PsiElement(Py:COMMA), PsiElement(Py:LPAR), PsiElement(Py:INTEGER_LITERAL)]\",\"text\":\"plt.subplot2grid(layout, (2\",\"position\":[1560,1586]}]},{\"clone_length\":16,\"clones\":[{\"psi\":\"[PsiElement(Py:TRY_KEYWORD), PsiElement(Py:COLON), PsiElement(Py:IDENTIFIER), PsiElement(Py:EQ), PsiElement(Py:IDENTIFIER), PsiElement(Py:DOT), PsiElement(Py:IDENTIFIER), PsiElement(Py:LPAR), PsiElement(Py:IDENTIFIER), PsiElement(Py:DOT), PsiElement(Py:IDENTIFIER), PsiElement(Py:COMMA), PsiElement(Py:IDENTIFIER), PsiElement(Py:EQ), PsiElement(Py:LPAR), PsiElement(Py:IDENTIFIER)]\",\"text\":\"try:\\n            tmp_mdl \\u003d smt.ARMA(lrets.hs300, order\\u003d(i\",\"position\":[6577,6633]},{\"psi\":\"[PsiElement(Py:TRY_KEYWORD), PsiElement(Py:COLON), PsiElement(Py:IDENTIFIER), PsiElement(Py:EQ), PsiElement(Py:IDENTIFIER), PsiElement(Py:DOT), PsiElement(Py:IDENTIFIER), PsiElement(Py:LPAR), PsiElement(Py:IDENTIFIER), PsiElement(Py:DOT), PsiElement(Py:IDENTIFIER), PsiElement(Py:COMMA), PsiElement(Py:IDENTIFIER), PsiElement(Py:EQ), PsiElement(Py:LPAR), PsiElement(Py:IDENTIFIER)]\",\"text\":\"try:\\n                tmp_mdl \\u003d smt.ARIMA(lrets.hs300, order\\u003d(i\",\"position\":[7278,7339]}]},{\"clone_length\":1,\"clones\":[{\"psi\":\"[PsiElement(Py:IDENTIFIER)]\",\"text\":\"smt\",\"position\":[3638,3638]},{\"psi\":\"[PsiElement(Py:IDENTIFIER)]\",\"text\":\"smt\",\"position\":[3704,3704]},{\"psi\":\"[PsiElement(Py:IDENTIFIER)]\",\"text\":\"smt\",\"position\":[3135,3135]},{\"psi\":\"[PsiElement(Py:IDENTIFIER)]\",\"text\":\"smt\",\"position\":[3200,3200]},{\"psi\":\"[PsiElement(Py:IDENTIFIER)]\",\"text\":\"smt\",\"position\":[4965,4965]},{\"psi\":\"[PsiElement(Py:IDENTIFIER)]\",\"text\":\"smt\",\"position\":[5384,5384]},{\"psi\":\"[PsiElement(Py:IDENTIFIER)]\",\"text\":\"smt\",\"position\":[5979,5979]},{\"psi\":\"[PsiElement(Py:IDENTIFIER)]\",\"text\":\"smt\",\"position\":[1669,1669]},{\"psi\":\"[PsiElement(Py:IDENTIFIER)]\",\"text\":\"smt\",\"position\":[1750,1750]},{\"psi\":\"[PsiElement(Py:IDENTIFIER)]\",\"text\":\"smt\",\"position\":[4037,4037]},{\"psi\":\"[PsiElement(Py:IDENTIFIER)]\",\"text\":\"smt\",\"position\":[4111,4111]},{\"psi\":\"[PsiElement(Py:IDENTIFIER)]\",\"text\":\"smt\",\"position\":[6604,6604]},{\"psi\":\"[PsiElement(Py:IDENTIFIER)]\",\"text\":\"smt\",\"position\":[7309,7309]},{\"psi\":\"[PsiElement(Py:IDENTIFIER)]\",\"text\":\"smt\",\"position\":[4450,4450]},{\"psi\":\"[PsiElement(Py:IDENTIFIER)]\",\"text\":\"smt\",\"position\":[4809,4809]},{\"psi\":\"[PsiElement(Py:IDENTIFIER)]\",\"text\":\"smt\",\"position\":[3638,3638]},{\"psi\":\"[PsiElement(Py:IDENTIFIER)]\",\"text\":\"smt\",\"position\":[3704,3704]},{\"psi\":\"[PsiElement(Py:IDENTIFIER)]\",\"text\":\"smt\",\"position\":[3135,3135]},{\"psi\":\"[PsiElement(Py:IDENTIFIER)]\",\"text\":\"smt\",\"position\":[3200,3200]},{\"psi\":\"[PsiElement(Py:IDENTIFIER)]\",\"text\":\"smt\",\"position\":[4965,4965]},{\"psi\":\"[PsiElement(Py:IDENTIFIER)]\",\"text\":\"smt\",\"position\":[5384,5384]},{\"psi\":\"[PsiElement(Py:IDENTIFIER)]\",\"text\":\"smt\",\"position\":[5979,5979]},{\"psi\":\"[PsiElement(Py:IDENTIFIER)]\",\"text\":\"smt\",\"position\":[1669,1669]},{\"psi\":\"[PsiElement(Py:IDENTIFIER)]\",\"text\":\"smt\",\"position\":[1750,1750]},{\"psi\":\"[PsiElement(Py:IDENTIFIER)]\",\"text\":\"smt\",\"position\":[4037,4037]},{\"psi\":\"[PsiElement(Py:IDENTIFIER)]\",\"text\":\"smt\",\"position\":[4111,4111]},{\"psi\":\"[PsiElement(Py:IDENTIFIER)]\",\"text\":\"smt\",\"position\":[6604,6604]},{\"psi\":\"[PsiElement(Py:IDENTIFIER)]\",\"text\":\"smt\",\"position\":[7309,7309]},{\"psi\":\"[PsiElement(Py:IDENTIFIER)]\",\"text\":\"smt\",\"position\":[4450,4450]},{\"psi\":\"[PsiElement(Py:IDENTIFIER)]\",\"text\":\"smt\",\"position\":[4809,4809]}]},{\"clone_length\":18,\"clones\":[{\"psi\":\"[PsiElement(Py:IDENTIFIER), PsiElement(Py:DOT), PsiElement(Py:IDENTIFIER), PsiElement(Py:LPAR), PsiElement(Py:IDENTIFIER), PsiElement(Py:RPAR), PsiElement(Py:DOT), PsiElement(Py:IDENTIFIER), PsiElement(Py:LPAR), PsiElement(Py:IDENTIFIER), PsiElement(Py:EQ), PsiElement(Py:IDENTIFIER), PsiElement(Py:COMMA), PsiElement(Py:IDENTIFIER), PsiElement(Py:EQ), PsiElement(Py:COMMA), PsiElement(Py:IDENTIFIER), PsiElement(Py:EQ)]\",\"text\":\"smt.AR(ar2).fit(maxlag\\u003dmax_lag, ic\\u003d\\u0027aic\\u0027, trend\\u003d\\u0027nc\\u0027\",\"position\":[3638,3685]},{\"psi\":\"[PsiElement(Py:IDENTIFIER), PsiElement(Py:DOT), PsiElement(Py:IDENTIFIER), PsiElement(Py:LPAR), PsiElement(Py:IDENTIFIER), PsiElement(Py:RPAR), PsiElement(Py:DOT), PsiElement(Py:IDENTIFIER), PsiElement(Py:LPAR), PsiElement(Py:IDENTIFIER), PsiElement(Py:EQ), PsiElement(Py:IDENTIFIER), PsiElement(Py:COMMA), PsiElement(Py:IDENTIFIER), PsiElement(Py:EQ), PsiElement(Py:COMMA), PsiElement(Py:IDENTIFIER), PsiElement(Py:EQ)]\",\"text\":\"smt.AR(ar2).select_order(maxlag\\u003dmax_lag, ic\\u003d\\u0027aic\\u0027, trend\\u003d\\u0027nc\\u0027\",\"position\":[3704,3760]}]},{\"clone_length\":18,\"clones\":[{\"psi\":\"[PsiElement(Py:IDENTIFIER), PsiElement(Py:DOT), PsiElement(Py:IDENTIFIER), PsiElement(Py:LPAR), PsiElement(Py:IDENTIFIER), PsiElement(Py:RPAR), PsiElement(Py:DOT), PsiElement(Py:IDENTIFIER), PsiElement(Py:LPAR), PsiElement(Py:IDENTIFIER), PsiElement(Py:EQ), PsiElement(Py:INTEGER_LITERAL), PsiElement(Py:COMMA), PsiElement(Py:IDENTIFIER), PsiElement(Py:EQ), PsiElement(Py:COMMA), PsiElement(Py:IDENTIFIER), PsiElement(Py:EQ)]\",\"text\":\"smt.AR(x).fit(maxlag\\u003d30, ic\\u003d\\u0027aic\\u0027, trend\\u003d\\u0027nc\\u0027\",\"position\":[3135,3175]},{\"psi\":\"[PsiElement(Py:IDENTIFIER), PsiElement(Py:DOT), PsiElement(Py:IDENTIFIER), PsiElement(Py:LPAR), PsiElement(Py:IDENTIFIER), PsiElement(Py:RPAR), PsiElement(Py:DOT), PsiElement(Py:IDENTIFIER), PsiElement(Py:LPAR), PsiElement(Py:IDENTIFIER), PsiElement(Py:EQ), PsiElement(Py:INTEGER_LITERAL), PsiElement(Py:COMMA), PsiElement(Py:IDENTIFIER), PsiElement(Py:EQ), PsiElement(Py:COMMA), PsiElement(Py:IDENTIFIER), PsiElement(Py:EQ)]\",\"text\":\"smt.AR(x).select_order(maxlag\\u003d30, ic\\u003d\\u0027aic\\u0027, trend\\u003d\\u0027nc\\u0027\",\"position\":[3200,3249]}]},{\"clone_length\":13,\"clones\":[{\"psi\":\"[PsiElement(Py:IDENTIFIER), PsiElement(Py:DOT), PsiElement(Py:IDENTIFIER), PsiElement(Py:DOT), PsiElement(Py:IDENTIFIER), PsiElement(Py:LPAR), PsiElement(Py:IDENTIFIER), PsiElement(Py:COMMA), PsiElement(Py:IDENTIFIER), PsiElement(Py:EQ), PsiElement(Py:IDENTIFIER), PsiElement(Py:COMMA), PsiElement(Py:IDENTIFIER)]\",\"text\":\"smt.graphics.plot_acf(y, lags\\u003dlags, ax\",\"position\":[1669,1705]},{\"psi\":\"[PsiElement(Py:IDENTIFIER), PsiElement(Py:DOT), PsiElement(Py:IDENTIFIER), PsiElement(Py:DOT), PsiElement(Py:IDENTIFIER), PsiElement(Py:LPAR), PsiElement(Py:IDENTIFIER), PsiElement(Py:COMMA), PsiElement(Py:IDENTIFIER), PsiElement(Py:EQ), PsiElement(Py:IDENTIFIER), PsiElement(Py:COMMA), PsiElement(Py:IDENTIFIER)]\",\"text\":\"smt.graphics.plot_pacf(y, lags\\u003dlags, ax\",\"position\":[1750,1787]}]},{\"clone_length\":5,\"clones\":[{\"psi\":\"[PsiElement(Py:IDENTIFIER), PsiElement(Py:DOT), PsiElement(Py:IDENTIFIER), PsiElement(Py:LPAR), PsiElement(Py:IDENTIFIER)]\",\"text\":\"smt.AR(lrets\",\"position\":[4037,4044]},{\"psi\":\"[PsiElement(Py:IDENTIFIER), PsiElement(Py:DOT), PsiElement(Py:IDENTIFIER), PsiElement(Py:LPAR), PsiElement(Py:IDENTIFIER)]\",\"text\":\"smt.AR(lrets\",\"position\":[4111,4118]},{\"psi\":\"[PsiElement(Py:IDENTIFIER), PsiElement(Py:DOT), PsiElement(Py:IDENTIFIER), PsiElement(Py:LPAR), PsiElement(Py:IDENTIFIER)]\",\"text\":\"smt.ARMA(lrets\",\"position\":[6604,6613]},{\"psi\":\"[PsiElement(Py:IDENTIFIER), PsiElement(Py:DOT), PsiElement(Py:IDENTIFIER), PsiElement(Py:LPAR), PsiElement(Py:IDENTIFIER)]\",\"text\":\"smt.ARIMA(lrets\",\"position\":[7309,7319]}]},{\"clone_length\":20,\"clones\":[{\"psi\":\"[PsiElement(Py:IDENTIFIER), PsiElement(Py:DOT), PsiElement(Py:IDENTIFIER), PsiElement(Py:LPAR), PsiElement(Py:IDENTIFIER), PsiElement(Py:DOT), PsiElement(Py:IDENTIFIER), PsiElement(Py:RPAR), PsiElement(Py:DOT), PsiElement(Py:IDENTIFIER), PsiElement(Py:LPAR), PsiElement(Py:IDENTIFIER), PsiElement(Py:EQ), PsiElement(Py:IDENTIFIER), PsiElement(Py:COMMA), PsiElement(Py:IDENTIFIER), PsiElement(Py:EQ), PsiElement(Py:COMMA), PsiElement(Py:IDENTIFIER), PsiElement(Py:EQ)]\",\"text\":\"smt.AR(lrets.hs300).fit(maxlag\\u003dmax_lag, ic\\u003d\\u0027aic\\u0027, trend\\u003d\\u0027nc\\u0027\",\"position\":[4037,4092]},{\"psi\":\"[PsiElement(Py:IDENTIFIER), PsiElement(Py:DOT), PsiElement(Py:IDENTIFIER), PsiElement(Py:LPAR), PsiElement(Py:IDENTIFIER), PsiElement(Py:DOT), PsiElement(Py:IDENTIFIER), PsiElement(Py:RPAR), PsiElement(Py:DOT), PsiElement(Py:IDENTIFIER), PsiElement(Py:LPAR), PsiElement(Py:IDENTIFIER), PsiElement(Py:EQ), PsiElement(Py:IDENTIFIER), PsiElement(Py:COMMA), PsiElement(Py:IDENTIFIER), PsiElement(Py:EQ), PsiElement(Py:COMMA), PsiElement(Py:IDENTIFIER), PsiElement(Py:EQ)]\",\"text\":\"smt.AR(lrets.hs300).select_order(maxlag\\u003dmax_lag, ic\\u003d\\u0027aic\\u0027, trend\\u003d\\u0027nc\\u0027\",\"position\":[4111,4175]}]},{\"clone_length\":15,\"clones\":[{\"psi\":\"[PsiElement(Py:IDENTIFIER), PsiElement(Py:DOT), PsiElement(Py:IDENTIFIER), PsiElement(Py:LPAR), PsiElement(Py:IDENTIFIER), PsiElement(Py:EQ), PsiElement(Py:IDENTIFIER), PsiElement(Py:COMMA), PsiElement(Py:IDENTIFIER), PsiElement(Py:EQ), PsiElement(Py:IDENTIFIER), PsiElement(Py:COMMA), PsiElement(Py:IDENTIFIER), PsiElement(Py:EQ), PsiElement(Py:IDENTIFIER)]\",\"text\":\"smt.arma_generate_sample(ar\\u003dar, ma\\u003dma, nsample\\u003dn\",\"position\":[3522,3569]},{\"psi\":\"[PsiElement(Py:IDENTIFIER), PsiElement(Py:DOT), PsiElement(Py:IDENTIFIER), PsiElement(Py:LPAR), PsiElement(Py:IDENTIFIER), PsiElement(Py:EQ), PsiElement(Py:IDENTIFIER), PsiElement(Py:COMMA), PsiElement(Py:IDENTIFIER), PsiElement(Py:EQ), PsiElement(Py:IDENTIFIER), PsiElement(Py:COMMA), PsiElement(Py:IDENTIFIER), PsiElement(Py:EQ), PsiElement(Py:IDENTIFIER)]\",\"text\":\"smt.arma_generate_sample(ar\\u003dar, ma\\u003dma, nsample\\u003dn\",\"position\":[4334,4381]},{\"psi\":\"[PsiElement(Py:IDENTIFIER), PsiElement(Py:DOT), PsiElement(Py:IDENTIFIER), PsiElement(Py:LPAR), PsiElement(Py:IDENTIFIER), PsiElement(Py:EQ), PsiElement(Py:IDENTIFIER), PsiElement(Py:COMMA), PsiElement(Py:IDENTIFIER), PsiElement(Py:EQ), PsiElement(Py:IDENTIFIER), PsiElement(Py:COMMA), PsiElement(Py:IDENTIFIER), PsiElement(Py:EQ), PsiElement(Py:IDENTIFIER)]\",\"text\":\"smt.arma_generate_sample(ar\\u003dar, ma\\u003dma, nsample\\u003dn\",\"position\":[4694,4741]},{\"psi\":\"[PsiElement(Py:IDENTIFIER), PsiElement(Py:DOT), PsiElement(Py:IDENTIFIER), PsiElement(Py:LPAR), PsiElement(Py:IDENTIFIER), PsiElement(Py:EQ), PsiElement(Py:IDENTIFIER), PsiElement(Py:COMMA), PsiElement(Py:IDENTIFIER), PsiElement(Py:EQ), PsiElement(Py:IDENTIFIER), PsiElement(Py:COMMA), PsiElement(Py:IDENTIFIER), PsiElement(Py:EQ), PsiElement(Py:IDENTIFIER)]\",\"text\":\"smt.arma_generate_sample(ar\\u003dar, ma\\u003dma, nsample\\u003dn\",\"position\":[5286,5333]},{\"psi\":\"[PsiElement(Py:IDENTIFIER), PsiElement(Py:DOT), PsiElement(Py:IDENTIFIER), PsiElement(Py:LPAR), PsiElement(Py:IDENTIFIER), PsiElement(Py:EQ), PsiElement(Py:IDENTIFIER), PsiElement(Py:COMMA), PsiElement(Py:IDENTIFIER), PsiElement(Py:EQ), PsiElement(Py:IDENTIFIER), PsiElement(Py:COMMA), PsiElement(Py:IDENTIFIER), PsiElement(Py:EQ), PsiElement(Py:IDENTIFIER)]\",\"text\":\"smt.arma_generate_sample(ar\\u003dar, ma\\u003dma, nsample\\u003dn\",\"position\":[5726,5773]}]},{\"clone_length\":18,\"clones\":[{\"psi\":\"[PsiElement(Py:IDENTIFIER), PsiElement(Py:DOT), PsiElement(Py:IDENTIFIER), PsiElement(Py:LPAR), PsiElement(Py:IDENTIFIER), PsiElement(Py:EQ), PsiElement(Py:IDENTIFIER), PsiElement(Py:COMMA), PsiElement(Py:IDENTIFIER), PsiElement(Py:EQ), PsiElement(Py:IDENTIFIER), PsiElement(Py:COMMA), PsiElement(Py:IDENTIFIER), PsiElement(Py:EQ), PsiElement(Py:IDENTIFIER), PsiElement(Py:RPAR), PsiElement(Py:IDENTIFIER), PsiElement(Py:LPAR)]\",\"text\":\"smt.arma_generate_sample(ar\\u003dar, ma\\u003dma, nsample\\u003dn) \\ntsplot(\",\"position\":[3522,3579]},{\"psi\":\"[PsiElement(Py:IDENTIFIER), PsiElement(Py:DOT), PsiElement(Py:IDENTIFIER), PsiElement(Py:LPAR), PsiElement(Py:IDENTIFIER), PsiElement(Py:EQ), PsiElement(Py:IDENTIFIER), PsiElement(Py:COMMA), PsiElement(Py:IDENTIFIER), PsiElement(Py:EQ), PsiElement(Py:IDENTIFIER), PsiElement(Py:COMMA), PsiElement(Py:IDENTIFIER), PsiElement(Py:EQ), PsiElement(Py:IDENTIFIER), PsiElement(Py:RPAR), PsiElement(Py:IDENTIFIER), PsiElement(Py:LPAR)]\",\"text\":\"smt.arma_generate_sample(ar\\u003dar, ma\\u003dma, nsample\\u003dn) \\ntsplot(\",\"position\":[4334,4391]},{\"psi\":\"[PsiElement(Py:IDENTIFIER), PsiElement(Py:DOT), PsiElement(Py:IDENTIFIER), PsiElement(Py:LPAR), PsiElement(Py:IDENTIFIER), PsiElement(Py:EQ), PsiElement(Py:IDENTIFIER), PsiElement(Py:COMMA), PsiElement(Py:IDENTIFIER), PsiElement(Py:EQ), PsiElement(Py:IDENTIFIER), PsiElement(Py:COMMA), PsiElement(Py:IDENTIFIER), PsiElement(Py:EQ), PsiElement(Py:IDENTIFIER), PsiElement(Py:RPAR), PsiElement(Py:IDENTIFIER), PsiElement(Py:LPAR)]\",\"text\":\"smt.arma_generate_sample(ar\\u003dar, ma\\u003dma, nsample\\u003dn)\\ntsplot(\",\"position\":[4694,4750]}]},{\"clone_length\":22,\"clones\":[{\"psi\":\"[PsiElement(Py:IDENTIFIER), PsiElement(Py:DOT), PsiElement(Py:IDENTIFIER), PsiElement(Py:LPAR), PsiElement(Py:IDENTIFIER), PsiElement(Py:EQ), PsiElement(Py:IDENTIFIER), PsiElement(Py:COMMA), PsiElement(Py:IDENTIFIER), PsiElement(Py:EQ), PsiElement(Py:IDENTIFIER), PsiElement(Py:COMMA), PsiElement(Py:IDENTIFIER), PsiElement(Py:EQ), PsiElement(Py:IDENTIFIER), PsiElement(Py:COMMA), PsiElement(Py:IDENTIFIER), PsiElement(Py:EQ), PsiElement(Py:IDENTIFIER), PsiElement(Py:RPAR), PsiElement(Py:IDENTIFIER), PsiElement(Py:LPAR)]\",\"text\":\"smt.arma_generate_sample(ar\\u003dar, ma\\u003dma, nsample\\u003dn, burnin\\u003dburn)\\ntsplot(\",\"position\":[5286,5355]},{\"psi\":\"[PsiElement(Py:IDENTIFIER), PsiElement(Py:DOT), PsiElement(Py:IDENTIFIER), PsiElement(Py:LPAR), PsiElement(Py:IDENTIFIER), PsiElement(Py:EQ), PsiElement(Py:IDENTIFIER), PsiElement(Py:COMMA), PsiElement(Py:IDENTIFIER), PsiElement(Py:EQ), PsiElement(Py:IDENTIFIER), PsiElement(Py:COMMA), PsiElement(Py:IDENTIFIER), PsiElement(Py:EQ), PsiElement(Py:IDENTIFIER), PsiElement(Py:COMMA), PsiElement(Py:IDENTIFIER), PsiElement(Py:EQ), PsiElement(Py:IDENTIFIER), PsiElement(Py:RPAR), PsiElement(Py:IDENTIFIER), PsiElement(Py:LPAR)]\",\"text\":\"smt.arma_generate_sample(ar\\u003dar, ma\\u003dma, nsample\\u003dn, burnin\\u003dburn)\\ntsplot(\",\"position\":[5726,5795]}]},{\"clone_length\":18,\"clones\":[{\"psi\":\"[PsiElement(Py:INTEGER_LITERAL), PsiElement(Py:IDENTIFIER), PsiElement(Py:EQ), PsiElement(Py:IDENTIFIER), PsiElement(Py:DOT), PsiElement(Py:IDENTIFIER), PsiElement(Py:LPAR), PsiElement(Py:LBRACKET), PsiElement(Py:FLOAT_LITERAL), PsiElement(Py:RBRACKET), PsiElement(Py:RPAR), PsiElement(Py:IDENTIFIER), PsiElement(Py:EQ), PsiElement(Py:IDENTIFIER), PsiElement(Py:DOT), PsiElement(Py:IDENTIFIER), PsiElement(Py:LPAR), PsiElement(Py:LBRACKET)]\",\"text\":\"1000\\nalphas\\u003dnp.array([0.])\\nbetas\\u003dnp.array([\",\"position\":[4242,4284]},{\"psi\":\"[PsiElement(Py:INTEGER_LITERAL), PsiElement(Py:RPAR), PsiElement(Py:IDENTIFIER), PsiElement(Py:EQ), PsiElement(Py:IDENTIFIER), PsiElement(Py:DOT), PsiElement(Py:IDENTIFIER), PsiElement(Py:LPAR), PsiElement(Py:LBRACKET), PsiElement(Py:FLOAT_LITERAL), PsiElement(Py:RBRACKET), PsiElement(Py:RPAR), PsiElement(Py:IDENTIFIER), PsiElement(Py:EQ), PsiElement(Py:IDENTIFIER), PsiElement(Py:DOT), PsiElement(Py:IDENTIFIER), PsiElement(Py:LPAR), PsiElement(Py:LBRACKET)]\",\"text\":\"1000)\\nalphas \\u003d np.array([0.])\\nbetas \\u003d np.array([\",\"position\":[4579,4626]}]},{\"clone_length\":5,\"clones\":[{\"psi\":\"[PsiElement(Py:IDENTIFIER), PsiElement(Py:EQ), PsiElement(Py:INTEGER_LITERAL), PsiElement(Py:RPAR), PsiElement(Py:IDENTIFIER)]\",\"text\":\"lags\\u003d30)\\n# [___CELL_SEPARATOR___]\\nmax_lag\",\"position\":[3585,3619]},{\"psi\":\"[PsiElement(Py:IDENTIFIER), PsiElement(Py:EQ), PsiElement(Py:INTEGER_LITERAL), PsiElement(Py:RPAR), PsiElement(Py:IDENTIFIER)]\",\"text\":\"lags\\u003d30)\\n# [___CELL_SEPARATOR___]\\nmax_lag\",\"position\":[3984,4018]},{\"psi\":\"[PsiElement(Py:IDENTIFIER), PsiElement(Py:EQ), PsiElement(Py:INTEGER_LITERAL), PsiElement(Py:RPAR), PsiElement(Py:IDENTIFIER)]\",\"text\":\"lags\\u003d30)\\n# [___CELL_SEPARATOR___]\\nmax_lag\",\"position\":[4397,4431]},{\"psi\":\"[PsiElement(Py:IDENTIFIER), PsiElement(Py:EQ), PsiElement(Py:INTEGER_LITERAL), PsiElement(Py:RPAR), PsiElement(Py:IDENTIFIER)]\",\"text\":\"lags\\u003d30)\\n# [___CELL_SEPARATOR___]\\nmax_lag\",\"position\":[4756,4790]}]},{\"clone_length\":13,\"clones\":[{\"psi\":\"[PsiElement(Py:IDENTIFIER), PsiElement(Py:EQ), PsiElement(Py:INTEGER_LITERAL), PsiElement(Py:RPAR), PsiElement(Py:IDENTIFIER), PsiElement(Py:EQ), PsiElement(Py:INTEGER_LITERAL), PsiElement(Py:IDENTIFIER), PsiElement(Py:EQ), PsiElement(Py:IDENTIFIER), PsiElement(Py:DOT), PsiElement(Py:IDENTIFIER), PsiElement(Py:LPAR)]\",\"text\":\"lags\\u003d30)\\n# [___CELL_SEPARATOR___]\\nmax_lag \\u003d 30\\nmdl \\u003d smt.AR(\",\"position\":[3984,4043]},{\"psi\":\"[PsiElement(Py:IDENTIFIER), PsiElement(Py:EQ), PsiElement(Py:INTEGER_LITERAL), PsiElement(Py:RPAR), PsiElement(Py:IDENTIFIER), PsiElement(Py:EQ), PsiElement(Py:INTEGER_LITERAL), PsiElement(Py:IDENTIFIER), PsiElement(Py:EQ), PsiElement(Py:IDENTIFIER), PsiElement(Py:DOT), PsiElement(Py:IDENTIFIER), PsiElement(Py:LPAR)]\",\"text\":\"lags\\u003d30)\\n# [___CELL_SEPARATOR___]\\nmax_lag \\u003d 30\\nmdl \\u003d smt.ARMA(\",\"position\":[4397,4458]},{\"psi\":\"[PsiElement(Py:IDENTIFIER), PsiElement(Py:EQ), PsiElement(Py:INTEGER_LITERAL), PsiElement(Py:RPAR), PsiElement(Py:IDENTIFIER), PsiElement(Py:EQ), PsiElement(Py:INTEGER_LITERAL), PsiElement(Py:IDENTIFIER), PsiElement(Py:EQ), PsiElement(Py:IDENTIFIER), PsiElement(Py:DOT), PsiElement(Py:IDENTIFIER), PsiElement(Py:LPAR)]\",\"text\":\"lags\\u003d30)\\n# [___CELL_SEPARATOR___]\\nmax_lag \\u003d 30\\nmdl \\u003d smt.ARMA(\",\"position\":[4756,4817]}]},{\"clone_length\":39,\"clones\":[{\"psi\":\"[PsiElement(Py:IDENTIFIER), PsiElement(Py:EQ), PsiElement(Py:IDENTIFIER), PsiElement(Py:RPAR), PsiElement(Py:IDENTIFIER), PsiElement(Py:EQ), PsiElement(Py:IDENTIFIER), PsiElement(Py:DOT), PsiElement(Py:IDENTIFIER), PsiElement(Py:IDENTIFIER), PsiElement(Py:EQ), PsiElement(Py:NONE_KEYWORD), PsiElement(Py:IDENTIFIER), PsiElement(Py:EQ), PsiElement(Py:NONE_KEYWORD), PsiElement(Py:IDENTIFIER), PsiElement(Py:EQ), PsiElement(Py:IDENTIFIER), PsiElement(Py:LPAR), PsiElement(Py:INTEGER_LITERAL), PsiElement(Py:RPAR), PsiElement(Py:FOR_KEYWORD), PsiElement(Py:IDENTIFIER), PsiElement(Py:IN_KEYWORD), PsiElement(Py:IDENTIFIER), PsiElement(Py:COLON), PsiElement(Py:FOR_KEYWORD), PsiElement(Py:IDENTIFIER), PsiElement(Py:IN_KEYWORD), PsiElement(Py:IDENTIFIER), PsiElement(Py:COLON), PsiElement(Py:TRY_KEYWORD), PsiElement(Py:COLON), PsiElement(Py:IDENTIFIER), PsiElement(Py:EQ), PsiElement(Py:IDENTIFIER), PsiElement(Py:DOT), PsiElement(Py:IDENTIFIER), PsiElement(Py:LPAR)]\",\"text\":\"lags\\u003dmax_lag)\\n# [___CELL_SEPARATOR___]\\nbest_aic \\u003d np.inf \\nbest_order \\u003d None\\nbest_mdl \\u003d None\\n\\nrng \\u003d range(5)\\nfor i in rng:\\n    for j in rng:\\n        try:\\n            tmp_mdl \\u003d smt.ARMA(\",\"position\":[5804,5987]},{\"psi\":\"[PsiElement(Py:IDENTIFIER), PsiElement(Py:EQ), PsiElement(Py:IDENTIFIER), PsiElement(Py:RPAR), PsiElement(Py:IDENTIFIER), PsiElement(Py:EQ), PsiElement(Py:IDENTIFIER), PsiElement(Py:DOT), PsiElement(Py:IDENTIFIER), PsiElement(Py:IDENTIFIER), PsiElement(Py:EQ), PsiElement(Py:NONE_KEYWORD), PsiElement(Py:IDENTIFIER), PsiElement(Py:EQ), PsiElement(Py:NONE_KEYWORD), PsiElement(Py:IDENTIFIER), PsiElement(Py:EQ), PsiElement(Py:IDENTIFIER), PsiElement(Py:LPAR), PsiElement(Py:INTEGER_LITERAL), PsiElement(Py:RPAR), PsiElement(Py:FOR_KEYWORD), PsiElement(Py:IDENTIFIER), PsiElement(Py:IN_KEYWORD), PsiElement(Py:IDENTIFIER), PsiElement(Py:COLON), PsiElement(Py:FOR_KEYWORD), PsiElement(Py:IDENTIFIER), PsiElement(Py:IN_KEYWORD), PsiElement(Py:IDENTIFIER), PsiElement(Py:COLON), PsiElement(Py:TRY_KEYWORD), PsiElement(Py:COLON), PsiElement(Py:IDENTIFIER), PsiElement(Py:EQ), PsiElement(Py:IDENTIFIER), PsiElement(Py:DOT), PsiElement(Py:IDENTIFIER), PsiElement(Py:LPAR)]\",\"text\":\"lags\\u003dmax_lag)\\n# [___CELL_SEPARATOR___]\\n# 求沪深300对数收益率的最优模型\\nbest_aic \\u003d np.inf \\nbest_order \\u003d None\\nbest_mdl \\u003d None\\n\\nrng \\u003d range(5) # [0,1,2,3,4,5]\\nfor i in rng:\\n    for j in rng:\\n        try:\\n            tmp_mdl \\u003d smt.ARMA(\",\"position\":[6394,6612]}]},{\"clone_length\":6,\"clones\":[{\"psi\":\"[PsiElement(Py:IDENTIFIER), PsiElement(Py:EQ), PsiElement(Py:IDENTIFIER), PsiElement(Py:DOT), PsiElement(Py:IDENTIFIER), PsiElement(Py:LPAR)]\",\"text\":\"data\\u003dpd.DataFrame(\",\"position\":[739,756]},{\"psi\":\"[PsiElement(Py:IDENTIFIER), PsiElement(Py:DOT), PsiElement(Py:IDENTIFIER), PsiElement(Py:EQ), PsiElement(Py:IDENTIFIER), PsiElement(Py:DOT), PsiElement(Py:IDENTIFIER), PsiElement(Py:LPAR)]\",\"text\":\"data.index\\u003dpd.to_datetime(\",\"position\":[804,829]}]},{\"clone_length\":4,\"clones\":[{\"psi\":\"[PsiElement(Py:IDENTIFIER), PsiElement(Py:DOT), PsiElement(Py:IDENTIFIER), PsiElement(Py:LPAR)]\",\"text\":\"data.sort_index(\",\"position\":[911,926]},{\"psi\":\"[PsiElement(Py:IDENTIFIER), PsiElement(Py:DIV), PsiElement(Py:IDENTIFIER), PsiElement(Py:DOT), PsiElement(Py:IDENTIFIER), PsiElement(Py:LPAR)]\",\"text\":\"data/data.shift(\",\"position\":[985,1000]},{\"psi\":\"[PsiElement(Py:IDENTIFIER), PsiElement(Py:DOT), PsiElement(Py:IDENTIFIER), PsiElement(Py:LPAR)]\",\"text\":\"data.head(\",\"position\":[1039,1048]}]},{\"clone_length\":7,\"clones\":[{\"psi\":\"[PsiElement(Py:WITH_KEYWORD), PsiElement(Py:IDENTIFIER), PsiElement(Py:DOT), PsiElement(Py:IDENTIFIER), PsiElement(Py:DOT), PsiElement(Py:IDENTIFIER), PsiElement(Py:LPAR)]\",\"text\":\"with plt.style.context(\",\"position\":[1233,1255]},{\"psi\":\"[PsiElement(Py:WITH_KEYWORD), PsiElement(Py:IDENTIFIER), PsiElement(Py:DOT), PsiElement(Py:IDENTIFIER), PsiElement(Py:DOT), PsiElement(Py:IDENTIFIER), PsiElement(Py:LPAR)]\",\"text\":\"with plt.style.context(\",\"position\":[2734,2756]},{\"psi\":\"[PsiElement(Py:WITH_KEYWORD), PsiElement(Py:IDENTIFIER), PsiElement(Py:DOT), PsiElement(Py:IDENTIFIER), PsiElement(Py:DOT), PsiElement(Py:IDENTIFIER), PsiElement(Py:LPAR)]\",\"text\":\"with plt.style.context(\",\"position\":[2837,2859]}]},{\"clone_length\":7,\"clones\":[{\"psi\":\"[PsiElement(Py:WITH_KEYWORD), PsiElement(Py:IDENTIFIER), PsiElement(Py:DOT), PsiElement(Py:IDENTIFIER), PsiElement(Py:DOT), PsiElement(Py:IDENTIFIER), PsiElement(Py:LPAR)]\",\"text\":\"with plt.style.context(\\u0027bmh\\u0027\",\"position\":[2734,2756]},{\"psi\":\"[PsiElement(Py:WITH_KEYWORD), PsiElement(Py:IDENTIFIER), PsiElement(Py:DOT), PsiElement(Py:IDENTIFIER), PsiElement(Py:DOT), PsiElement(Py:IDENTIFIER), PsiElement(Py:LPAR)]\",\"text\":\"with plt.style.context(\\u0027bmh\\u0027\",\"position\":[2837,2859]}]},{\"clone_length\":33,\"clones\":[{\"psi\":\"[PsiElement(Py:IDENTIFIER), PsiElement(Py:EQ), PsiElement(Py:IDENTIFIER), PsiElement(Py:DOT), PsiElement(Py:IDENTIFIER), PsiElement(Py:LPAR), PsiElement(Py:LBRACKET), PsiElement(Py:FLOAT_LITERAL), PsiElement(Py:COMMA), PsiElement(Py:MINUS), PsiElement(Py:FLOAT_LITERAL), PsiElement(Py:RBRACKET), PsiElement(Py:RPAR), PsiElement(Py:IDENTIFIER), PsiElement(Py:EQ), PsiElement(Py:IDENTIFIER), PsiElement(Py:DOT), PsiElement(Py:IDENTIFIER), PsiElement(Py:LBRACKET), PsiElement(Py:INTEGER_LITERAL), PsiElement(Py:COMMA), PsiElement(Py:MINUS), PsiElement(Py:IDENTIFIER), PsiElement(Py:RBRACKET), PsiElement(Py:IDENTIFIER), PsiElement(Py:EQ), PsiElement(Py:IDENTIFIER), PsiElement(Py:DOT), PsiElement(Py:IDENTIFIER), PsiElement(Py:LBRACKET), PsiElement(Py:INTEGER_LITERAL), PsiElement(Py:COMMA), PsiElement(Py:IDENTIFIER)]\",\"text\":\"betas \\u003d np.array([0.5, -0.3])\\nar \\u003d np.r_[1, -alphas]\\nma \\u003d np.r_[1, betas\",\"position\":[5203,5270]},{\"psi\":\"[PsiElement(Py:IDENTIFIER), PsiElement(Py:EQ), PsiElement(Py:IDENTIFIER), PsiElement(Py:DOT), PsiElement(Py:IDENTIFIER), PsiElement(Py:LPAR), PsiElement(Py:LBRACKET), PsiElement(Py:FLOAT_LITERAL), PsiElement(Py:COMMA), PsiElement(Py:MINUS), PsiElement(Py:FLOAT_LITERAL), PsiElement(Py:RBRACKET), PsiElement(Py:RPAR), PsiElement(Py:IDENTIFIER), PsiElement(Py:EQ), PsiElement(Py:IDENTIFIER), PsiElement(Py:DOT), PsiElement(Py:IDENTIFIER), PsiElement(Py:LBRACKET), PsiElement(Py:INTEGER_LITERAL), PsiElement(Py:COMMA), PsiElement(Py:MINUS), PsiElement(Py:IDENTIFIER), PsiElement(Py:RBRACKET), PsiElement(Py:IDENTIFIER), PsiElement(Py:EQ), PsiElement(Py:IDENTIFIER), PsiElement(Py:DOT), PsiElement(Py:IDENTIFIER), PsiElement(Py:LBRACKET), PsiElement(Py:INTEGER_LITERAL), PsiElement(Py:COMMA), PsiElement(Py:IDENTIFIER)]\",\"text\":\"betas \\u003d np.array([0.5, -0.3])\\nar \\u003d np.r_[1, -alphas]\\nma \\u003d np.r_[1, betas\",\"position\":[5642,5709]}]},{\"clone_length\":7,\"clones\":[{\"psi\":\"[PsiElement(Py:IDENTIFIER), PsiElement(Py:EQ), PsiElement(Py:IDENTIFIER), PsiElement(Py:COMMA), PsiElement(Py:IDENTIFIER), PsiElement(Py:EQ), PsiElement(Py:LBRACKET)]\",\"text\":\"index\\u003didx, columns\\u003d[\",\"position\":[8030,8049]},{\"psi\":\"[PsiElement(Py:IDENTIFIER), PsiElement(Py:EQ), PsiElement(Py:IDENTIFIER), PsiElement(Py:COMMA), PsiElement(Py:IDENTIFIER), PsiElement(Py:EQ), PsiElement(Py:LBRACKET)]\",\"text\":\"index\\u003didx, columns\\u003d[\",\"position\":[8161,8180]}]},{\"clone_length\":1,\"clones\":[{\"psi\":\"[PsiElement(Py:IDENTIFIER)]\",\"text\":\"lrets\",\"position\":[8367,8367]},{\"psi\":\"[PsiElement(Py:IDENTIFIER)]\",\"text\":\"lrets\",\"position\":[8367,8367]}]},{\"clone_length\":3,\"clones\":[{\"psi\":\"[PsiElement(Py:IDENTIFIER), PsiElement(Py:EQ), PsiElement(Py:IDENTIFIER)]\",\"text\":\"pp_ax \\u003d plt\",\"position\":[1552,1560]},{\"psi\":\"[PsiElement(Py:IDENTIFIER), PsiElement(Py:RPAR), PsiElement(Py:IDENTIFIER)]\",\"text\":\"pp_ax)\\n        plt\",\"position\":[1968,1983]}]},{\"clone_length\":4,\"clones\":[{\"psi\":\"[PsiElement(Py:IDENTIFIER), PsiElement(Py:EQ), PsiElement(Py:LPAR), PsiElement(Py:INTEGER_LITERAL)]\",\"text\":\"order\\u003d(0\",\"position\":[4464,4471]},{\"psi\":\"[PsiElement(Py:IDENTIFIER), PsiElement(Py:EQ), PsiElement(Py:LPAR), PsiElement(Py:INTEGER_LITERAL)]\",\"text\":\"order\\u003d(0\",\"position\":[4823,4830]},{\"psi\":\"[PsiElement(Py:IDENTIFIER), PsiElement(Py:EQ), PsiElement(Py:LPAR), PsiElement(Py:INTEGER_LITERAL)]\",\"text\":\"order\\u003d(0\",\"position\":[4977,4984]}]},{\"clone_length\":27,\"clones\":[{\"psi\":\"[PsiElement(Py:IDENTIFIER), PsiElement(Py:EQ), PsiElement(Py:LPAR), PsiElement(Py:INTEGER_LITERAL), PsiElement(Py:COMMA), PsiElement(Py:INTEGER_LITERAL), PsiElement(Py:RPAR), PsiElement(Py:RPAR), PsiElement(Py:DOT), PsiElement(Py:IDENTIFIER), PsiElement(Py:LPAR), PsiElement(Py:IDENTIFIER), PsiElement(Py:EQ), PsiElement(Py:IDENTIFIER), PsiElement(Py:COMMA), PsiElement(Py:IDENTIFIER), PsiElement(Py:EQ), PsiElement(Py:COMMA), PsiElement(Py:IDENTIFIER), PsiElement(Py:EQ), PsiElement(Py:RPAR), PsiElement(Py:IDENTIFIER), PsiElement(Py:LPAR), PsiElement(Py:IDENTIFIER), PsiElement(Py:DOT), PsiElement(Py:IDENTIFIER), PsiElement(Py:LPAR)]\",\"text\":\"order\\u003d(0, 3)).fit(\\n    maxlag\\u003dmax_lag, method\\u003d\\u0027mle\\u0027, trend\\u003d\\u0027nc\\u0027)\\np(mdl.summary(\",\"position\":[4823,4901]},{\"psi\":\"[PsiElement(Py:IDENTIFIER), PsiElement(Py:EQ), PsiElement(Py:LPAR), PsiElement(Py:INTEGER_LITERAL), PsiElement(Py:COMMA), PsiElement(Py:INTEGER_LITERAL), PsiElement(Py:RPAR), PsiElement(Py:RPAR), PsiElement(Py:DOT), PsiElement(Py:IDENTIFIER), PsiElement(Py:LPAR), PsiElement(Py:IDENTIFIER), PsiElement(Py:EQ), PsiElement(Py:IDENTIFIER), PsiElement(Py:COMMA), PsiElement(Py:IDENTIFIER), PsiElement(Py:EQ), PsiElement(Py:COMMA), PsiElement(Py:IDENTIFIER), PsiElement(Py:EQ), PsiElement(Py:RPAR), PsiElement(Py:IDENTIFIER), PsiElement(Py:LPAR), PsiElement(Py:IDENTIFIER), PsiElement(Py:DOT), PsiElement(Py:IDENTIFIER), PsiElement(Py:LPAR)]\",\"text\":\"order\\u003d(0, 3)).fit(\\n    maxlag\\u003dmax_lag, method\\u003d\\u0027mle\\u0027, trend\\u003d\\u0027nc\\u0027)\\np(mdl.summary(\",\"position\":[4977,5055]}]},{\"clone_length\":82,\"clones\":[{\"psi\":\"[PsiElement(Py:IDENTIFIER), PsiElement(Py:EQ), PsiElement(Py:LPAR), PsiElement(Py:IDENTIFIER), PsiElement(Py:COMMA), PsiElement(Py:IDENTIFIER), PsiElement(Py:RPAR), PsiElement(Py:RPAR), PsiElement(Py:DOT), PsiElement(Py:IDENTIFIER), PsiElement(Py:LPAR), PsiElement(Py:IDENTIFIER), PsiElement(Py:EQ), PsiElement(Py:COMMA), PsiElement(Py:IDENTIFIER), PsiElement(Py:EQ), PsiElement(Py:RPAR), PsiElement(Py:IDENTIFIER), PsiElement(Py:EQ), PsiElement(Py:IDENTIFIER), PsiElement(Py:DOT), PsiElement(Py:IDENTIFIER), PsiElement(Py:IF_KEYWORD), PsiElement(Py:IDENTIFIER), PsiElement(Py:LT), PsiElement(Py:IDENTIFIER), PsiElement(Py:COLON), PsiElement(Py:IDENTIFIER), PsiElement(Py:EQ), PsiElement(Py:IDENTIFIER), PsiElement(Py:IDENTIFIER), PsiElement(Py:EQ), PsiElement(Py:LPAR), PsiElement(Py:IDENTIFIER), PsiElement(Py:COMMA), PsiElement(Py:IDENTIFIER), PsiElement(Py:RPAR), PsiElement(Py:IDENTIFIER), PsiElement(Py:EQ), PsiElement(Py:IDENTIFIER), PsiElement(Py:EXCEPT_KEYWORD), PsiElement(Py:COLON), PsiElement(Py:CONTINUE_KEYWORD), PsiElement(Py:IDENTIFIER), PsiElement(Py:LPAR), PsiElement(Py:DOT), PsiElement(Py:IDENTIFIER), PsiElement(Py:LPAR), PsiElement(Py:IDENTIFIER), PsiElement(Py:COMMA), PsiElement(Py:IDENTIFIER), PsiElement(Py:RPAR), PsiElement(Py:RPAR), PsiElement(Py:IDENTIFIER), PsiElement(Py:LPAR), PsiElement(Py:IDENTIFIER), PsiElement(Py:DOT), PsiElement(Py:IDENTIFIER), PsiElement(Py:LPAR), PsiElement(Py:RPAR), PsiElement(Py:RPAR), PsiElement(Py:IDENTIFIER), PsiElement(Py:LPAR), PsiElement(Py:IDENTIFIER), PsiElement(Py:DOT), PsiElement(Py:IDENTIFIER), PsiElement(Py:COMMA), PsiElement(Py:IDENTIFIER), PsiElement(Py:EQ), PsiElement(Py:IDENTIFIER), PsiElement(Py:RPAR), PsiElement(Py:IDENTIFIER), PsiElement(Py:EQ), PsiElement(Py:IDENTIFIER), PsiElement(Py:DOT), PsiElement(Py:IDENTIFIER), PsiElement(Py:IDENTIFIER), PsiElement(Py:EQ), PsiElement(Py:NONE_KEYWORD), PsiElement(Py:IDENTIFIER), PsiElement(Py:EQ), PsiElement(Py:NONE_KEYWORD)]\",\"text\":\"order\\u003d(i, j)).fit(method\\u003d\\u0027mle\\u0027, trend\\u003d\\u0027nc\\u0027)\\n            tmp_aic \\u003d tmp_mdl.aic\\n            if tmp_aic \\u003c best_aic:\\n                best_aic \\u003d tmp_aic\\n                best_order \\u003d (i, j)\\n                best_mdl \\u003d tmp_mdl\\n        except: continue\\np(\\u0027aic: {:6.5f} | order: {}\\u0027.format(best_aic, best_order))\\n# [___CELL_SEPARATOR___]\\np(best_mdl.summary())\\n# [___CELL_SEPARATOR___]\\ntsplot(best_mdl.resid, lags\\u003dmax_lag)\\n# [___CELL_SEPARATOR___]\\n# 求沪深300对数收益率的最优模型\\nbest_aic \\u003d np.inf \\nbest_order \\u003d None\\nbest_mdl \\u003d None\",\"position\":[5996,6500]},{\"psi\":\"[PsiElement(Py:IDENTIFIER), PsiElement(Py:EQ), PsiElement(Py:LPAR), PsiElement(Py:IDENTIFIER), PsiElement(Py:COMMA), PsiElement(Py:IDENTIFIER), PsiElement(Py:RPAR), PsiElement(Py:RPAR), PsiElement(Py:DOT), PsiElement(Py:IDENTIFIER), PsiElement(Py:LPAR), PsiElement(Py:IDENTIFIER), PsiElement(Py:EQ), PsiElement(Py:COMMA), PsiElement(Py:IDENTIFIER), PsiElement(Py:EQ), PsiElement(Py:RPAR), PsiElement(Py:IDENTIFIER), PsiElement(Py:EQ), PsiElement(Py:IDENTIFIER), PsiElement(Py:DOT), PsiElement(Py:IDENTIFIER), PsiElement(Py:IF_KEYWORD), PsiElement(Py:IDENTIFIER), PsiElement(Py:LT), PsiElement(Py:IDENTIFIER), PsiElement(Py:COLON), PsiElement(Py:IDENTIFIER), PsiElement(Py:EQ), PsiElement(Py:IDENTIFIER), PsiElement(Py:IDENTIFIER), PsiElement(Py:EQ), PsiElement(Py:LPAR), PsiElement(Py:IDENTIFIER), PsiElement(Py:COMMA), PsiElement(Py:IDENTIFIER), PsiElement(Py:RPAR), PsiElement(Py:IDENTIFIER), PsiElement(Py:EQ), PsiElement(Py:IDENTIFIER), PsiElement(Py:EXCEPT_KEYWORD), PsiElement(Py:COLON), PsiElement(Py:CONTINUE_KEYWORD), PsiElement(Py:IDENTIFIER), PsiElement(Py:LPAR), PsiElement(Py:DOT), PsiElement(Py:IDENTIFIER), PsiElement(Py:LPAR), PsiElement(Py:IDENTIFIER), PsiElement(Py:COMMA), PsiElement(Py:IDENTIFIER), PsiElement(Py:RPAR), PsiElement(Py:RPAR), PsiElement(Py:IDENTIFIER), PsiElement(Py:LPAR), PsiElement(Py:IDENTIFIER), PsiElement(Py:DOT), PsiElement(Py:IDENTIFIER), PsiElement(Py:LPAR), PsiElement(Py:RPAR), PsiElement(Py:RPAR), PsiElement(Py:IDENTIFIER), PsiElement(Py:LPAR), PsiElement(Py:IDENTIFIER), PsiElement(Py:DOT), PsiElement(Py:IDENTIFIER), PsiElement(Py:COMMA), PsiElement(Py:IDENTIFIER), PsiElement(Py:EQ), PsiElement(Py:IDENTIFIER), PsiElement(Py:RPAR), PsiElement(Py:IDENTIFIER), PsiElement(Py:EQ), PsiElement(Py:IDENTIFIER), PsiElement(Py:DOT), PsiElement(Py:IDENTIFIER), PsiElement(Py:IDENTIFIER), PsiElement(Py:EQ), PsiElement(Py:NONE_KEYWORD), PsiElement(Py:IDENTIFIER), PsiElement(Py:EQ), PsiElement(Py:NONE_KEYWORD)]\",\"text\":\"order\\u003d(i, j)).fit(\\n                method\\u003d\\u0027mle\\u0027, trend\\u003d\\u0027nc\\u0027\\n            )\\n            tmp_aic \\u003d tmp_mdl.aic\\n            if tmp_aic \\u003c best_aic:\\n                best_aic \\u003d tmp_aic\\n                best_order \\u003d (i, j)\\n                best_mdl \\u003d tmp_mdl\\n        except: continue\\np(\\u0027aic: {:6.5f} | order: {}\\u0027.format(best_aic, best_order))\\n# [___CELL_SEPARATOR___]\\np(best_mdl.summary())\\n# [___CELL_SEPARATOR___]\\ntsplot(best_mdl.resid, lags\\u003dmax_lag)\\n# [___CELL_SEPARATOR___]\\nbest_aic \\u003d np.inf \\nbest_order \\u003d None\\nbest_mdl \\u003d None\",\"position\":[6626,7141]}]},{\"clone_length\":3,\"clones\":[{\"psi\":\"[PsiElement(Py:IDENTIFIER), PsiElement(Py:RPAR), PsiElement(Py:IDENTIFIER)]\",\"text\":\"qq_ax)\\n        qq_ax\",\"position\":[1860,1875]},{\"psi\":\"[PsiElement(Py:IDENTIFIER)]\",\"text\":\"qq_ax\",\"position\":[1875,1875]}]},{\"clone_length\":3,\"clones\":[{\"psi\":\"[PsiElement(Py:IDENTIFIER), PsiElement(Py:LPAR), PsiElement(Py:INTEGER_LITERAL)]\",\"text\":\"range(5\",\"position\":[5903,5909]},{\"psi\":\"[PsiElement(Py:IDENTIFIER), PsiElement(Py:LPAR), PsiElement(Py:INTEGER_LITERAL)]\",\"text\":\"range(5\",\"position\":[6512,6518]},{\"psi\":\"[PsiElement(Py:IDENTIFIER), PsiElement(Py:LPAR), PsiElement(Py:INTEGER_LITERAL)]\",\"text\":\"range(5\",\"position\":[7156,7162]}]},{\"clone_length\":3,\"clones\":[{\"psi\":\"[PsiElement(Py:IDENTIFIER), PsiElement(Py:RPAR), PsiElement(Py:IDENTIFIER)]\",\"text\":\"ts_ax)\\n        ts_ax\",\"position\":[1620,1635]},{\"psi\":\"[PsiElement(Py:IDENTIFIER)]\",\"text\":\"ts_ax\",\"position\":[1635,1635]}]},{\"clone_length\":5,\"clones\":[{\"psi\":\"[PsiElement(Py:IDENTIFIER), PsiElement(Py:EQ), PsiElement(Py:RPAR), PsiElement(Py:IDENTIFIER), PsiElement(Py:LPAR)]\",\"text\":\"trend\\u003d\\u0027nc\\u0027)\\np(\",\"position\":[4170,4183]},{\"psi\":\"[PsiElement(Py:IDENTIFIER), PsiElement(Py:EQ), PsiElement(Py:RPAR), PsiElement(Py:IDENTIFIER), PsiElement(Py:LPAR)]\",\"text\":\"trend\\u003d\\u0027nc\\u0027)\\np(\",\"position\":[4517,4530]},{\"psi\":\"[PsiElement(Py:IDENTIFIER), PsiElement(Py:EQ), PsiElement(Py:RPAR), PsiElement(Py:IDENTIFIER), PsiElement(Py:LPAR)]\",\"text\":\"trend\\u003d\\u0027nc\\u0027)\\np(\",\"position\":[5030,5043]},{\"psi\":\"[PsiElement(Py:IDENTIFIER), PsiElement(Py:EQ), PsiElement(Py:RPAR), PsiElement(Py:IDENTIFIER), PsiElement(Py:LPAR)]\",\"text\":\"trend\\u003d\\u0027nc\\u0027)\\np(\",\"position\":[4876,4889]}]},{\"clone_length\":1,\"clones\":[{\"psi\":\"[PsiElement(Py:IDENTIFIER)]\",\"text\":\"statsmodels\",\"position\":[67,67]},{\"psi\":\"[PsiElement(Py:IDENTIFIER)]\",\"text\":\"statsmodels\",\"position\":[105,105]}]},{\"clone_length\":4,\"clones\":[{\"psi\":\"[PsiElement(Py:IDENTIFIER), PsiElement(Py:DOT), PsiElement(Py:IDENTIFIER), PsiElement(Py:LPAR)]\",\"text\":\"best_mdl.summary(\",\"position\":[6326,6342]},{\"psi\":\"[PsiElement(Py:IDENTIFIER), PsiElement(Py:DOT), PsiElement(Py:IDENTIFIER), PsiElement(Py:LPAR)]\",\"text\":\"best_mdl.summary(\",\"position\":[6986,7002]},{\"psi\":\"[PsiElement(Py:IDENTIFIER), PsiElement(Py:DOT), PsiElement(Py:IDENTIFIER), PsiElement(Py:LPAR)]\",\"text\":\"best_mdl.forecast(\",\"position\":[7783,7800]},{\"psi\":\"[PsiElement(Py:IDENTIFIER), PsiElement(Py:DOT), PsiElement(Py:IDENTIFIER), PsiElement(Py:LPAR)]\",\"text\":\"best_mdl.forecast(\",\"position\":[7842,7859]},{\"psi\":\"[PsiElement(Py:IDENTIFIER), PsiElement(Py:DOT), PsiElement(Py:IDENTIFIER), PsiElement(Py:LPAR)]\",\"text\":\"best_mdl.predict(\",\"position\":[8435,8451]}]},{\"clone_length\":7,\"clones\":[{\"psi\":\"[PsiElement(Py:IDENTIFIER), PsiElement(Py:DOT), PsiElement(Py:IDENTIFIER), PsiElement(Py:LPAR), PsiElement(Py:IDENTIFIER), PsiElement(Py:EQ), PsiElement(Py:IDENTIFIER)]\",\"text\":\"best_mdl.forecast(steps\\u003dn_steps\",\"position\":[7783,7807]},{\"psi\":\"[PsiElement(Py:IDENTIFIER), PsiElement(Py:DOT), PsiElement(Py:IDENTIFIER), PsiElement(Py:LPAR), PsiElement(Py:IDENTIFIER), PsiElement(Py:EQ), PsiElement(Py:IDENTIFIER)]\",\"text\":\"best_mdl.forecast(steps\\u003dn_steps\",\"position\":[7842,7866]}]}]}","initial_tree_length":2133,"project_name":"68a7a4855556095368cfd7ba7403f853ec855081","file_name":"68a7a4855556095368cfd7ba7403f853ec855081.ipynb.py"}