{"3":"{\"totalGroups\":7,\"totalClones\":14,\"groups\":[{\"clone_length\":5,\"clones\":[{\"psi\":\"[PsiElement(Py:IDENTIFIER), PsiElement(Py:IDENTIFIER), PsiElement(Py:DOT), PsiElement(Py:IDENTIFIER), PsiElement(Py:LPAR)]\",\"text\":\"spectrum\\n# [___CELL_SEPARATOR___]\\n# plot a spectrum\\nplt.plot(\",\"position\":[882,942]},{\"psi\":\"[PsiElement(Py:IDENTIFIER), PsiElement(Py:RPAR), PsiElement(Py:IDENTIFIER), PsiElement(Py:DOT), PsiElement(Py:IDENTIFIER), PsiElement(Py:LPAR)]\",\"text\":\"spectrum)\\nplt.xlabel(\",\"position\":[1109,1129]}]},{\"clone_length\":4,\"clones\":[{\"psi\":\"[PsiElement(Py:IDENTIFIER), PsiElement(Py:DOT), PsiElement(Py:IDENTIFIER), PsiElement(Py:IDENTIFIER)]\",\"text\":\"hsi.shape\\nhsi\",\"position\":[634,644]},{\"psi\":\"[PsiElement(Py:IDENTIFIER), PsiElement(Py:DOT), PsiElement(Py:IDENTIFIER), PsiElement(Py:IDENTIFIER)]\",\"text\":\"hsi.shape\\nhsi\",\"position\":[634,644]}]},{\"clone_length\":4,\"clones\":[{\"psi\":\"[PsiElement(Py:IDENTIFIER), PsiElement(Py:DOT), PsiElement(Py:IDENTIFIER), PsiElement(Py:IDENTIFIER)]\",\"text\":\"hsi.shape\\n# [___CELL_SEPARATOR___]\\n# pull a \\u0027random\\u0027 pixel/spectrum\\n# Exercise:  Change the rr and cc values to print different pixels/spectra around the image and plot the spectra (next two cells)\\nrr\",\"position\":[644,842]},{\"psi\":\"[PsiElement(Py:IDENTIFIER), PsiElement(Py:LBRACKET), PsiElement(Py:IDENTIFIER)]\",\"text\":\"hsi[rr\",\"position\":[869,873]}]},{\"clone_length\":5,\"clones\":[{\"psi\":\"[PsiElement(Py:IDENTIFIER), PsiElement(Py:LBRACKET), PsiElement(Py:COLON), PsiElement(Py:COMMA), PsiElement(Py:COLON)]\",\"text\":\"hsi[:,:\",\"position\":[1443,1449]},{\"psi\":\"[PsiElement(Py:IDENTIFIER), PsiElement(Py:LBRACKET), PsiElement(Py:COLON), PsiElement(Py:COMMA), PsiElement(Py:COLON)]\",\"text\":\"hsi[:,:\",\"position\":[1796,1802]}]},{\"clone_length\":4,\"clones\":[{\"psi\":\"[PsiElement(Py:IDENTIFIER), PsiElement(Py:DOT), PsiElement(Py:IDENTIFIER), PsiElement(Py:LBRACKET)]\",\"text\":\"mpl.rcParamsDefault[\\u0027figure.dpi\\u0027\",\"position\":[189,208]},{\"psi\":\"[PsiElement(Py:IDENTIFIER), PsiElement(Py:DOT), PsiElement(Py:IDENTIFIER), PsiElement(Py:LBRACKET)]\",\"text\":\"mpl.rcParams[\\u0027figure.dpi\\u0027\",\"position\":[223,235]}]},{\"clone_length\":5,\"clones\":[{\"psi\":\"[PsiElement(Py:IDENTIFIER), PsiElement(Py:DOT), PsiElement(Py:IDENTIFIER), PsiElement(Py:LPAR), PsiElement(Py:IDENTIFIER)]\",\"text\":\"plt.imshow(psuedo_rgb\",\"position\":[1855,1866]},{\"psi\":\"[PsiElement(Py:IDENTIFIER), PsiElement(Py:DOT), PsiElement(Py:IDENTIFIER), PsiElement(Py:LPAR), PsiElement(Py:IDENTIFIER)]\",\"text\":\"plt.imshow(psuedo_rgb\",\"position\":[1947,1958]}]},{\"clone_length\":5,\"clones\":[{\"psi\":\"[PsiElement(Py:IDENTIFIER), PsiElement(Py:DOT), PsiElement(Py:IDENTIFIER), PsiElement(Py:LPAR), PsiElement(Py:LBRACKET)]\",\"text\":\"plt.ylim([\",\"position\":[1179,1188]},{\"psi\":\"[PsiElement(Py:IDENTIFIER), PsiElement(Py:DOT), PsiElement(Py:IDENTIFIER), PsiElement(Py:LPAR), PsiElement(Py:LBRACKET)]\",\"text\":\"plt.xlim([\",\"position\":[1198,1207]}]}]}","initial_tree_length":356,"project_name":"690b5eb5766a44ecdfb1186ead18d670d9192185","file_name":"690b5eb5766a44ecdfb1186ead18d670d9192185.ipynb.py"}