{"3":"{\"totalGroups\":40,\"totalClones\":108,\"groups\":[{\"clone_length\":8,\"clones\":[{\"psi\":\"[PsiElement(Py:IDENTIFIER), PsiElement(Py:EQ), PsiElement(Py:IDENTIFIER), PsiElement(Py:DOT), PsiElement(Py:IDENTIFIER), PsiElement(Py:LPAR), PsiElement(Py:LBRACKET), PsiElement(Py:LBRACKET)]\",\"text\":\"box0 \\u003d np.array([[\",\"position\":[399,416]},{\"psi\":\"[PsiElement(Py:IDENTIFIER), PsiElement(Py:EQ), PsiElement(Py:IDENTIFIER), PsiElement(Py:DOT), PsiElement(Py:IDENTIFIER), PsiElement(Py:LPAR), PsiElement(Py:LBRACKET), PsiElement(Py:LBRACKET)]\",\"text\":\"box0 \\u003d np.array([[\",\"position\":[2914,2931]}]},{\"clone_length\":7,\"clones\":[{\"psi\":\"[PsiElement(Py:LBRACKET), PsiElement(Py:FLOAT_LITERAL), PsiElement(Py:COMMA), PsiElement(Py:FLOAT_LITERAL), PsiElement(Py:RBRACKET), PsiElement(Py:COMMA), PsiElement(Py:LBRACKET)]\",\"text\":\"[2610000., 5630000.],\\n                 [\",\"position\":[497,536]},{\"psi\":\"[PsiElement(Py:LBRACKET), PsiElement(Py:FLOAT_LITERAL), PsiElement(Py:COMMA), PsiElement(Py:FLOAT_LITERAL), PsiElement(Py:RBRACKET), PsiElement(Py:COMMA), PsiElement(Py:LBRACKET)]\",\"text\":\"[2610000., 5630000.],[\",\"position\":[576,597]}]},{\"clone_length\":7,\"clones\":[{\"psi\":\"[PsiElement(Py:LBRACKET), PsiElement(Py:FLOAT_LITERAL), PsiElement(Py:COMMA), PsiElement(Py:FLOAT_LITERAL), PsiElement(Py:RBRACKET), PsiElement(Py:COMMA), PsiElement(Py:LBRACKET)]\",\"text\":\"[2610000., 5640000.],\\n                 [\",\"position\":[597,636]},{\"psi\":\"[PsiElement(Py:LBRACKET), PsiElement(Py:FLOAT_LITERAL), PsiElement(Py:COMMA), PsiElement(Py:FLOAT_LITERAL), PsiElement(Py:RBRACKET), PsiElement(Py:COMMA), PsiElement(Py:LBRACKET)]\",\"text\":\"[2610000., 5640000.],\\n                 [\",\"position\":[817,856]},{\"psi\":\"[PsiElement(Py:LBRACKET), PsiElement(Py:FLOAT_LITERAL), PsiElement(Py:COMMA), PsiElement(Py:FLOAT_LITERAL), PsiElement(Py:RBRACKET), PsiElement(Py:COMMA), PsiElement(Py:LBRACKET)]\",\"text\":\"[2610000., 5640000.],[\",\"position\":[476,497]},{\"psi\":\"[PsiElement(Py:LBRACKET), PsiElement(Py:FLOAT_LITERAL), PsiElement(Py:COMMA), PsiElement(Py:FLOAT_LITERAL), PsiElement(Py:RBRACKET), PsiElement(Py:COMMA), PsiElement(Py:LBRACKET)]\",\"text\":\"[2610000., 5640000.],[\",\"position\":[896,917]}]},{\"clone_length\":8,\"clones\":[{\"psi\":\"[PsiElement(Py:LBRACKET), PsiElement(Py:FLOAT_LITERAL), PsiElement(Py:COMMA), PsiElement(Py:FLOAT_LITERAL), PsiElement(Py:RBRACKET), PsiElement(Py:COMMA), PsiElement(Py:LBRACKET), PsiElement(Py:FLOAT_LITERAL)]\",\"text\":\"[2610000., 5640000.],[2610000.\",\"position\":[476,498]},{\"psi\":\"[PsiElement(Py:LBRACKET), PsiElement(Py:FLOAT_LITERAL), PsiElement(Py:COMMA), PsiElement(Py:FLOAT_LITERAL), PsiElement(Py:RBRACKET), PsiElement(Py:COMMA), PsiElement(Py:LBRACKET), PsiElement(Py:FLOAT_LITERAL)]\",\"text\":\"[2610000., 5640000.],[2610000.\",\"position\":[896,918]}]},{\"clone_length\":7,\"clones\":[{\"psi\":\"[PsiElement(Py:LBRACKET), PsiElement(Py:FLOAT_LITERAL), PsiElement(Py:COMMA), PsiElement(Py:FLOAT_LITERAL), PsiElement(Py:RBRACKET), PsiElement(Py:COMMA), PsiElement(Py:LBRACKET)]\",\"text\":\"[2610000., 5650000.],[\",\"position\":[796,817]},{\"psi\":\"[PsiElement(Py:LBRACKET), PsiElement(Py:FLOAT_LITERAL), PsiElement(Py:COMMA), PsiElement(Py:FLOAT_LITERAL), PsiElement(Py:RBRACKET), PsiElement(Py:COMMA), PsiElement(Py:LBRACKET)]\",\"text\":\"[2610000., 5650000.],\\n                 [\",\"position\":[917,956]}]},{\"clone_length\":7,\"clones\":[{\"psi\":\"[PsiElement(Py:LBRACKET), PsiElement(Py:FLOAT_LITERAL), PsiElement(Py:COMMA), PsiElement(Py:FLOAT_LITERAL), PsiElement(Py:RBRACKET), PsiElement(Py:COMMA), PsiElement(Py:LBRACKET)]\",\"text\":\"[2600000., 5640000.],\\n                 [\",\"position\":[437,476]},{\"psi\":\"[PsiElement(Py:LBRACKET), PsiElement(Py:FLOAT_LITERAL), PsiElement(Py:COMMA), PsiElement(Py:FLOAT_LITERAL), PsiElement(Py:RBRACKET), PsiElement(Py:COMMA), PsiElement(Py:LBRACKET)]\",\"text\":\"[2600000., 5640000.],[\",\"position\":[736,757]}]},{\"clone_length\":7,\"clones\":[{\"psi\":\"[PsiElement(Py:LBRACKET), PsiElement(Py:FLOAT_LITERAL), PsiElement(Py:COMMA), PsiElement(Py:FLOAT_LITERAL), PsiElement(Py:RBRACKET), PsiElement(Py:COMMA), PsiElement(Py:LBRACKET)]\",\"text\":\"[2620000., 5640000.],[\",\"position\":[636,657]},{\"psi\":\"[PsiElement(Py:LBRACKET), PsiElement(Py:FLOAT_LITERAL), PsiElement(Py:COMMA), PsiElement(Py:FLOAT_LITERAL), PsiElement(Py:RBRACKET), PsiElement(Py:COMMA), PsiElement(Py:LBRACKET)]\",\"text\":\"[2620000., 5640000.],\\n                 [\",\"position\":[977,1016]}]},{\"clone_length\":7,\"clones\":[{\"psi\":\"[PsiElement(Py:LBRACKET), PsiElement(Py:FLOAT_LITERAL), PsiElement(Py:COMMA), PsiElement(Py:FLOAT_LITERAL), PsiElement(Py:RBRACKET), PsiElement(Py:COMMA), PsiElement(Py:LBRACKET)]\",\"text\":\"[400000., 5630000.],\\n                 [\",\"position\":[3009,3047]},{\"psi\":\"[PsiElement(Py:LBRACKET), PsiElement(Py:FLOAT_LITERAL), PsiElement(Py:COMMA), PsiElement(Py:FLOAT_LITERAL), PsiElement(Py:RBRACKET), PsiElement(Py:COMMA), PsiElement(Py:LBRACKET)]\",\"text\":\"[400000., 5630000.],[\",\"position\":[3087,3107]}]},{\"clone_length\":7,\"clones\":[{\"psi\":\"[PsiElement(Py:LBRACKET), PsiElement(Py:FLOAT_LITERAL), PsiElement(Py:COMMA), PsiElement(Py:FLOAT_LITERAL), PsiElement(Py:RBRACKET), PsiElement(Py:COMMA), PsiElement(Py:LBRACKET)]\",\"text\":\"[400000., 5640000.],[\",\"position\":[2989,3009]},{\"psi\":\"[PsiElement(Py:LBRACKET), PsiElement(Py:FLOAT_LITERAL), PsiElement(Py:COMMA), PsiElement(Py:FLOAT_LITERAL), PsiElement(Py:RBRACKET), PsiElement(Py:COMMA), PsiElement(Py:LBRACKET)]\",\"text\":\"[400000., 5640000.],\\n                 [\",\"position\":[3107,3145]}]},{\"clone_length\":12,\"clones\":[{\"psi\":\"[PsiElement(Py:IDENTIFIER), PsiElement(Py:EQ), PsiElement(Py:IDENTIFIER), PsiElement(Py:DOT), PsiElement(Py:IDENTIFIER), PsiElement(Py:LPAR), PsiElement(Py:RPAR), PsiElement(Py:IDENTIFIER), PsiElement(Py:DOT), PsiElement(Py:IDENTIFIER), PsiElement(Py:LPAR), PsiElement(Py:INTEGER_LITERAL)]\",\"text\":\"proj_utm \\u003d osr.SpatialReference()\\nproj_utm.ImportFromEPSG(32632\",\"position\":[309,367]},{\"psi\":\"[PsiElement(Py:IDENTIFIER), PsiElement(Py:EQ), PsiElement(Py:IDENTIFIER), PsiElement(Py:DOT), PsiElement(Py:IDENTIFIER), PsiElement(Py:LPAR), PsiElement(Py:RPAR), PsiElement(Py:IDENTIFIER), PsiElement(Py:DOT), PsiElement(Py:IDENTIFIER), PsiElement(Py:LPAR), PsiElement(Py:INTEGER_LITERAL)]\",\"text\":\"proj_utm \\u003d osr.SpatialReference()\\nproj_utm.ImportFromEPSG(32632\",\"position\":[2596,2654]}]},{\"clone_length\":4,\"clones\":[{\"psi\":\"[PsiElement(Py:IDENTIFIER), PsiElement(Py:DOT), PsiElement(Py:IDENTIFIER), PsiElement(Py:LPAR)]\",\"text\":\"zdpoly.get_isec(\",\"position\":[3462,3477]},{\"psi\":\"[PsiElement(Py:IDENTIFIER), PsiElement(Py:DOT), PsiElement(Py:IDENTIFIER), PsiElement(Py:LPAR)]\",\"text\":\"zdpoly.get_source_index(\",\"position\":[3539,3562]},{\"psi\":\"[PsiElement(Py:IDENTIFIER), PsiElement(Py:DOT), PsiElement(Py:IDENTIFIER), PsiElement(Py:LPAR)]\",\"text\":\"zdpoly.dump_vector(\",\"position\":[3636,3654]}]},{\"clone_length\":5,\"clones\":[{\"psi\":\"[PsiElement(Py:IDENTIFIER), PsiElement(Py:DOT), PsiElement(Py:IDENTIFIER), PsiElement(Py:LPAR), PsiElement(Py:INTEGER_LITERAL)]\",\"text\":\"zdpoly.get_isec(0\",\"position\":[3462,3478]},{\"psi\":\"[PsiElement(Py:IDENTIFIER), PsiElement(Py:DOT), PsiElement(Py:IDENTIFIER), PsiElement(Py:LPAR), PsiElement(Py:INTEGER_LITERAL)]\",\"text\":\"zdpoly.get_source_index(0\",\"position\":[3539,3563]}]},{\"clone_length\":4,\"clones\":[{\"psi\":\"[PsiElement(Py:LPAR), PsiElement(Py:IDENTIFIER), PsiElement(Py:RPAR), PsiElement(Py:IDENTIFIER)]\",\"text\":\"(data)\\nvar\",\"position\":[4016,4023]},{\"psi\":\"[PsiElement(Py:LPAR), PsiElement(Py:IDENTIFIER), PsiElement(Py:RPAR), PsiElement(Py:IDENTIFIER)]\",\"text\":\"(data)\\nvar\",\"position\":[4514,4521]}]},{\"clone_length\":5,\"clones\":[{\"psi\":\"[PsiElement(Py:LPAR), PsiElement(Py:IDENTIFIER), PsiElement(Py:RPAR), PsiElement(Py:IDENTIFIER), PsiElement(Py:LPAR)]\",\"text\":\"(data)\\n\\nprint(\\\"Average:\\\"\",\"position\":[4035,4048]},{\"psi\":\"[PsiElement(Py:LPAR), PsiElement(Py:IDENTIFIER), PsiElement(Py:RPAR), PsiElement(Py:IDENTIFIER), PsiElement(Py:LPAR)]\",\"text\":\"(data)\\n\\nprint(\\\"Average:\\\"\",\"position\":[4534,4547]}]},{\"clone_length\":14,\"clones\":[{\"psi\":\"[PsiElement(Py:LPAR), PsiElement(Py:COMMA), PsiElement(Py:IDENTIFIER), PsiElement(Py:DOT), PsiElement(Py:IDENTIFIER), PsiElement(Py:LPAR), PsiElement(Py:LBRACKET), PsiElement(Py:FLOAT_LITERAL), PsiElement(Py:COMMA), PsiElement(Py:FLOAT_LITERAL), PsiElement(Py:COMMA), PsiElement(Py:FLOAT_LITERAL), PsiElement(Py:COMMA), PsiElement(Py:FLOAT_LITERAL)]\",\"text\":\"(\\u0027mean\\u0027, np.array([10.1, 20.2, 30.3, 40.4\",\"position\":[1658,1695]},{\"psi\":\"[PsiElement(Py:LPAR), PsiElement(Py:COMMA), PsiElement(Py:IDENTIFIER), PsiElement(Py:DOT), PsiElement(Py:IDENTIFIER), PsiElement(Py:LPAR), PsiElement(Py:LBRACKET), PsiElement(Py:FLOAT_LITERAL), PsiElement(Py:COMMA), PsiElement(Py:FLOAT_LITERAL), PsiElement(Py:COMMA), PsiElement(Py:FLOAT_LITERAL), PsiElement(Py:COMMA), PsiElement(Py:FLOAT_LITERAL)]\",\"text\":\"(\\u0027mean\\u0027, np.array([10.1, 20.2, 30.3, 40.4\",\"position\":[1722,1759]}]},{\"clone_length\":1,\"clones\":[{\"psi\":\"[PsiElement(Py:IDENTIFIER)]\",\"text\":\"pl\",\"position\":[190,190]},{\"psi\":\"[PsiElement(Py:IDENTIFIER)]\",\"text\":\"pl\",\"position\":[190,190]}]},{\"clone_length\":5,\"clones\":[{\"psi\":\"[PsiElement(Py:IDENTIFIER), PsiElement(Py:DOT), PsiElement(Py:IDENTIFIER), PsiElement(Py:LPAR), PsiElement(Py:LBRACKET)]\",\"text\":\"np.array([\",\"position\":[2921,2930]},{\"psi\":\"[PsiElement(Py:IDENTIFIER), PsiElement(Py:DOT), PsiElement(Py:IDENTIFIER), PsiElement(Py:LPAR), PsiElement(Py:LBRACKET)]\",\"text\":\"np.array([\",\"position\":[566,575]},{\"psi\":\"[PsiElement(Py:IDENTIFIER), PsiElement(Py:DOT), PsiElement(Py:IDENTIFIER), PsiElement(Py:LPAR), PsiElement(Py:LBRACKET)]\",\"text\":\"np.array([\",\"position\":[886,895]},{\"psi\":\"[PsiElement(Py:IDENTIFIER), PsiElement(Py:DOT), PsiElement(Py:IDENTIFIER), PsiElement(Py:LPAR), PsiElement(Py:LBRACKET)]\",\"text\":\"np.array([\",\"position\":[406,415]},{\"psi\":\"[PsiElement(Py:IDENTIFIER), PsiElement(Py:DOT), PsiElement(Py:IDENTIFIER), PsiElement(Py:LPAR), PsiElement(Py:LBRACKET)]\",\"text\":\"np.array([\",\"position\":[726,735]},{\"psi\":\"[PsiElement(Py:IDENTIFIER), PsiElement(Py:DOT), PsiElement(Py:IDENTIFIER), PsiElement(Py:LPAR), PsiElement(Py:LBRACKET)]\",\"text\":\"np.array([\",\"position\":[3077,3086]},{\"psi\":\"[PsiElement(Py:IDENTIFIER), PsiElement(Py:DOT), PsiElement(Py:IDENTIFIER), PsiElement(Py:LPAR), PsiElement(Py:LBRACKET)]\",\"text\":\"np.array([\",\"position\":[1667,1676]},{\"psi\":\"[PsiElement(Py:IDENTIFIER), PsiElement(Py:DOT), PsiElement(Py:IDENTIFIER), PsiElement(Py:LPAR), PsiElement(Py:LBRACKET)]\",\"text\":\"np.array([\",\"position\":[1731,1740]},{\"psi\":\"[PsiElement(Py:IDENTIFIER), PsiElement(Py:DOT), PsiElement(Py:IDENTIFIER), PsiElement(Py:LPAR), PsiElement(Py:LBRACKET)]\",\"text\":\"np.array([\",\"position\":[1303,1312]},{\"psi\":\"[PsiElement(Py:IDENTIFIER), PsiElement(Py:DOT), PsiElement(Py:IDENTIFIER), PsiElement(Py:LPAR), PsiElement(Py:LBRACKET)]\",\"text\":\"np.array([\",\"position\":[3236,3245]}]},{\"clone_length\":7,\"clones\":[{\"psi\":\"[PsiElement(Py:IDENTIFIER), PsiElement(Py:DOT), PsiElement(Py:IDENTIFIER), PsiElement(Py:LPAR), PsiElement(Py:LBRACKET), PsiElement(Py:LBRACKET), PsiElement(Py:FLOAT_LITERAL)]\",\"text\":\"np.array([[2610000.\",\"position\":[566,577]},{\"psi\":\"[PsiElement(Py:IDENTIFIER), PsiElement(Py:DOT), PsiElement(Py:IDENTIFIER), PsiElement(Py:LPAR), PsiElement(Py:LBRACKET), PsiElement(Py:LBRACKET), PsiElement(Py:FLOAT_LITERAL)]\",\"text\":\"np.array([[2610000.\",\"position\":[886,897]}]},{\"clone_length\":7,\"clones\":[{\"psi\":\"[PsiElement(Py:IDENTIFIER), PsiElement(Py:DOT), PsiElement(Py:IDENTIFIER), PsiElement(Py:LPAR), PsiElement(Py:LBRACKET), PsiElement(Py:LBRACKET), PsiElement(Py:FLOAT_LITERAL)]\",\"text\":\"np.array([[2600000.\",\"position\":[406,417]},{\"psi\":\"[PsiElement(Py:IDENTIFIER), PsiElement(Py:DOT), PsiElement(Py:IDENTIFIER), PsiElement(Py:LPAR), PsiElement(Py:LBRACKET), PsiElement(Py:LBRACKET), PsiElement(Py:FLOAT_LITERAL)]\",\"text\":\"np.array([[2600000.\",\"position\":[726,737]}]},{\"clone_length\":8,\"clones\":[{\"psi\":\"[PsiElement(Py:IDENTIFIER), PsiElement(Py:DOT), PsiElement(Py:IDENTIFIER), PsiElement(Py:LPAR), PsiElement(Py:LBRACKET), PsiElement(Py:IDENTIFIER), PsiElement(Py:COMMA), PsiElement(Py:IDENTIFIER)]\",\"text\":\"np.array([box0, box1\",\"position\":[1303,1319]},{\"psi\":\"[PsiElement(Py:IDENTIFIER), PsiElement(Py:DOT), PsiElement(Py:IDENTIFIER), PsiElement(Py:LPAR), PsiElement(Py:LBRACKET), PsiElement(Py:IDENTIFIER), PsiElement(Py:COMMA), PsiElement(Py:IDENTIFIER)]\",\"text\":\"np.array([box0, box1\",\"position\":[3236,3252]}]},{\"clone_length\":10,\"clones\":[{\"psi\":\"[PsiElement(Py:IDENTIFIER), PsiElement(Py:DOT), PsiElement(Py:IDENTIFIER), PsiElement(Py:LPAR), PsiElement(Py:IDENTIFIER), PsiElement(Py:DOT), PsiElement(Py:IDENTIFIER), PsiElement(Py:DOT), PsiElement(Py:IDENTIFIER), PsiElement(Py:LPAR)]\",\"text\":\"np.array(wrl.georef.get_centroid(\",\"position\":[1147,1179]},{\"psi\":\"[PsiElement(Py:IDENTIFIER), PsiElement(Py:DOT), PsiElement(Py:IDENTIFIER), PsiElement(Py:LPAR), PsiElement(Py:IDENTIFIER), PsiElement(Py:DOT), PsiElement(Py:IDENTIFIER), PsiElement(Py:DOT), PsiElement(Py:IDENTIFIER), PsiElement(Py:LPAR)]\",\"text\":\"np.array(wrl.georef.get_centroid(\",\"position\":[1098,1130]},{\"psi\":\"[PsiElement(Py:IDENTIFIER), PsiElement(Py:DOT), PsiElement(Py:IDENTIFIER), PsiElement(Py:LPAR), PsiElement(Py:IDENTIFIER), PsiElement(Py:DOT), PsiElement(Py:IDENTIFIER), PsiElement(Py:DOT), PsiElement(Py:IDENTIFIER), PsiElement(Py:LPAR)]\",\"text\":\"np.array(wrl.georef.get_centroid(\",\"position\":[1049,1081]},{\"psi\":\"[PsiElement(Py:IDENTIFIER), PsiElement(Py:DOT), PsiElement(Py:IDENTIFIER), PsiElement(Py:LPAR), PsiElement(Py:IDENTIFIER), PsiElement(Py:DOT), PsiElement(Py:IDENTIFIER), PsiElement(Py:DOT), PsiElement(Py:IDENTIFIER), PsiElement(Py:LPAR)]\",\"text\":\"np.array(wrl.georef.get_centroid(\",\"position\":[1196,1228]}]},{\"clone_length\":6,\"clones\":[{\"psi\":\"[PsiElement(Py:IDENTIFIER), PsiElement(Py:DOT), PsiElement(Py:IDENTIFIER), PsiElement(Py:LPAR), PsiElement(Py:IDENTIFIER), PsiElement(Py:LPAR)]\",\"text\":\"np.array(range(\",\"position\":[2468,2482]},{\"psi\":\"[PsiElement(Py:IDENTIFIER), PsiElement(Py:DOT), PsiElement(Py:IDENTIFIER), PsiElement(Py:LPAR), PsiElement(Py:IDENTIFIER), PsiElement(Py:LPAR)]\",\"text\":\"np.array(range(\",\"position\":[2513,2527]},{\"psi\":\"[PsiElement(Py:IDENTIFIER), PsiElement(Py:DOT), PsiElement(Py:IDENTIFIER), PsiElement(Py:LPAR), PsiElement(Py:IDENTIFIER), PsiElement(Py:LPAR)]\",\"text\":\"np.array(range(\",\"position\":[3949,3963]}]},{\"clone_length\":5,\"clones\":[{\"psi\":\"[PsiElement(Py:IDENTIFIER), PsiElement(Py:DOT), PsiElement(Py:IDENTIFIER), PsiElement(Py:LPAR), PsiElement(Py:IDENTIFIER)]\",\"text\":\"gc.mean(data\",\"position\":[4009,4017]},{\"psi\":\"[PsiElement(Py:IDENTIFIER), PsiElement(Py:DOT), PsiElement(Py:IDENTIFIER), PsiElement(Py:LPAR), PsiElement(Py:IDENTIFIER)]\",\"text\":\"gc.var(data\",\"position\":[4029,4036]}]},{\"clone_length\":1,\"clones\":[{\"psi\":\"[PsiElement(Py:IDENTIFIER)]\",\"text\":\"gc\",\"position\":[4143,4143]},{\"psi\":\"[PsiElement(Py:IDENTIFIER)]\",\"text\":\"gc\",\"position\":[4239,4239]},{\"psi\":\"[PsiElement(Py:IDENTIFIER)]\",\"text\":\"gc\",\"position\":[4143,4143]},{\"psi\":\"[PsiElement(Py:IDENTIFIER)]\",\"text\":\"gc\",\"position\":[4239,4239]}]},{\"clone_length\":8,\"clones\":[{\"psi\":\"[PsiElement(Py:IDENTIFIER), PsiElement(Py:DOT), PsiElement(Py:IDENTIFIER), PsiElement(Py:DOT), PsiElement(Py:IDENTIFIER), PsiElement(Py:DOT), PsiElement(Py:IDENTIFIER), PsiElement(Py:LPAR)]\",\"text\":\"gc.zdata.trg.dump_vector(\",\"position\":[4143,4167]},{\"psi\":\"[PsiElement(Py:IDENTIFIER), PsiElement(Py:DOT), PsiElement(Py:IDENTIFIER), PsiElement(Py:DOT), PsiElement(Py:IDENTIFIER), PsiElement(Py:DOT), PsiElement(Py:IDENTIFIER), PsiElement(Py:LPAR)]\",\"text\":\"gc.zdata.trg.dump_raster(\",\"position\":[4239,4263]}]},{\"clone_length\":5,\"clones\":[{\"psi\":\"[PsiElement(Py:IDENTIFIER), PsiElement(Py:DOT), PsiElement(Py:IDENTIFIER), PsiElement(Py:LPAR), PsiElement(Py:IDENTIFIER)]\",\"text\":\"gc1.mean(data\",\"position\":[4506,4515]},{\"psi\":\"[PsiElement(Py:IDENTIFIER), PsiElement(Py:DOT), PsiElement(Py:IDENTIFIER), PsiElement(Py:LPAR), PsiElement(Py:IDENTIFIER)]\",\"text\":\"gc1.var(data\",\"position\":[4527,4535]}]},{\"clone_length\":10,\"clones\":[{\"psi\":\"[PsiElement(Py:IDENTIFIER), PsiElement(Py:DOT), PsiElement(Py:IDENTIFIER), PsiElement(Py:DOT), PsiElement(Py:IDENTIFIER), PsiElement(Py:LPAR), PsiElement(Py:IDENTIFIER), PsiElement(Py:DOT), PsiElement(Py:IDENTIFIER), PsiElement(Py:LPAR)]\",\"text\":\"wrl.zonalstats.DataSource(np.array(\",\"position\":[1277,1311]},{\"psi\":\"[PsiElement(Py:IDENTIFIER), PsiElement(Py:DOT), PsiElement(Py:IDENTIFIER), PsiElement(Py:DOT), PsiElement(Py:IDENTIFIER), PsiElement(Py:LPAR), PsiElement(Py:IDENTIFIER), PsiElement(Py:DOT), PsiElement(Py:IDENTIFIER), PsiElement(Py:LPAR)]\",\"text\":\"wrl.zonalstats.DataSource(np.vstack(\",\"position\":[1406,1441]}]},{\"clone_length\":3,\"clones\":[{\"psi\":\"[PsiElement(Py:IDENTIFIER), PsiElement(Py:EQ), PsiElement(Py:IDENTIFIER)]\",\"text\":\"var \\u003d gc\",\"position\":[4023,4029]},{\"psi\":\"[PsiElement(Py:IDENTIFIER), PsiElement(Py:RPAR), PsiElement(Py:IDENTIFIER)]\",\"text\":\"var)\\n# [___CELL_SEPARATOR___]\\n# export to vector GeoJSON\\ngc\",\"position\":[4086,4143]}]},{\"clone_length\":6,\"clones\":[{\"psi\":\"[PsiElement(Py:IDENTIFIER), PsiElement(Py:EQ), PsiElement(Py:COMMA), PsiElement(Py:IDENTIFIER), PsiElement(Py:EQ), PsiElement(Py:FLOAT_LITERAL)]\",\"text\":\"attr\\u003d\\u0027mean\\u0027, pixel_size\\u003d100.\",\"position\":[2247,2271]},{\"psi\":\"[PsiElement(Py:IDENTIFIER), PsiElement(Py:EQ), PsiElement(Py:COMMA), PsiElement(Py:IDENTIFIER), PsiElement(Py:EQ), PsiElement(Py:FLOAT_LITERAL)]\",\"text\":\"attr\\u003d\\u0027mean\\u0027, pixel_size\\u003d100.\",\"position\":[2346,2370]}]},{\"clone_length\":2,\"clones\":[{\"psi\":\"[PsiElement(Py:IDENTIFIER), PsiElement(Py:IDENTIFIER)]\",\"text\":\"warnings\\nwarnings\",\"position\":[85,94]},{\"psi\":\"[PsiElement(Py:IDENTIFIER), PsiElement(Py:IDENTIFIER)]\",\"text\":\"warnings\\nwarnings\",\"position\":[85,94]}]},{\"clone_length\":12,\"clones\":[{\"psi\":\"[PsiElement(Py:FLOAT_LITERAL), PsiElement(Py:RBRACKET), PsiElement(Py:RBRACKET), PsiElement(Py:RPAR), PsiElement(Py:IDENTIFIER), PsiElement(Py:EQ), PsiElement(Py:IDENTIFIER), PsiElement(Py:DOT), PsiElement(Py:IDENTIFIER), PsiElement(Py:LPAR), PsiElement(Py:LBRACKET), PsiElement(Py:LBRACKET)]\",\"text\":\"5630000.]])\\nbox1 \\u003d np.array([[\",\"position\":[547,576]},{\"psi\":\"[PsiElement(Py:FLOAT_LITERAL), PsiElement(Py:RBRACKET), PsiElement(Py:RBRACKET), PsiElement(Py:RPAR), PsiElement(Py:IDENTIFIER), PsiElement(Py:EQ), PsiElement(Py:IDENTIFIER), PsiElement(Py:DOT), PsiElement(Py:IDENTIFIER), PsiElement(Py:LPAR), PsiElement(Py:LBRACKET), PsiElement(Py:LBRACKET)]\",\"text\":\"5630000.]])\\n\\nbox1 \\u003d np.array([[\",\"position\":[3057,3087]}]},{\"clone_length\":4,\"clones\":[{\"psi\":\"[PsiElement(Py:IDENTIFIER), PsiElement(Py:DOT), PsiElement(Py:IDENTIFIER), PsiElement(Py:LPAR)]\",\"text\":\"poly.dump_vector(\",\"position\":[1989,2005]},{\"psi\":\"[PsiElement(Py:IDENTIFIER), PsiElement(Py:DOT), PsiElement(Py:IDENTIFIER), PsiElement(Py:LPAR)]\",\"text\":\"poly.dump_raster(\",\"position\":[2206,2222]},{\"psi\":\"[PsiElement(Py:IDENTIFIER), PsiElement(Py:DOT), PsiElement(Py:IDENTIFIER), PsiElement(Py:LPAR)]\",\"text\":\"poly.dump_raster(\",\"position\":[2296,2312]},{\"psi\":\"[PsiElement(Py:IDENTIFIER), PsiElement(Py:DOT), PsiElement(Py:IDENTIFIER), PsiElement(Py:LPAR)]\",\"text\":\"poly.set_attribute(\",\"position\":[1640,1658]},{\"psi\":\"[PsiElement(Py:IDENTIFIER), PsiElement(Py:DOT), PsiElement(Py:IDENTIFIER), PsiElement(Py:LPAR)]\",\"text\":\"poly.dump_vector(\",\"position\":[2079,2095]}]},{\"clone_length\":3,\"clones\":[{\"psi\":\"[PsiElement(Py:IDENTIFIER), PsiElement(Py:EQ), PsiElement(Py:IDENTIFIER)]\",\"text\":\"ind0 \\u003d zdpoly\",\"position\":[3532,3539]},{\"psi\":\"[PsiElement(Py:IDENTIFIER), PsiElement(Py:DOT), PsiElement(Py:IDENTIFIER), PsiElement(Py:RPAR), PsiElement(Py:IDENTIFIER)]\",\"text\":\"ind0.shape)\\n# [___CELL_SEPARATOR___]\\nzdpoly\",\"position\":[3599,3636]}]},{\"clone_length\":7,\"clones\":[{\"psi\":\"[PsiElement(Py:FLOAT_LITERAL), PsiElement(Py:RBRACKET), PsiElement(Py:COMMA), PsiElement(Py:LBRACKET), PsiElement(Py:FLOAT_LITERAL), PsiElement(Py:COMMA), PsiElement(Py:FLOAT_LITERAL)]\",\"text\":\"5640000.],\\n                 [2610000., 5640000.\",\"position\":[448,487]},{\"psi\":\"[PsiElement(Py:FLOAT_LITERAL), PsiElement(Py:RBRACKET), PsiElement(Py:COMMA), PsiElement(Py:LBRACKET), PsiElement(Py:FLOAT_LITERAL), PsiElement(Py:COMMA), PsiElement(Py:FLOAT_LITERAL)]\",\"text\":\"5640000.],\\n                 [2610000., 5640000.\",\"position\":[988,1027]}]},{\"clone_length\":4,\"clones\":[{\"psi\":\"[PsiElement(Py:IDENTIFIER), PsiElement(Py:DOT), PsiElement(Py:IDENTIFIER), PsiElement(Py:LPAR)]\",\"text\":\"point.set_attribute(\",\"position\":[1703,1722]},{\"psi\":\"[PsiElement(Py:IDENTIFIER), PsiElement(Py:DOT), PsiElement(Py:IDENTIFIER), PsiElement(Py:LPAR)]\",\"text\":\"point.dump_vector(\",\"position\":[2128,2145]},{\"psi\":\"[PsiElement(Py:IDENTIFIER), PsiElement(Py:DOT), PsiElement(Py:IDENTIFIER), PsiElement(Py:LPAR)]\",\"text\":\"point.dump_vector(\",\"position\":[2023,2040]}]},{\"clone_length\":2,\"clones\":[{\"psi\":\"[PsiElement(Py:IDENTIFIER), PsiElement(Py:LPAR)]\",\"text\":\"print(\",\"position\":[1564,1569]},{\"psi\":\"[PsiElement(Py:IDENTIFIER), PsiElement(Py:LPAR)]\",\"text\":\"print(\",\"position\":[1809,1814]},{\"psi\":\"[PsiElement(Py:IDENTIFIER), PsiElement(Py:LPAR)]\",\"text\":\"print(\",\"position\":[1872,1877]},{\"psi\":\"[PsiElement(Py:IDENTIFIER), PsiElement(Py:LPAR)]\",\"text\":\"print(\",\"position\":[4043,4048]},{\"psi\":\"[PsiElement(Py:IDENTIFIER), PsiElement(Py:LPAR)]\",\"text\":\"print(\",\"position\":[4542,4547]},{\"psi\":\"[PsiElement(Py:IDENTIFIER), PsiElement(Py:LPAR)]\",\"text\":\"print(\",\"position\":[4067,4072]},{\"psi\":\"[PsiElement(Py:IDENTIFIER), PsiElement(Py:LPAR)]\",\"text\":\"print(\",\"position\":[4565,4570]},{\"psi\":\"[PsiElement(Py:IDENTIFIER), PsiElement(Py:LPAR)]\",\"text\":\"print(\",\"position\":[1581,1586]},{\"psi\":\"[PsiElement(Py:IDENTIFIER), PsiElement(Py:LPAR)]\",\"text\":\"print(\",\"position\":[3567,3572]}]},{\"clone_length\":3,\"clones\":[{\"psi\":\"[PsiElement(Py:IDENTIFIER), PsiElement(Py:LPAR), PsiElement(Py:IDENTIFIER)]\",\"text\":\"print(poly\",\"position\":[1564,1570]},{\"psi\":\"[PsiElement(Py:IDENTIFIER), PsiElement(Py:LPAR), PsiElement(Py:IDENTIFIER)]\",\"text\":\"print(poly\",\"position\":[1809,1815]},{\"psi\":\"[PsiElement(Py:IDENTIFIER), PsiElement(Py:LPAR), PsiElement(Py:IDENTIFIER)]\",\"text\":\"print(poly\",\"position\":[1872,1878]}]},{\"clone_length\":7,\"clones\":[{\"psi\":\"[PsiElement(Py:IDENTIFIER), PsiElement(Py:LPAR), PsiElement(Py:IDENTIFIER), PsiElement(Py:DOT), PsiElement(Py:IDENTIFIER), PsiElement(Py:LPAR), PsiElement(Py:LBRACKET)]\",\"text\":\"print(poly.get_attributes([\\u0027mean\\u0027\",\"position\":[1809,1835]},{\"psi\":\"[PsiElement(Py:IDENTIFIER), PsiElement(Py:LPAR), PsiElement(Py:IDENTIFIER), PsiElement(Py:DOT), PsiElement(Py:IDENTIFIER), PsiElement(Py:LPAR), PsiElement(Py:LBRACKET)]\",\"text\":\"print(poly.get_attributes([\\u0027mean\\u0027\",\"position\":[1872,1898]}]},{\"clone_length\":4,\"clones\":[{\"psi\":\"[PsiElement(Py:IDENTIFIER), PsiElement(Py:LPAR), PsiElement(Py:COMMA), PsiElement(Py:IDENTIFIER)]\",\"text\":\"print(\\\"Variance:\\\", var\",\"position\":[4067,4086]},{\"psi\":\"[PsiElement(Py:IDENTIFIER), PsiElement(Py:LPAR), PsiElement(Py:COMMA), PsiElement(Py:IDENTIFIER)]\",\"text\":\"print(\\\"Variance:\\\", var\",\"position\":[4565,4584]}]},{\"clone_length\":1,\"clones\":[{\"psi\":\"[PsiElement(Py:IDENTIFIER)]\",\"text\":\"get_ipython\",\"position\":[137,137]},{\"psi\":\"[PsiElement(Py:IDENTIFIER)]\",\"text\":\"get_ipython\",\"position\":[137,137]}]}]}","initial_tree_length":811,"project_name":"6b720c3918db7f242f4d6dfa797ee64e8f7df756","file_name":"6b720c3918db7f242f4d6dfa797ee64e8f7df756.ipynb.py"}