{"3":"{\"totalGroups\":4,\"totalClones\":9,\"groups\":[{\"clone_length\":4,\"clones\":[{\"psi\":\"[PsiElement(Py:IDENTIFIER), PsiElement(Py:DOT), PsiElement(Py:IDENTIFIER), PsiElement(Py:LPAR)]\",\"text\":\"pd.read_csv(\",\"position\":[1745,1756]},{\"psi\":\"[PsiElement(Py:IDENTIFIER), PsiElement(Py:DOT), PsiElement(Py:IDENTIFIER), PsiElement(Py:LPAR)]\",\"text\":\"pd.DataFrame(\",\"position\":[2177,2189]}]},{\"clone_length\":1,\"clones\":[{\"psi\":\"[PsiElement(Py:IDENTIFIER)]\",\"text\":\"all_pds\",\"position\":[1822,1822]},{\"psi\":\"[PsiElement(Py:IDENTIFIER)]\",\"text\":\"all_pds\",\"position\":[1822,1822]},{\"psi\":\"[PsiElement(Py:IDENTIFIER)]\",\"text\":\"all_pds\",\"position\":[2092,2092]}]},{\"clone_length\":5,\"clones\":[{\"psi\":\"[PsiElement(Py:IDENTIFIER), PsiElement(Py:LBRACKET), PsiElement(Py:INTEGER_LITERAL), PsiElement(Py:RBRACKET), PsiElement(Py:LBRACKET)]\",\"text\":\"all_pds[0][\\u0027id\\u0027\",\"position\":[1822,1832]},{\"psi\":\"[PsiElement(Py:IDENTIFIER), PsiElement(Py:LBRACKET), PsiElement(Py:INTEGER_LITERAL), PsiElement(Py:RBRACKET), PsiElement(Py:LBRACKET)]\",\"text\":\"all_pds[0][\\u0027id\\u0027\",\"position\":[1902,1912]}]},{\"clone_length\":8,\"clones\":[{\"psi\":\"[PsiElement(Py:IDENTIFIER), PsiElement(Py:LBRACKET), PsiElement(Py:PLUS), PsiElement(Py:IDENTIFIER), PsiElement(Py:LPAR), PsiElement(Py:IDENTIFIER), PsiElement(Py:PLUS), PsiElement(Py:INTEGER_LITERAL)]\",\"text\":\"predict_dict[\\u0027Class_\\u0027 + str(i + 1\",\"position\":[1950,1982]},{\"psi\":\"[PsiElement(Py:IDENTIFIER), PsiElement(Py:LBRACKET), PsiElement(Py:PLUS), PsiElement(Py:IDENTIFIER), PsiElement(Py:LPAR), PsiElement(Py:IDENTIFIER), PsiElement(Py:PLUS), PsiElement(Py:INTEGER_LITERAL)]\",\"text\":\"predict_dict[\\u0027Class_\\u0027 + str(i + 1\",\"position\":[2053,2085]}]}]}","initial_tree_length":364,"project_name":"6dda65db5ca46d89cda299527e4f33ed9c712295","file_name":"6dda65db5ca46d89cda299527e4f33ed9c712295.ipynb.py"}