{"3":"{\"totalGroups\":15,\"totalClones\":34,\"groups\":[{\"clone_length\":35,\"clones\":[{\"psi\":\"[PsiElement(Py:IDENTIFIER), PsiElement(Py:DOT), PsiElement(Py:IDENTIFIER), PsiElement(Py:IMPORT_KEYWORD), PsiElement(Py:MULT), PsiElement(Py:FROM_KEYWORD), PsiElement(Py:IDENTIFIER), PsiElement(Py:DOT), PsiElement(Py:IDENTIFIER), PsiElement(Py:IMPORT_KEYWORD), PsiElement(Py:MULT), PsiElement(Py:FROM_KEYWORD), PsiElement(Py:IDENTIFIER), PsiElement(Py:DOT), PsiElement(Py:IDENTIFIER), PsiElement(Py:IMPORT_KEYWORD), PsiElement(Py:MULT), PsiElement(Py:FROM_KEYWORD), PsiElement(Py:IDENTIFIER), PsiElement(Py:DOT), PsiElement(Py:IDENTIFIER), PsiElement(Py:IMPORT_KEYWORD), PsiElement(Py:MULT), PsiElement(Py:FROM_KEYWORD), PsiElement(Py:IDENTIFIER), PsiElement(Py:DOT), PsiElement(Py:IDENTIFIER), PsiElement(Py:IMPORT_KEYWORD), PsiElement(Py:MULT), PsiElement(Py:FROM_KEYWORD), PsiElement(Py:IDENTIFIER), PsiElement(Py:DOT), PsiElement(Py:IDENTIFIER), PsiElement(Py:IMPORT_KEYWORD), PsiElement(Py:MULT)]\",\"text\":\"fastai.imports import *\\nfrom fastai.transforms import *\\nfrom fastai.conv_learner import *\\nfrom fastai.model import *\\nfrom fastai.dataset import *\\nfrom fastai.sgdr import *\",\"position\":[235,405]},{\"psi\":\"[PsiElement(Py:IDENTIFIER), PsiElement(Py:DOT), PsiElement(Py:IDENTIFIER), PsiElement(Py:IMPORT_KEYWORD), PsiElement(Py:MULT), PsiElement(Py:FROM_KEYWORD), PsiElement(Py:IDENTIFIER), PsiElement(Py:DOT), PsiElement(Py:IDENTIFIER), PsiElement(Py:IMPORT_KEYWORD), PsiElement(Py:MULT), PsiElement(Py:FROM_KEYWORD), PsiElement(Py:IDENTIFIER), PsiElement(Py:DOT), PsiElement(Py:IDENTIFIER), PsiElement(Py:IMPORT_KEYWORD), PsiElement(Py:MULT), PsiElement(Py:FROM_KEYWORD), PsiElement(Py:IDENTIFIER), PsiElement(Py:DOT), PsiElement(Py:IDENTIFIER), PsiElement(Py:IMPORT_KEYWORD), PsiElement(Py:MULT), PsiElement(Py:FROM_KEYWORD), PsiElement(Py:IDENTIFIER), PsiElement(Py:DOT), PsiElement(Py:IDENTIFIER), PsiElement(Py:IMPORT_KEYWORD), PsiElement(Py:MULT), PsiElement(Py:FROM_KEYWORD), PsiElement(Py:IDENTIFIER), PsiElement(Py:DOT), PsiElement(Py:IDENTIFIER), PsiElement(Py:IMPORT_KEYWORD), PsiElement(Py:MULT)]\",\"text\":\"fastai.transforms import *\\nfrom fastai.conv_learner import *\\nfrom fastai.model import *\\nfrom fastai.dataset import *\\nfrom fastai.sgdr import *\\nfrom fastai.plots import *\",\"position\":[264,432]}]},{\"clone_length\":18,\"clones\":[{\"psi\":\"[PsiElement(Py:IDENTIFIER), PsiElement(Py:EQ), PsiElement(Py:LPAR), PsiElement(Py:INTEGER_LITERAL), PsiElement(Py:COMMA), PsiElement(Py:INTEGER_LITERAL), PsiElement(Py:RPAR), PsiElement(Py:COMMA), PsiElement(Py:IDENTIFIER), PsiElement(Py:EQ), PsiElement(Py:LBRACKET), PsiElement(Py:IDENTIFIER), PsiElement(Py:RBRACKET), PsiElement(Py:RPAR), PsiElement(Py:IDENTIFIER), PsiElement(Py:DOT), PsiElement(Py:IDENTIFIER), PsiElement(Py:LPAR)]\",\"text\":\"use_clr\\u003d(20,5), metrics\\u003d[accuracy])\\n# [___CELL_SEPARATOR___]\\nlearn.fit(\",\"position\":[1638,1708]},{\"psi\":\"[PsiElement(Py:IDENTIFIER), PsiElement(Py:EQ), PsiElement(Py:LPAR), PsiElement(Py:INTEGER_LITERAL), PsiElement(Py:COMMA), PsiElement(Py:INTEGER_LITERAL), PsiElement(Py:RPAR), PsiElement(Py:COMMA), PsiElement(Py:IDENTIFIER), PsiElement(Py:EQ), PsiElement(Py:LBRACKET), PsiElement(Py:IDENTIFIER), PsiElement(Py:RBRACKET), PsiElement(Py:RPAR), PsiElement(Py:IDENTIFIER), PsiElement(Py:DOT), PsiElement(Py:IDENTIFIER), PsiElement(Py:LPAR)]\",\"text\":\"use_clr\\u003d(20,5), metrics\\u003d[accuracy])\\n# [___CELL_SEPARATOR___]\\nlearn.load(\",\"position\":[1763,1834]}]},{\"clone_length\":7,\"clones\":[{\"psi\":\"[PsiElement(Py:INTEGER_LITERAL), PsiElement(Py:COMMA), PsiElement(Py:IDENTIFIER), PsiElement(Py:EQ), PsiElement(Py:INTEGER_LITERAL), PsiElement(Py:COMMA), PsiElement(Py:IDENTIFIER)]\",\"text\":\"4, cycle_len\\u003d1, best_save_name\",\"position\":[1590,1606]},{\"psi\":\"[PsiElement(Py:INTEGER_LITERAL), PsiElement(Py:COMMA), PsiElement(Py:IDENTIFIER), PsiElement(Py:EQ), PsiElement(Py:INTEGER_LITERAL), PsiElement(Py:COMMA), PsiElement(Py:IDENTIFIER)]\",\"text\":\"4, cycle_len\\u003d1, best_save_name\",\"position\":[2388,2404]}]},{\"clone_length\":5,\"clones\":[{\"psi\":\"[PsiElement(Py:IDENTIFIER), PsiElement(Py:DOT), PsiElement(Py:IDENTIFIER), PsiElement(Py:LPAR), PsiElement(Py:LBRACKET)]\",\"text\":\"np.array([\",\"position\":[834,843]},{\"psi\":\"[PsiElement(Py:IDENTIFIER), PsiElement(Py:DOT), PsiElement(Py:IDENTIFIER), PsiElement(Py:LPAR), PsiElement(Py:LBRACKET)]\",\"text\":\"np.array([\",\"position\":[876,885]}]},{\"clone_length\":9,\"clones\":[{\"psi\":\"[PsiElement(Py:IDENTIFIER), PsiElement(Py:DOT), PsiElement(Py:IDENTIFIER), PsiElement(Py:LPAR), PsiElement(Py:RPAR), PsiElement(Py:IDENTIFIER), PsiElement(Py:DOT), PsiElement(Py:IDENTIFIER), PsiElement(Py:LPAR)]\",\"text\":\"learn.unfreeze()\\n# [___CELL_SEPARATOR___]\\nlearn.fit(\",\"position\":[1852,1903]},{\"psi\":\"[PsiElement(Py:IDENTIFIER), PsiElement(Py:DOT), PsiElement(Py:IDENTIFIER), PsiElement(Py:DOT), PsiElement(Py:IDENTIFIER), PsiElement(Py:LPAR), PsiElement(Py:RPAR), PsiElement(Py:IDENTIFIER), PsiElement(Py:DOT), PsiElement(Py:IDENTIFIER), PsiElement(Py:LPAR)]\",\"text\":\"learn.sched.plot_lr()\\n# [___CELL_SEPARATOR___]\\nlearn.load(\",\"position\":[2538,2595]}]},{\"clone_length\":9,\"clones\":[{\"psi\":\"[PsiElement(Py:IDENTIFIER), PsiElement(Py:DOT), PsiElement(Py:IDENTIFIER), PsiElement(Py:LPAR), PsiElement(Py:FLOAT_LITERAL), PsiElement(Py:COMMA), PsiElement(Py:INTEGER_LITERAL), PsiElement(Py:COMMA), PsiElement(Py:IDENTIFIER)]\",\"text\":\"learn.fit(1e-1, 4, cycle_len\",\"position\":[1574,1593]},{\"psi\":\"[PsiElement(Py:IDENTIFIER), PsiElement(Py:DOT), PsiElement(Py:IDENTIFIER), PsiElement(Py:LPAR), PsiElement(Py:FLOAT_LITERAL), PsiElement(Py:COMMA), PsiElement(Py:INTEGER_LITERAL), PsiElement(Py:COMMA), PsiElement(Py:IDENTIFIER)]\",\"text\":\"learn.fit(1e-1, 4, cycle_len\",\"position\":[1699,1718]}]},{\"clone_length\":13,\"clones\":[{\"psi\":\"[PsiElement(Py:IDENTIFIER), PsiElement(Py:DOT), PsiElement(Py:IDENTIFIER), PsiElement(Py:LPAR), PsiElement(Py:FLOAT_LITERAL), PsiElement(Py:COMMA), PsiElement(Py:INTEGER_LITERAL), PsiElement(Py:COMMA), PsiElement(Py:IDENTIFIER), PsiElement(Py:EQ), PsiElement(Py:INTEGER_LITERAL), PsiElement(Py:COMMA), PsiElement(Py:IDENTIFIER)]\",\"text\":\"learn.fit(1e-1, 1, cycle_len\\u003d4, best_save_name\",\"position\":[1894,1926]},{\"psi\":\"[PsiElement(Py:IDENTIFIER), PsiElement(Py:DOT), PsiElement(Py:IDENTIFIER), PsiElement(Py:LPAR), PsiElement(Py:FLOAT_LITERAL), PsiElement(Py:COMMA), PsiElement(Py:INTEGER_LITERAL), PsiElement(Py:COMMA), PsiElement(Py:IDENTIFIER), PsiElement(Py:EQ), PsiElement(Py:INTEGER_LITERAL), PsiElement(Py:COMMA), PsiElement(Py:IDENTIFIER)]\",\"text\":\"learn.fit(1e-1, 1, cycle_len\\u003d4, best_save_name\",\"position\":[2039,2071]}]},{\"clone_length\":5,\"clones\":[{\"psi\":\"[PsiElement(Py:IDENTIFIER), PsiElement(Py:DOT), PsiElement(Py:IDENTIFIER), PsiElement(Py:LPAR), PsiElement(Py:FLOAT_LITERAL)]\",\"text\":\"learn.fit(1e-2\",\"position\":[2372,2382]},{\"psi\":\"[PsiElement(Py:IDENTIFIER), PsiElement(Py:DOT), PsiElement(Py:IDENTIFIER), PsiElement(Py:LPAR), PsiElement(Py:FLOAT_LITERAL)]\",\"text\":\"learn.fit(1e-2\",\"position\":[2638,2648]}]},{\"clone_length\":10,\"clones\":[{\"psi\":\"[PsiElement(Py:IDENTIFIER), PsiElement(Py:EQ), PsiElement(Py:LPAR), PsiElement(Py:INTEGER_LITERAL), PsiElement(Py:COMMA), PsiElement(Py:FLOAT_LITERAL), PsiElement(Py:COMMA), PsiElement(Py:FLOAT_LITERAL), PsiElement(Py:COMMA), PsiElement(Py:FLOAT_LITERAL)]\",\"text\":\"use_clr_beta\\u003d(10,13.68,0.95,0.85\",\"position\":[1959,1987]},{\"psi\":\"[PsiElement(Py:IDENTIFIER), PsiElement(Py:EQ), PsiElement(Py:LPAR), PsiElement(Py:INTEGER_LITERAL), PsiElement(Py:COMMA), PsiElement(Py:FLOAT_LITERAL), PsiElement(Py:COMMA), PsiElement(Py:FLOAT_LITERAL), PsiElement(Py:COMMA), PsiElement(Py:FLOAT_LITERAL)]\",\"text\":\"use_clr_beta\\u003d(10,13.68,0.95,0.85\",\"position\":[2105,2133]},{\"psi\":\"[PsiElement(Py:IDENTIFIER), PsiElement(Py:EQ), PsiElement(Py:LPAR), PsiElement(Py:INTEGER_LITERAL), PsiElement(Py:COMMA), PsiElement(Py:FLOAT_LITERAL), PsiElement(Py:COMMA), PsiElement(Py:FLOAT_LITERAL), PsiElement(Py:COMMA), PsiElement(Py:FLOAT_LITERAL)]\",\"text\":\"use_clr_beta\\u003d(10,13.68,0.95,0.85\",\"position\":[2272,2300]},{\"psi\":\"[PsiElement(Py:IDENTIFIER), PsiElement(Py:EQ), PsiElement(Py:LPAR), PsiElement(Py:INTEGER_LITERAL), PsiElement(Py:COMMA), PsiElement(Py:FLOAT_LITERAL), PsiElement(Py:COMMA), PsiElement(Py:FLOAT_LITERAL), PsiElement(Py:COMMA), PsiElement(Py:FLOAT_LITERAL)]\",\"text\":\"use_clr_beta\\u003d(10,13.68,0.95,0.85\",\"position\":[2438,2466]}]},{\"clone_length\":23,\"clones\":[{\"psi\":\"[PsiElement(Py:IDENTIFIER), PsiElement(Py:EQ), PsiElement(Py:LPAR), PsiElement(Py:INTEGER_LITERAL), PsiElement(Py:COMMA), PsiElement(Py:FLOAT_LITERAL), PsiElement(Py:COMMA), PsiElement(Py:FLOAT_LITERAL), PsiElement(Py:COMMA), PsiElement(Py:FLOAT_LITERAL), PsiElement(Py:RPAR), PsiElement(Py:COMMA), PsiElement(Py:IDENTIFIER), PsiElement(Py:EQ), PsiElement(Py:FLOAT_LITERAL), PsiElement(Py:COMMA), PsiElement(Py:IDENTIFIER), PsiElement(Py:EQ), PsiElement(Py:LBRACKET), PsiElement(Py:IDENTIFIER), PsiElement(Py:RBRACKET), PsiElement(Py:RPAR), PsiElement(Py:IDENTIFIER)]\",\"text\":\"use_clr_beta\\u003d(10,13.68,0.95,0.85), wds\\u003d1e-4,\\n          metrics\\u003d[accuracy])\\n# [___CELL_SEPARATOR___]\\nlearn\",\"position\":[2105,2205]},{\"psi\":\"[PsiElement(Py:IDENTIFIER), PsiElement(Py:EQ), PsiElement(Py:LPAR), PsiElement(Py:INTEGER_LITERAL), PsiElement(Py:COMMA), PsiElement(Py:FLOAT_LITERAL), PsiElement(Py:COMMA), PsiElement(Py:FLOAT_LITERAL), PsiElement(Py:COMMA), PsiElement(Py:FLOAT_LITERAL), PsiElement(Py:RPAR), PsiElement(Py:COMMA), PsiElement(Py:IDENTIFIER), PsiElement(Py:EQ), PsiElement(Py:FLOAT_LITERAL), PsiElement(Py:COMMA), PsiElement(Py:IDENTIFIER), PsiElement(Py:EQ), PsiElement(Py:LBRACKET), PsiElement(Py:IDENTIFIER), PsiElement(Py:RBRACKET), PsiElement(Py:RPAR), PsiElement(Py:IDENTIFIER)]\",\"text\":\"use_clr_beta\\u003d(10,13.68,0.95,0.85), wds\\u003d1e-4,\\n          metrics\\u003d[accuracy])\\n# [___CELL_SEPARATOR___]\\nlearn\",\"position\":[2272,2372]},{\"psi\":\"[PsiElement(Py:IDENTIFIER), PsiElement(Py:EQ), PsiElement(Py:LPAR), PsiElement(Py:INTEGER_LITERAL), PsiElement(Py:COMMA), PsiElement(Py:FLOAT_LITERAL), PsiElement(Py:COMMA), PsiElement(Py:FLOAT_LITERAL), PsiElement(Py:COMMA), PsiElement(Py:FLOAT_LITERAL), PsiElement(Py:RPAR), PsiElement(Py:COMMA), PsiElement(Py:IDENTIFIER), PsiElement(Py:EQ), PsiElement(Py:FLOAT_LITERAL), PsiElement(Py:COMMA), PsiElement(Py:IDENTIFIER), PsiElement(Py:EQ), PsiElement(Py:LBRACKET), PsiElement(Py:IDENTIFIER), PsiElement(Py:RBRACKET), PsiElement(Py:RPAR), PsiElement(Py:IDENTIFIER)]\",\"text\":\"use_clr_beta\\u003d(10,13.68,0.95,0.85), wds\\u003d1e-4,\\n          metrics\\u003d[accuracy])\\n# [___CELL_SEPARATOR___]\\nlearn\",\"position\":[2438,2538]}]},{\"clone_length\":2,\"clones\":[{\"psi\":\"[PsiElement(Py:IDENTIFIER), PsiElement(Py:IDENTIFIER)]\",\"text\":\"matplotlib\\nmatplotlib\",\"position\":[7,18]},{\"psi\":\"[PsiElement(Py:IDENTIFIER), PsiElement(Py:IDENTIFIER)]\",\"text\":\"matplotlib\\nmatplotlib\",\"position\":[7,18]}]},{\"clone_length\":29,\"clones\":[{\"psi\":\"[PsiElement(Py:IDENTIFIER), PsiElement(Py:EQ), PsiElement(Py:COMMA), PsiElement(Py:IDENTIFIER), PsiElement(Py:EQ), PsiElement(Py:LPAR), PsiElement(Py:INTEGER_LITERAL), PsiElement(Py:COMMA), PsiElement(Py:FLOAT_LITERAL), PsiElement(Py:COMMA), PsiElement(Py:FLOAT_LITERAL), PsiElement(Py:COMMA), PsiElement(Py:FLOAT_LITERAL), PsiElement(Py:RPAR), PsiElement(Py:COMMA), PsiElement(Py:IDENTIFIER), PsiElement(Py:EQ), PsiElement(Py:FLOAT_LITERAL), PsiElement(Py:COMMA), PsiElement(Py:IDENTIFIER), PsiElement(Py:EQ), PsiElement(Py:LBRACKET), PsiElement(Py:IDENTIFIER), PsiElement(Py:RBRACKET), PsiElement(Py:RPAR), PsiElement(Py:IDENTIFIER), PsiElement(Py:DOT), PsiElement(Py:IDENTIFIER), PsiElement(Py:LPAR)]\",\"text\":\"best_save_name\\u003d\\u0027mobilenetv1_3n1\\u0027, use_clr_beta\\u003d(10,13.68,0.95,0.85), wds\\u003d1e-4,\\n          metrics\\u003d[accuracy])\\n# [___CELL_SEPARATOR___]\\nlearn.fit(\",\"position\":[2071,2214]},{\"psi\":\"[PsiElement(Py:IDENTIFIER), PsiElement(Py:EQ), PsiElement(Py:COMMA), PsiElement(Py:IDENTIFIER), PsiElement(Py:EQ), PsiElement(Py:LPAR), PsiElement(Py:INTEGER_LITERAL), PsiElement(Py:COMMA), PsiElement(Py:FLOAT_LITERAL), PsiElement(Py:COMMA), PsiElement(Py:FLOAT_LITERAL), PsiElement(Py:COMMA), PsiElement(Py:FLOAT_LITERAL), PsiElement(Py:RPAR), PsiElement(Py:COMMA), PsiElement(Py:IDENTIFIER), PsiElement(Py:EQ), PsiElement(Py:FLOAT_LITERAL), PsiElement(Py:COMMA), PsiElement(Py:IDENTIFIER), PsiElement(Py:EQ), PsiElement(Py:LBRACKET), PsiElement(Py:IDENTIFIER), PsiElement(Py:RBRACKET), PsiElement(Py:RPAR), PsiElement(Py:IDENTIFIER), PsiElement(Py:DOT), PsiElement(Py:IDENTIFIER), PsiElement(Py:LPAR)]\",\"text\":\"best_save_name\\u003d\\u0027mobilenetv1_3n1\\u0027, use_clr_beta\\u003d(10,13.68,0.95,0.85), wds\\u003d1e-4,\\n          metrics\\u003d[accuracy])\\n# [___CELL_SEPARATOR___]\\nlearn.fit(\",\"position\":[2238,2381]}]},{\"clone_length\":11,\"clones\":[{\"psi\":\"[PsiElement(Py:IDENTIFIER), PsiElement(Py:EQ), PsiElement(Py:LBRACKET), PsiElement(Py:IDENTIFIER), PsiElement(Py:RBRACKET), PsiElement(Py:RPAR), PsiElement(Py:IDENTIFIER), PsiElement(Py:DOT), PsiElement(Py:IDENTIFIER), PsiElement(Py:LPAR), PsiElement(Py:FLOAT_LITERAL)]\",\"text\":\"metrics\\u003d[accuracy])\\n# [___CELL_SEPARATOR___]\\nlearn.fit(1e-1\",\"position\":[1654,1709]},{\"psi\":\"[PsiElement(Py:IDENTIFIER), PsiElement(Py:EQ), PsiElement(Py:LBRACKET), PsiElement(Py:IDENTIFIER), PsiElement(Py:RBRACKET), PsiElement(Py:RPAR), PsiElement(Py:IDENTIFIER), PsiElement(Py:DOT), PsiElement(Py:IDENTIFIER), PsiElement(Py:LPAR), PsiElement(Py:FLOAT_LITERAL)]\",\"text\":\"metrics\\u003d[accuracy])\\n# [___CELL_SEPARATOR___]\\nlearn.fit(1e-1\",\"position\":[1994,2049]},{\"psi\":\"[PsiElement(Py:IDENTIFIER), PsiElement(Py:EQ), PsiElement(Py:LBRACKET), PsiElement(Py:IDENTIFIER), PsiElement(Py:RBRACKET), PsiElement(Py:RPAR), PsiElement(Py:IDENTIFIER), PsiElement(Py:DOT), PsiElement(Py:IDENTIFIER), PsiElement(Py:LPAR), PsiElement(Py:FLOAT_LITERAL)]\",\"text\":\"metrics\\u003d[accuracy])\\n# [___CELL_SEPARATOR___]\\nlearn.fit(1e-1\",\"position\":[2160,2215]}]},{\"clone_length\":15,\"clones\":[{\"psi\":\"[PsiElement(Py:IDENTIFIER), PsiElement(Py:EQ), PsiElement(Py:LBRACKET), PsiElement(Py:IDENTIFIER), PsiElement(Py:RBRACKET), PsiElement(Py:RPAR), PsiElement(Py:IDENTIFIER), PsiElement(Py:DOT), PsiElement(Py:IDENTIFIER), PsiElement(Py:LPAR), PsiElement(Py:FLOAT_LITERAL), PsiElement(Py:COMMA), PsiElement(Py:INTEGER_LITERAL), PsiElement(Py:COMMA), PsiElement(Py:IDENTIFIER)]\",\"text\":\"metrics\\u003d[accuracy])\\n# [___CELL_SEPARATOR___]\\nlearn.fit(1e-1, 1, cycle_len\",\"position\":[1994,2058]},{\"psi\":\"[PsiElement(Py:IDENTIFIER), PsiElement(Py:EQ), PsiElement(Py:LBRACKET), PsiElement(Py:IDENTIFIER), PsiElement(Py:RBRACKET), PsiElement(Py:RPAR), PsiElement(Py:IDENTIFIER), PsiElement(Py:DOT), PsiElement(Py:IDENTIFIER), PsiElement(Py:LPAR), PsiElement(Py:FLOAT_LITERAL), PsiElement(Py:COMMA), PsiElement(Py:INTEGER_LITERAL), PsiElement(Py:COMMA), PsiElement(Py:IDENTIFIER)]\",\"text\":\"metrics\\u003d[accuracy])\\n# [___CELL_SEPARATOR___]\\nlearn.fit(1e-1, 1, cycle_len\",\"position\":[2160,2224]}]},{\"clone_length\":5,\"clones\":[{\"psi\":\"[PsiElement(Py:IDENTIFIER), PsiElement(Py:LPAR), PsiElement(Py:IDENTIFIER), PsiElement(Py:COMMA), PsiElement(Py:IDENTIFIER)]\",\"text\":\"get_data(sz,bs\",\"position\":[922,934]},{\"psi\":\"[PsiElement(Py:IDENTIFIER), PsiElement(Py:LPAR), PsiElement(Py:IDENTIFIER), PsiElement(Py:COMMA), PsiElement(Py:IDENTIFIER)]\",\"text\":\"get_data(sz, bs\",\"position\":[1457,1470]}]}]}","initial_tree_length":462,"project_name":"81ec6b4380343e8a9c17a8b414891445a7bbd4d3","file_name":"81ec6b4380343e8a9c17a8b414891445a7bbd4d3.ipynb.py"}