{"3":"{\"totalGroups\":15,\"totalClones\":42,\"groups\":[{\"clone_length\":15,\"clones\":[{\"psi\":\"[PsiElement(Py:RPAR), PsiElement(Py:AS_KEYWORD), PsiElement(Py:IDENTIFIER), PsiElement(Py:COLON), PsiElement(Py:IDENTIFIER), PsiElement(Py:DOT), PsiElement(Py:IDENTIFIER), PsiElement(Py:LPAR), PsiElement(Py:IDENTIFIER), PsiElement(Py:COMMA), PsiElement(Py:IDENTIFIER), PsiElement(Py:COMMA), PsiElement(Py:INTEGER_LITERAL), PsiElement(Py:COMMA), PsiElement(Py:IDENTIFIER)]\",\"text\":\"\\u0027w\\u0027) as out_put_fasta_file:\\n    extended_results.write_supporting_proteins_for_step_fasta(out_put_fasta_file, \\n                                                              type_three_secretion_property_id, \\n                                                              22, top\",\"position\":[6213,6484]},{\"psi\":\"[PsiElement(Py:RPAR), PsiElement(Py:AS_KEYWORD), PsiElement(Py:IDENTIFIER), PsiElement(Py:COLON), PsiElement(Py:IDENTIFIER), PsiElement(Py:DOT), PsiElement(Py:IDENTIFIER), PsiElement(Py:LPAR), PsiElement(Py:IDENTIFIER), PsiElement(Py:COMMA), PsiElement(Py:IDENTIFIER), PsiElement(Py:COMMA), PsiElement(Py:INTEGER_LITERAL), PsiElement(Py:COMMA), PsiElement(Py:IDENTIFIER)]\",\"text\":\"\\u0027w\\u0027) as out_put_fasta_file:\\n    extended_results.write_supporting_proteins_for_step_fasta(out_put_fasta_file, \\n                                                              type_three_secretion_property_id, \\n                                                              22, top\",\"position\":[6686,6957]}]},{\"clone_length\":13,\"clones\":[{\"psi\":\"[PsiElement(Py:IDENTIFIER), PsiElement(Py:EQ), PsiElement(Py:TRUE_KEYWORD), PsiElement(Py:RPAR), PsiElement(Py:IDENTIFIER), PsiElement(Py:DOT), PsiElement(Py:IDENTIFIER), PsiElement(Py:LPAR), PsiElement(Py:IDENTIFIER), PsiElement(Py:COMMA), PsiElement(Py:INTEGER_LITERAL), PsiElement(Py:COMMA), PsiElement(Py:IDENTIFIER)]\",\"text\":\"top\\u003dTrue)\\n# [___CELL_SEPARATOR___]\\n# Get the lowest E-value matches for step 22 of Type III Secretion property across both organisms. \\nextended_results.get_step_matches(type_three_secretion_property_id, 22, top\",\"position\":[5403,5610]},{\"psi\":\"[PsiElement(Py:IDENTIFIER), PsiElement(Py:EQ), PsiElement(Py:TRUE_KEYWORD), PsiElement(Py:RPAR), PsiElement(Py:IDENTIFIER), PsiElement(Py:DOT), PsiElement(Py:IDENTIFIER), PsiElement(Py:LPAR), PsiElement(Py:IDENTIFIER), PsiElement(Py:COMMA), PsiElement(Py:INTEGER_LITERAL), PsiElement(Py:COMMA), PsiElement(Py:IDENTIFIER)]\",\"text\":\"top\\u003dTrue)\\n# [___CELL_SEPARATOR___]\\n# Get all matches for step 22 of the Type III Secretion property for E. coli K12. \\nextended_results.get_step_matches(type_three_secretion_property_id, 22, top\",\"position\":[5610,5800]}]},{\"clone_length\":3,\"clones\":[{\"psi\":\"[PsiElement(Py:WITH_KEYWORD), PsiElement(Py:IDENTIFIER), PsiElement(Py:LPAR)]\",\"text\":\"with open(\",\"position\":[3671,3680]},{\"psi\":\"[PsiElement(Py:WITH_KEYWORD), PsiElement(Py:IDENTIFIER), PsiElement(Py:LPAR)]\",\"text\":\"with open(\",\"position\":[3943,3952]}]},{\"clone_length\":12,\"clones\":[{\"psi\":\"[PsiElement(Py:FALSE_KEYWORD), PsiElement(Py:RPAR), PsiElement(Py:IDENTIFIER), PsiElement(Py:DOT), PsiElement(Py:IDENTIFIER), PsiElement(Py:LPAR), PsiElement(Py:MULT), PsiElement(Py:IDENTIFIER), PsiElement(Py:COMMA), PsiElement(Py:IDENTIFIER), PsiElement(Py:EQ), PsiElement(Py:TRUE_KEYWORD)]\",\"text\":\"False)\\n# [___CELL_SEPARATOR___]\\n# Get step assignments for virulence properties\\nresults.get_results(*types_of_vir, steps\\u003dTrue\",\"position\":[2898,3019]},{\"psi\":\"[PsiElement(Py:FALSE_KEYWORD), PsiElement(Py:RPAR), PsiElement(Py:IDENTIFIER), PsiElement(Py:DOT), PsiElement(Py:IDENTIFIER), PsiElement(Py:LPAR), PsiElement(Py:MULT), PsiElement(Py:IDENTIFIER), PsiElement(Py:COMMA), PsiElement(Py:IDENTIFIER), PsiElement(Py:EQ), PsiElement(Py:TRUE_KEYWORD)]\",\"text\":\"False)\\n# [___CELL_SEPARATOR___]\\n# Get counts of virulence steps assigned YES, NO, and PARTIAL per organism\\nresults.get_results_summary(*types_of_vir, steps\\u003dTrue\",\"position\":[3196,3352]},{\"psi\":\"[PsiElement(Py:FALSE_KEYWORD), PsiElement(Py:RPAR), PsiElement(Py:IDENTIFIER), PsiElement(Py:DOT), PsiElement(Py:IDENTIFIER), PsiElement(Py:LPAR), PsiElement(Py:MULT), PsiElement(Py:IDENTIFIER), PsiElement(Py:COMMA), PsiElement(Py:IDENTIFIER), PsiElement(Py:EQ), PsiElement(Py:TRUE_KEYWORD)]\",\"text\":\"False)\\n# [___CELL_SEPARATOR___]\\n# Get percentages of virulence steps assigned YES, NO, and PARTIAL per organism\\nresults.get_results_summary(*types_of_vir, steps\\u003dTrue\",\"position\":[3368,3529]}]},{\"clone_length\":16,\"clones\":[{\"psi\":\"[PsiElement(Py:IDENTIFIER), PsiElement(Py:EQ), PsiElement(Py:FALSE_KEYWORD), PsiElement(Py:RPAR), PsiElement(Py:IDENTIFIER), PsiElement(Py:DOT), PsiElement(Py:IDENTIFIER), PsiElement(Py:LPAR), PsiElement(Py:MULT), PsiElement(Py:IDENTIFIER), PsiElement(Py:COMMA), PsiElement(Py:IDENTIFIER), PsiElement(Py:EQ), PsiElement(Py:TRUE_KEYWORD), PsiElement(Py:COMMA), PsiElement(Py:IDENTIFIER)]\",\"text\":\"normalize\\u003dFalse)\\n# [___CELL_SEPARATOR___]\\n# Get counts of virulence steps assigned YES, NO, and PARTIAL per organism\\nresults.get_results_summary(*types_of_vir, steps\\u003dTrue, normalize\",\"position\":[3186,3358]},{\"psi\":\"[PsiElement(Py:IDENTIFIER), PsiElement(Py:EQ), PsiElement(Py:FALSE_KEYWORD), PsiElement(Py:RPAR), PsiElement(Py:IDENTIFIER), PsiElement(Py:DOT), PsiElement(Py:IDENTIFIER), PsiElement(Py:LPAR), PsiElement(Py:MULT), PsiElement(Py:IDENTIFIER), PsiElement(Py:COMMA), PsiElement(Py:IDENTIFIER), PsiElement(Py:EQ), PsiElement(Py:TRUE_KEYWORD), PsiElement(Py:COMMA), PsiElement(Py:IDENTIFIER)]\",\"text\":\"normalize\\u003dFalse)\\n# [___CELL_SEPARATOR___]\\n# Get percentages of virulence steps assigned YES, NO, and PARTIAL per organism\\nresults.get_results_summary(*types_of_vir, steps\\u003dTrue, normalize\",\"position\":[3358,3535]}]},{\"clone_length\":10,\"clones\":[{\"psi\":\"[PsiElement(Py:IDENTIFIER), PsiElement(Py:DOT), PsiElement(Py:IDENTIFIER), PsiElement(Py:IDENTIFIER), PsiElement(Py:DOT), PsiElement(Py:IDENTIFIER), PsiElement(Py:IDENTIFIER), PsiElement(Py:DOT), PsiElement(Py:IDENTIFIER), PsiElement(Py:IDENTIFIER)]\",\"text\":\"extended_results.property_results\\n# [___CELL_SEPARATOR___]\\nextended_results.step_results\\n# [___CELL_SEPARATOR___]\\n# Get the matches and protein sequences that support properties and steps assigned YES across both organisms. \\nextended_results.step_matches\\n# [___CELL_SEPARATOR___]\\n# Get all matches for E_coli_K12\\nextended_results\",\"position\":[4575,4888]},{\"psi\":\"[PsiElement(Py:IDENTIFIER), PsiElement(Py:DOT), PsiElement(Py:IDENTIFIER), PsiElement(Py:IDENTIFIER), PsiElement(Py:DOT), PsiElement(Py:IDENTIFIER), PsiElement(Py:IDENTIFIER), PsiElement(Py:DOT), PsiElement(Py:IDENTIFIER), PsiElement(Py:IDENTIFIER)]\",\"text\":\"extended_results.property_results\\n# [___CELL_SEPARATOR___]\\nextended_results.step_results\\n# [___CELL_SEPARATOR___]\\n# Get the matches and protein sequences that support properties and steps assigned YES across both organisms. \\nextended_results.step_matches\\n# [___CELL_SEPARATOR___]\\n# Get all matches for E_coli_K12\\nextended_results\",\"position\":[4575,4888]}]},{\"clone_length\":7,\"clones\":[{\"psi\":\"[PsiElement(Py:IDENTIFIER), PsiElement(Py:DOT), PsiElement(Py:IDENTIFIER), PsiElement(Py:IDENTIFIER), PsiElement(Py:DOT), PsiElement(Py:IDENTIFIER), PsiElement(Py:LPAR)]\",\"text\":\"extended_results.step_matches\\n# [___CELL_SEPARATOR___]\\n# Get all matches for E_coli_K12\\nextended_results.get_sample_matches(\",\"position\":[4800,4923]},{\"psi\":\"[PsiElement(Py:IDENTIFIER), PsiElement(Py:DOT), PsiElement(Py:IDENTIFIER), PsiElement(Py:LPAR)]\",\"text\":\"extended_results.write_supporting_proteins_for_step_fasta(\",\"position\":[6242,6299]},{\"psi\":\"[PsiElement(Py:IDENTIFIER), PsiElement(Py:DOT), PsiElement(Py:IDENTIFIER), PsiElement(Py:LPAR)]\",\"text\":\"extended_results.write_supporting_proteins_for_step_fasta(\",\"position\":[6715,6772]}]},{\"clone_length\":5,\"clones\":[{\"psi\":\"[PsiElement(Py:IDENTIFIER), PsiElement(Py:DOT), PsiElement(Py:IDENTIFIER), PsiElement(Py:LPAR), PsiElement(Py:IDENTIFIER)]\",\"text\":\"extended_results.get_property_matches(type_three_secretion_property_id\",\"position\":[5123,5161]},{\"psi\":\"[PsiElement(Py:IDENTIFIER), PsiElement(Py:DOT), PsiElement(Py:IDENTIFIER), PsiElement(Py:LPAR), PsiElement(Py:IDENTIFIER)]\",\"text\":\"extended_results.get_property_matches(type_three_secretion_property_id\",\"position\":[5306,5344]},{\"psi\":\"[PsiElement(Py:IDENTIFIER), PsiElement(Py:DOT), PsiElement(Py:IDENTIFIER), PsiElement(Py:LPAR), PsiElement(Py:IDENTIFIER)]\",\"text\":\"extended_results.get_step_matches(type_three_secretion_property_id\",\"position\":[5728,5762]},{\"psi\":\"[PsiElement(Py:IDENTIFIER), PsiElement(Py:DOT), PsiElement(Py:IDENTIFIER), PsiElement(Py:LPAR), PsiElement(Py:IDENTIFIER)]\",\"text\":\"extended_results.get_step_matches(type_three_secretion_property_id\",\"position\":[5538,5572]},{\"psi\":\"[PsiElement(Py:IDENTIFIER), PsiElement(Py:DOT), PsiElement(Py:IDENTIFIER), PsiElement(Py:LPAR), PsiElement(Py:IDENTIFIER)]\",\"text\":\"extended_results.get_supporting_proteins_for_step(type_three_secretion_property_id\",\"position\":[5908,5958]}]},{\"clone_length\":11,\"clones\":[{\"psi\":\"[PsiElement(Py:IDENTIFIER), PsiElement(Py:DOT), PsiElement(Py:IDENTIFIER), PsiElement(Py:LPAR), PsiElement(Py:IDENTIFIER), PsiElement(Py:COMMA), PsiElement(Py:INTEGER_LITERAL), PsiElement(Py:COMMA), PsiElement(Py:IDENTIFIER), PsiElement(Py:EQ), PsiElement(Py:TRUE_KEYWORD)]\",\"text\":\"extended_results.get_step_matches(type_three_secretion_property_id, 22, top\\u003dTrue\",\"position\":[5538,5614]},{\"psi\":\"[PsiElement(Py:IDENTIFIER), PsiElement(Py:DOT), PsiElement(Py:IDENTIFIER), PsiElement(Py:LPAR), PsiElement(Py:IDENTIFIER), PsiElement(Py:COMMA), PsiElement(Py:INTEGER_LITERAL), PsiElement(Py:COMMA), PsiElement(Py:IDENTIFIER), PsiElement(Py:EQ), PsiElement(Py:TRUE_KEYWORD)]\",\"text\":\"extended_results.get_supporting_proteins_for_step(type_three_secretion_property_id, 22, top\\u003dTrue\",\"position\":[5908,6000]}]},{\"clone_length\":13,\"clones\":[{\"psi\":\"[PsiElement(Py:IDENTIFIER), PsiElement(Py:DOT), PsiElement(Py:IDENTIFIER), PsiElement(Py:IDENTIFIER), PsiElement(Py:DOT), PsiElement(Py:IDENTIFIER), PsiElement(Py:IDENTIFIER), PsiElement(Py:DOT), PsiElement(Py:IDENTIFIER), PsiElement(Py:IDENTIFIER), PsiElement(Py:DOT), PsiElement(Py:IDENTIFIER), PsiElement(Py:IDENTIFIER)]\",\"text\":\"results.sample_names\\n# [___CELL_SEPARATOR___]\\n# The property results property is used to compare two property assignments across samples.\\nresults.property_results\\n# [___CELL_SEPARATOR___]\\n# The step results property is used to compare two step assignments across samples.\\nresults.step_results\\n# [___CELL_SEPARATOR___]\\n# Get properties with differing assignments\\nresults.differing_property_results\\n# [___CELL_SEPARATOR___]\\n# Get property assignments for virulence properties\\nresults\",\"position\":[2383,2857]},{\"psi\":\"[PsiElement(Py:IDENTIFIER), PsiElement(Py:DOT), PsiElement(Py:IDENTIFIER), PsiElement(Py:IDENTIFIER), PsiElement(Py:DOT), PsiElement(Py:IDENTIFIER), PsiElement(Py:IDENTIFIER), PsiElement(Py:DOT), PsiElement(Py:IDENTIFIER), PsiElement(Py:IDENTIFIER), PsiElement(Py:DOT), PsiElement(Py:IDENTIFIER), PsiElement(Py:IDENTIFIER)]\",\"text\":\"results.sample_names\\n# [___CELL_SEPARATOR___]\\n# The property results property is used to compare two property assignments across samples.\\nresults.property_results\\n# [___CELL_SEPARATOR___]\\n# The step results property is used to compare two step assignments across samples.\\nresults.step_results\\n# [___CELL_SEPARATOR___]\\n# Get properties with differing assignments\\nresults.differing_property_results\\n# [___CELL_SEPARATOR___]\\n# Get property assignments for virulence properties\\nresults\",\"position\":[2383,2857]}]},{\"clone_length\":4,\"clones\":[{\"psi\":\"[PsiElement(Py:IDENTIFIER), PsiElement(Py:DOT), PsiElement(Py:IDENTIFIER), PsiElement(Py:LPAR)]\",\"text\":\"results.get_results(\",\"position\":[2857,2876]},{\"psi\":\"[PsiElement(Py:IDENTIFIER), PsiElement(Py:DOT), PsiElement(Py:IDENTIFIER), PsiElement(Py:LPAR)]\",\"text\":\"results.get_results_summary(\",\"position\":[3130,3157]},{\"psi\":\"[PsiElement(Py:IDENTIFIER), PsiElement(Py:DOT), PsiElement(Py:IDENTIFIER), PsiElement(Py:LPAR)]\",\"text\":\"results.get_results(\",\"position\":[2978,2997]},{\"psi\":\"[PsiElement(Py:IDENTIFIER), PsiElement(Py:DOT), PsiElement(Py:IDENTIFIER), PsiElement(Py:LPAR)]\",\"text\":\"results.get_results_summary(\",\"position\":[3303,3330]},{\"psi\":\"[PsiElement(Py:IDENTIFIER), PsiElement(Py:DOT), PsiElement(Py:IDENTIFIER), PsiElement(Py:LPAR)]\",\"text\":\"results.get_results_summary(\",\"position\":[3480,3507]},{\"psi\":\"[PsiElement(Py:IDENTIFIER), PsiElement(Py:DOT), PsiElement(Py:IDENTIFIER), PsiElement(Py:LPAR)]\",\"text\":\"results.to_assignment_database(\",\"position\":[7175,7205]}]},{\"clone_length\":8,\"clones\":[{\"psi\":\"[PsiElement(Py:IDENTIFIER), PsiElement(Py:DOT), PsiElement(Py:IDENTIFIER), PsiElement(Py:LPAR), PsiElement(Py:MULT), PsiElement(Py:IDENTIFIER), PsiElement(Py:COMMA), PsiElement(Py:IDENTIFIER)]\",\"text\":\"results.get_results(*types_of_vir, steps\",\"position\":[2857,2892]},{\"psi\":\"[PsiElement(Py:IDENTIFIER), PsiElement(Py:DOT), PsiElement(Py:IDENTIFIER), PsiElement(Py:LPAR), PsiElement(Py:MULT), PsiElement(Py:IDENTIFIER), PsiElement(Py:COMMA), PsiElement(Py:IDENTIFIER)]\",\"text\":\"results.get_results_summary(*types_of_vir, steps\",\"position\":[3130,3173]},{\"psi\":\"[PsiElement(Py:IDENTIFIER), PsiElement(Py:DOT), PsiElement(Py:IDENTIFIER), PsiElement(Py:LPAR), PsiElement(Py:MULT), PsiElement(Py:IDENTIFIER), PsiElement(Py:COMMA), PsiElement(Py:IDENTIFIER)]\",\"text\":\"results.get_results(*types_of_vir, steps\",\"position\":[2978,3013]},{\"psi\":\"[PsiElement(Py:IDENTIFIER), PsiElement(Py:DOT), PsiElement(Py:IDENTIFIER), PsiElement(Py:LPAR), PsiElement(Py:MULT), PsiElement(Py:IDENTIFIER), PsiElement(Py:COMMA), PsiElement(Py:IDENTIFIER)]\",\"text\":\"results.get_results_summary(*types_of_vir, steps\",\"position\":[3303,3346]},{\"psi\":\"[PsiElement(Py:IDENTIFIER), PsiElement(Py:DOT), PsiElement(Py:IDENTIFIER), PsiElement(Py:LPAR), PsiElement(Py:MULT), PsiElement(Py:IDENTIFIER), PsiElement(Py:COMMA), PsiElement(Py:IDENTIFIER)]\",\"text\":\"results.get_results_summary(*types_of_vir, steps\",\"position\":[3480,3523]}]},{\"clone_length\":10,\"clones\":[{\"psi\":\"[PsiElement(Py:IDENTIFIER), PsiElement(Py:DOT), PsiElement(Py:IDENTIFIER), PsiElement(Py:LPAR), PsiElement(Py:MULT), PsiElement(Py:IDENTIFIER), PsiElement(Py:COMMA), PsiElement(Py:IDENTIFIER), PsiElement(Py:EQ), PsiElement(Py:FALSE_KEYWORD)]\",\"text\":\"results.get_results(*types_of_vir, steps\\u003dFalse\",\"position\":[2857,2898]},{\"psi\":\"[PsiElement(Py:IDENTIFIER), PsiElement(Py:DOT), PsiElement(Py:IDENTIFIER), PsiElement(Py:LPAR), PsiElement(Py:MULT), PsiElement(Py:IDENTIFIER), PsiElement(Py:COMMA), PsiElement(Py:IDENTIFIER), PsiElement(Py:EQ), PsiElement(Py:FALSE_KEYWORD)]\",\"text\":\"results.get_results_summary(*types_of_vir, steps\\u003dFalse\",\"position\":[3130,3179]}]},{\"clone_length\":11,\"clones\":[{\"psi\":\"[PsiElement(Py:IDENTIFIER), PsiElement(Py:COMMA), PsiElement(Py:INTEGER_LITERAL), PsiElement(Py:COMMA), PsiElement(Py:IDENTIFIER), PsiElement(Py:EQ), PsiElement(Py:TRUE_KEYWORD), PsiElement(Py:RPAR), PsiElement(Py:WITH_KEYWORD), PsiElement(Py:IDENTIFIER), PsiElement(Py:LPAR)]\",\"text\":\"type_three_secretion_property_id, 22, top\\u003dTrue)\\n# [___CELL_SEPARATOR___]\\n# Write FASTA file containing the sequences of the lowest E-value matches for \\n# Type III Secretion System component 22 across both organisms.\\nwith open(\",\"position\":[5958,6183]},{\"psi\":\"[PsiElement(Py:IDENTIFIER), PsiElement(Py:COMMA), PsiElement(Py:INTEGER_LITERAL), PsiElement(Py:COMMA), PsiElement(Py:IDENTIFIER), PsiElement(Py:EQ), PsiElement(Py:TRUE_KEYWORD), PsiElement(Py:RPAR), PsiElement(Py:WITH_KEYWORD), PsiElement(Py:IDENTIFIER), PsiElement(Py:LPAR)]\",\"text\":\"type_three_secretion_property_id, \\n                                                              22, top\\u003dTrue)\\n# [___CELL_SEPARATOR___]\\n# Write FASTA file containing the sequences of all matches for \\n# Type III Secretion System component 22 across both organisms.\\nwith open(\",\"position\":[6383,6656]}]},{\"clone_length\":7,\"clones\":[{\"psi\":\"[PsiElement(Py:IDENTIFIER), PsiElement(Py:COMMA), PsiElement(Py:INTEGER_LITERAL), PsiElement(Py:COMMA), PsiElement(Py:IDENTIFIER), PsiElement(Py:EQ), PsiElement(Py:FALSE_KEYWORD)]\",\"text\":\"type_three_secretion_property_id, 22, top\\u003dFalse\",\"position\":[5762,5804]},{\"psi\":\"[PsiElement(Py:IDENTIFIER), PsiElement(Py:COMMA), PsiElement(Py:INTEGER_LITERAL), PsiElement(Py:COMMA), PsiElement(Py:IDENTIFIER), PsiElement(Py:EQ), PsiElement(Py:FALSE_KEYWORD)]\",\"text\":\"type_three_secretion_property_id, \\n                                                              22, top\\u003dFalse\",\"position\":[6856,6961]}]}]}","initial_tree_length":637,"project_name":"8308b4f92f7750c9728fa2b96681c018ffd80533","file_name":"8308b4f92f7750c9728fa2b96681c018ffd80533.ipynb.py"}