{"3":"{\"totalGroups\":13,\"totalClones\":42,\"groups\":[{\"clone_length\":9,\"clones\":[{\"psi\":\"[PsiElement(Py:IDENTIFIER), PsiElement(Py:EQ), PsiElement(Py:COMMA), PsiElement(Py:IDENTIFIER), PsiElement(Py:EQ), PsiElement(Py:RPAR), PsiElement(Py:DOT), PsiElement(Py:IDENTIFIER), PsiElement(Py:LPAR)]\",\"text\":\"threshold\\u003d\\u00270.6\\u0027,\\n                          classifier_ids\\u003d\\u0027default\\u0027).get_result(\",\"position\":[1715,1794]},{\"psi\":\"[PsiElement(Py:IDENTIFIER), PsiElement(Py:EQ), PsiElement(Py:COMMA), PsiElement(Py:IDENTIFIER), PsiElement(Py:EQ), PsiElement(Py:RPAR), PsiElement(Py:DOT), PsiElement(Py:IDENTIFIER), PsiElement(Py:LPAR)]\",\"text\":\"threshold\\u003d\\u00270.6\\u0027,\\n                              classifier_ids\\u003d\\u0027default\\u0027).get_result(\",\"position\":[2045,2128]},{\"psi\":\"[PsiElement(Py:IDENTIFIER), PsiElement(Py:EQ), PsiElement(Py:COMMA), PsiElement(Py:IDENTIFIER), PsiElement(Py:EQ), PsiElement(Py:RPAR), PsiElement(Py:DOT), PsiElement(Py:IDENTIFIER), PsiElement(Py:LPAR)]\",\"text\":\"threshold\\u003d\\u00270.6\\u0027,\\n                              classifier_ids\\u003d\\u0027default\\u0027).get_result(\",\"position\":[3600,3683]}]},{\"clone_length\":1,\"clones\":[{\"psi\":\"[PsiElement(Py:IDENTIFIER)]\",\"text\":\"json_normalize\",\"position\":[2223,2223]},{\"psi\":\"[PsiElement(Py:IDENTIFIER)]\",\"text\":\"json_normalize\",\"position\":[3778,3778]},{\"psi\":\"[PsiElement(Py:IDENTIFIER)]\",\"text\":\"json_normalize\",\"position\":[2223,2223]},{\"psi\":\"[PsiElement(Py:IDENTIFIER)]\",\"text\":\"json_normalize\",\"position\":[3778,3778]}]},{\"clone_length\":1,\"clones\":[{\"psi\":\"[PsiElement(Py:IDENTIFIER)]\",\"text\":\"json_result\",\"position\":[2155,2155]},{\"psi\":\"[PsiElement(Py:IDENTIFIER)]\",\"text\":\"json_result\",\"position\":[3710,3710]},{\"psi\":\"[PsiElement(Py:IDENTIFIER)]\",\"text\":\"json_result\",\"position\":[2155,2155]},{\"psi\":\"[PsiElement(Py:IDENTIFIER)]\",\"text\":\"json_result\",\"position\":[3710,3710]}]},{\"clone_length\":58,\"clones\":[{\"psi\":\"[PsiElement(Py:IDENTIFIER), PsiElement(Py:EQ), PsiElement(Py:IDENTIFIER), PsiElement(Py:DOT), PsiElement(Py:IDENTIFIER), PsiElement(Py:LPAR), PsiElement(Py:IDENTIFIER), PsiElement(Py:EQ), PsiElement(Py:IDENTIFIER), PsiElement(Py:COMMA), PsiElement(Py:IDENTIFIER), PsiElement(Py:EQ), PsiElement(Py:COMMA), PsiElement(Py:IDENTIFIER), PsiElement(Py:EQ), PsiElement(Py:RPAR), PsiElement(Py:DOT), PsiElement(Py:IDENTIFIER), PsiElement(Py:LPAR), PsiElement(Py:RPAR), PsiElement(Py:IDENTIFIER), PsiElement(Py:EQ), PsiElement(Py:IDENTIFIER), PsiElement(Py:LBRACKET), PsiElement(Py:RBRACKET), PsiElement(Py:LBRACKET), PsiElement(Py:INTEGER_LITERAL), PsiElement(Py:RBRACKET), PsiElement(Py:LBRACKET), PsiElement(Py:RBRACKET), PsiElement(Py:LBRACKET), PsiElement(Py:INTEGER_LITERAL), PsiElement(Py:RBRACKET), PsiElement(Py:LBRACKET), PsiElement(Py:RBRACKET), PsiElement(Py:IDENTIFIER), PsiElement(Py:EQ), PsiElement(Py:IDENTIFIER), PsiElement(Py:LPAR), PsiElement(Py:IDENTIFIER), PsiElement(Py:RPAR), PsiElement(Py:DOT), PsiElement(Py:IDENTIFIER), PsiElement(Py:LPAR), PsiElement(Py:COMMA), PsiElement(Py:IDENTIFIER), PsiElement(Py:EQ), PsiElement(Py:FALSE_KEYWORD), PsiElement(Py:RPAR), PsiElement(Py:DOT), PsiElement(Py:IDENTIFIER), PsiElement(Py:LPAR), PsiElement(Py:IDENTIFIER), PsiElement(Py:EQ), PsiElement(Py:TRUE_KEYWORD), PsiElement(Py:RPAR), PsiElement(Py:RETURN_KEYWORD), PsiElement(Py:IDENTIFIER)]\",\"text\":\"json_result \\u003d visrec.classify(url\\u003durl,\\n                              threshold\\u003d\\u00270.6\\u0027,\\n                              classifier_ids\\u003d\\u0027default\\u0027).get_result()\\n    \\n    json_classes \\u003d json_result[\\u0027images\\u0027][0][\\u0027classifiers\\u0027][0][\\u0027classes\\u0027]\\n    \\n    df \\u003d json_normalize(json_classes).sort_values(\\u0027score\\u0027, ascending\\u003dFalse).reset_index(drop\\u003dTrue)\\n    \\n    return df\",\"position\":[1976,2329]},{\"psi\":\"[PsiElement(Py:IDENTIFIER), PsiElement(Py:EQ), PsiElement(Py:IDENTIFIER), PsiElement(Py:DOT), PsiElement(Py:IDENTIFIER), PsiElement(Py:LPAR), PsiElement(Py:IDENTIFIER), PsiElement(Py:EQ), PsiElement(Py:IDENTIFIER), PsiElement(Py:COMMA), PsiElement(Py:IDENTIFIER), PsiElement(Py:EQ), PsiElement(Py:COMMA), PsiElement(Py:IDENTIFIER), PsiElement(Py:EQ), PsiElement(Py:RPAR), PsiElement(Py:DOT), PsiElement(Py:IDENTIFIER), PsiElement(Py:LPAR), PsiElement(Py:RPAR), PsiElement(Py:IDENTIFIER), PsiElement(Py:EQ), PsiElement(Py:IDENTIFIER), PsiElement(Py:LBRACKET), PsiElement(Py:RBRACKET), PsiElement(Py:LBRACKET), PsiElement(Py:INTEGER_LITERAL), PsiElement(Py:RBRACKET), PsiElement(Py:LBRACKET), PsiElement(Py:RBRACKET), PsiElement(Py:LBRACKET), PsiElement(Py:INTEGER_LITERAL), PsiElement(Py:RBRACKET), PsiElement(Py:LBRACKET), PsiElement(Py:RBRACKET), PsiElement(Py:IDENTIFIER), PsiElement(Py:EQ), PsiElement(Py:IDENTIFIER), PsiElement(Py:LPAR), PsiElement(Py:IDENTIFIER), PsiElement(Py:RPAR), PsiElement(Py:DOT), PsiElement(Py:IDENTIFIER), PsiElement(Py:LPAR), PsiElement(Py:COMMA), PsiElement(Py:IDENTIFIER), PsiElement(Py:EQ), PsiElement(Py:FALSE_KEYWORD), PsiElement(Py:RPAR), PsiElement(Py:DOT), PsiElement(Py:IDENTIFIER), PsiElement(Py:LPAR), PsiElement(Py:IDENTIFIER), PsiElement(Py:EQ), PsiElement(Py:TRUE_KEYWORD), PsiElement(Py:RPAR), PsiElement(Py:RETURN_KEYWORD), PsiElement(Py:IDENTIFIER)]\",\"text\":\"json_result \\u003d visrec.classify(url\\u003durl,\\n                              threshold\\u003d\\u00270.6\\u0027,\\n                              classifier_ids\\u003d\\u0027default\\u0027).get_result()\\n    \\n    json_classes \\u003d json_result[\\u0027images\\u0027][0][\\u0027classifiers\\u0027][0][\\u0027classes\\u0027]\\n    \\n    df \\u003d json_normalize(json_classes).sort_values(\\u0027score\\u0027, ascending\\u003dFalse).reset_index(drop\\u003dTrue)\\n    \\n    return df\",\"position\":[3531,3884]}]},{\"clone_length\":1,\"clones\":[{\"psi\":\"[PsiElement(Py:IDENTIFIER)]\",\"text\":\"urllib\",\"position\":[287,287]},{\"psi\":\"[PsiElement(Py:IDENTIFIER)]\",\"text\":\"urllib\",\"position\":[2940,2940]},{\"psi\":\"[PsiElement(Py:IDENTIFIER)]\",\"text\":\"urllib\",\"position\":[287,287]},{\"psi\":\"[PsiElement(Py:IDENTIFIER)]\",\"text\":\"urllib\",\"position\":[2940,2940]}]},{\"clone_length\":1,\"clones\":[{\"psi\":\"[PsiElement(Py:IDENTIFIER)]\",\"text\":\"visrec\",\"position\":[1658,1658]},{\"psi\":\"[PsiElement(Py:IDENTIFIER)]\",\"text\":\"visrec\",\"position\":[1990,1990]},{\"psi\":\"[PsiElement(Py:IDENTIFIER)]\",\"text\":\"visrec\",\"position\":[3545,3545]},{\"psi\":\"[PsiElement(Py:IDENTIFIER)]\",\"text\":\"visrec\",\"position\":[1658,1658]},{\"psi\":\"[PsiElement(Py:IDENTIFIER)]\",\"text\":\"visrec\",\"position\":[1990,1990]},{\"psi\":\"[PsiElement(Py:IDENTIFIER)]\",\"text\":\"visrec\",\"position\":[3545,3545]}]},{\"clone_length\":5,\"clones\":[{\"psi\":\"[PsiElement(Py:IDENTIFIER), PsiElement(Py:DOT), PsiElement(Py:IDENTIFIER), PsiElement(Py:LPAR), PsiElement(Py:IDENTIFIER)]\",\"text\":\"visrec.classify(url\",\"position\":[1658,1674]},{\"psi\":\"[PsiElement(Py:IDENTIFIER), PsiElement(Py:DOT), PsiElement(Py:IDENTIFIER), PsiElement(Py:LPAR), PsiElement(Py:IDENTIFIER)]\",\"text\":\"visrec.classify(url\",\"position\":[1990,2006]},{\"psi\":\"[PsiElement(Py:IDENTIFIER), PsiElement(Py:DOT), PsiElement(Py:IDENTIFIER), PsiElement(Py:LPAR), PsiElement(Py:IDENTIFIER)]\",\"text\":\"visrec.classify(url\",\"position\":[3545,3561]}]},{\"clone_length\":6,\"clones\":[{\"psi\":\"[PsiElement(Py:IDENTIFIER), PsiElement(Py:EQ), PsiElement(Py:IDENTIFIER), PsiElement(Py:DOT), PsiElement(Py:IDENTIFIER), PsiElement(Py:LPAR)]\",\"text\":\"image \\u003d cv2.imread(\",\"position\":[374,392]},{\"psi\":\"[PsiElement(Py:IDENTIFIER), PsiElement(Py:EQ), PsiElement(Py:IDENTIFIER), PsiElement(Py:DOT), PsiElement(Py:IDENTIFIER), PsiElement(Py:LPAR)]\",\"text\":\"image \\u003d cv2.imread(\",\"position\":[3021,3039]},{\"psi\":\"[PsiElement(Py:IDENTIFIER), PsiElement(Py:EQ), PsiElement(Py:IDENTIFIER), PsiElement(Py:DOT), PsiElement(Py:IDENTIFIER), PsiElement(Py:LPAR)]\",\"text\":\"image \\u003d cv2.cvtColor(\",\"position\":[519,539]},{\"psi\":\"[PsiElement(Py:IDENTIFIER), PsiElement(Py:EQ), PsiElement(Py:IDENTIFIER), PsiElement(Py:DOT), PsiElement(Py:IDENTIFIER), PsiElement(Py:LPAR)]\",\"text\":\"image \\u003d cv2.cvtColor(\",\"position\":[3166,3186]}]},{\"clone_length\":6,\"clones\":[{\"psi\":\"[PsiElement(Py:IDENTIFIER), PsiElement(Py:DOT), PsiElement(Py:IDENTIFIER), PsiElement(Py:DOT), PsiElement(Py:IDENTIFIER), PsiElement(Py:LPAR)]\",\"text\":\"# Downloads an image from a URL, and displays it in the notebook\\n    urllib.request.urlretrieve(\",\"position\":[287,313]},{\"psi\":\"[PsiElement(Py:IDENTIFIER), PsiElement(Py:DOT), PsiElement(Py:IDENTIFIER), PsiElement(Py:DOT), PsiElement(Py:IDENTIFIER), PsiElement(Py:LPAR)]\",\"text\":\"# Downloads an image from a URL, and displays it in the notebook\\n    urllib.request.urlretrieve(\",\"position\":[2940,2966]}]},{\"clone_length\":2,\"clones\":[{\"psi\":\"[PsiElement(Py:IDENTIFIER), PsiElement(Py:LPAR)]\",\"text\":\"plt_image(\",\"position\":[898,907]},{\"psi\":\"[PsiElement(Py:IDENTIFIER), PsiElement(Py:LPAR)]\",\"text\":\"plt_image(\",\"position\":[1798,1807]},{\"psi\":\"[PsiElement(Py:IDENTIFIER), PsiElement(Py:LPAR)]\",\"text\":\"plt_image(\",\"position\":[2497,2506]},{\"psi\":\"[PsiElement(Py:IDENTIFIER), PsiElement(Py:LPAR)]\",\"text\":\"plt_image(\",\"position\":[2715,2724]}]},{\"clone_length\":3,\"clones\":[{\"psi\":\"[PsiElement(Py:IDENTIFIER), PsiElement(Py:LPAR), PsiElement(Py:IDENTIFIER)]\",\"text\":\"plt_image(image_url\",\"position\":[898,908]},{\"psi\":\"[PsiElement(Py:IDENTIFIER), PsiElement(Py:LPAR), PsiElement(Py:IDENTIFIER)]\",\"text\":\"plt_image(image_url\",\"position\":[1798,1808]}]},{\"clone_length\":7,\"clones\":[{\"psi\":\"[PsiElement(Py:IDENTIFIER), PsiElement(Py:LPAR), PsiElement(Py:IDENTIFIER), PsiElement(Py:RPAR), PsiElement(Py:IDENTIFIER), PsiElement(Py:LPAR), PsiElement(Py:IDENTIFIER)]\",\"text\":\"plt_image(url)\\ngetdf_visrec(url\",\"position\":[2497,2525]},{\"psi\":\"[PsiElement(Py:IDENTIFIER), PsiElement(Py:LPAR), PsiElement(Py:IDENTIFIER), PsiElement(Py:RPAR), PsiElement(Py:IDENTIFIER), PsiElement(Py:LPAR), PsiElement(Py:IDENTIFIER)]\",\"text\":\"plt_image(url)\\ngetdf_visrec(url\",\"position\":[2715,2743]}]},{\"clone_length\":61,\"clones\":[{\"psi\":\"[PsiElement(Py:RPAR), PsiElement(Py:IDENTIFIER), PsiElement(Py:EQ), PsiElement(Py:IDENTIFIER), PsiElement(Py:DOT), PsiElement(Py:IDENTIFIER), PsiElement(Py:LPAR), PsiElement(Py:RPAR), PsiElement(Py:IF_KEYWORD), PsiElement(Py:IDENTIFIER), PsiElement(Py:LPAR), PsiElement(Py:IDENTIFIER), PsiElement(Py:DOT), PsiElement(Py:IDENTIFIER), PsiElement(Py:RPAR), PsiElement(Py:EQEQ), PsiElement(Py:INTEGER_LITERAL), PsiElement(Py:COLON), PsiElement(Py:IDENTIFIER), PsiElement(Py:EQ), PsiElement(Py:IDENTIFIER), PsiElement(Py:DOT), PsiElement(Py:IDENTIFIER), PsiElement(Py:LPAR), PsiElement(Py:IDENTIFIER), PsiElement(Py:COMMA), PsiElement(Py:IDENTIFIER), PsiElement(Py:DOT), PsiElement(Py:IDENTIFIER), PsiElement(Py:RPAR), PsiElement(Py:IDENTIFIER), PsiElement(Py:LBRACKET), PsiElement(Py:RBRACKET), PsiElement(Py:EQ), PsiElement(Py:IDENTIFIER), PsiElement(Py:LBRACKET), PsiElement(Py:INTEGER_LITERAL), PsiElement(Py:RBRACKET), PsiElement(Py:COMMA), PsiElement(Py:IDENTIFIER), PsiElement(Py:LBRACKET), PsiElement(Py:INTEGER_LITERAL), PsiElement(Py:RBRACKET), PsiElement(Py:IDENTIFIER), PsiElement(Py:DOT), PsiElement(Py:IDENTIFIER), PsiElement(Py:LPAR), PsiElement(Py:RPAR), PsiElement(Py:IDENTIFIER), PsiElement(Py:DOT), PsiElement(Py:IDENTIFIER), PsiElement(Py:LPAR), PsiElement(Py:IDENTIFIER), PsiElement(Py:COMMA), PsiElement(Py:IDENTIFIER), PsiElement(Py:EQ), PsiElement(Py:RPAR), PsiElement(Py:IDENTIFIER), PsiElement(Py:DOT), PsiElement(Py:IDENTIFIER), PsiElement(Py:LPAR)]\",\"text\":\"\\\"image.jpg\\\") # downloads file as \\\"image.jpg\\\"\\n    image \\u003d cv2.imread(\\\"image.jpg\\\")\\n    \\n    # If image is in color, then correct color coding from BGR to RGB\\n    if len(image.shape) \\u003d\\u003d 3:\\n        image \\u003d cv2.cvtColor(image, cv2.COLOR_BGR2RGB)\\n    \\n    rcParams[\\u0027figure.figsize\\u0027] \\u003d size[0], size[1] #set image display size\\n\\n    plt.axis(\\\"off\\\")\\n    plt.imshow(image, cmap\\u003d\\\"Greys_r\\\")\\n    plt.show(\",\"position\":[336,716]},{\"psi\":\"[PsiElement(Py:RPAR), PsiElement(Py:IDENTIFIER), PsiElement(Py:EQ), PsiElement(Py:IDENTIFIER), PsiElement(Py:DOT), PsiElement(Py:IDENTIFIER), PsiElement(Py:LPAR), PsiElement(Py:RPAR), PsiElement(Py:IF_KEYWORD), PsiElement(Py:IDENTIFIER), PsiElement(Py:LPAR), PsiElement(Py:IDENTIFIER), PsiElement(Py:DOT), PsiElement(Py:IDENTIFIER), PsiElement(Py:RPAR), PsiElement(Py:EQEQ), PsiElement(Py:INTEGER_LITERAL), PsiElement(Py:COLON), PsiElement(Py:IDENTIFIER), PsiElement(Py:EQ), PsiElement(Py:IDENTIFIER), PsiElement(Py:DOT), PsiElement(Py:IDENTIFIER), PsiElement(Py:LPAR), PsiElement(Py:IDENTIFIER), PsiElement(Py:COMMA), PsiElement(Py:IDENTIFIER), PsiElement(Py:DOT), PsiElement(Py:IDENTIFIER), PsiElement(Py:RPAR), PsiElement(Py:IDENTIFIER), PsiElement(Py:LBRACKET), PsiElement(Py:RBRACKET), PsiElement(Py:EQ), PsiElement(Py:IDENTIFIER), PsiElement(Py:LBRACKET), PsiElement(Py:INTEGER_LITERAL), PsiElement(Py:RBRACKET), PsiElement(Py:COMMA), PsiElement(Py:IDENTIFIER), PsiElement(Py:LBRACKET), PsiElement(Py:INTEGER_LITERAL), PsiElement(Py:RBRACKET), PsiElement(Py:IDENTIFIER), PsiElement(Py:DOT), PsiElement(Py:IDENTIFIER), PsiElement(Py:LPAR), PsiElement(Py:RPAR), PsiElement(Py:IDENTIFIER), PsiElement(Py:DOT), PsiElement(Py:IDENTIFIER), PsiElement(Py:LPAR), PsiElement(Py:IDENTIFIER), PsiElement(Py:COMMA), PsiElement(Py:IDENTIFIER), PsiElement(Py:EQ), PsiElement(Py:RPAR), PsiElement(Py:IDENTIFIER), PsiElement(Py:DOT), PsiElement(Py:IDENTIFIER), PsiElement(Py:LPAR)]\",\"text\":\"\\\"image.jpg\\\") # downloads file as \\\"image.jpg\\\"\\n    image \\u003d cv2.imread(\\\"image.jpg\\\")\\n    \\n    # If image is in color, then correct color coding from BGR to RGB\\n    if len(image.shape) \\u003d\\u003d 3:\\n        image \\u003d cv2.cvtColor(image, cv2.COLOR_BGR2RGB)\\n    \\n    rcParams[\\u0027figure.figsize\\u0027] \\u003d size[0], size[1] #set image display size\\n\\n    plt.axis(\\\"off\\\")\\n    plt.imshow(image, cmap\\u003d\\\"Greys_r\\\")\\n    plt.show(\",\"position\":[2983,3363]}]}]}","initial_tree_length":458,"project_name":"845ae45368eee92293f1543e0b11599f25555390","file_name":"845ae45368eee92293f1543e0b11599f25555390.ipynb.py"}