{"3":"{\"totalGroups\":3,\"totalClones\":6,\"groups\":[{\"clone_length\":3,\"clones\":[{\"psi\":\"[PsiElement(Py:LPAR), PsiElement(Py:RPAR), PsiElement(Py:IDENTIFIER)]\",\"text\":\"()\\n# [___CELL_SEPARATOR___]\\n# interactions.query(\\\"interaction\\u003d\\u003d\\u0027-a\\u003e\\u0027 | interaction\\u003d\\u003d\\u0027-a|\\u0027\\\").head()\\ninteractions\",\"position\":[261,360]},{\"psi\":\"[PsiElement(Py:LPAR), PsiElement(Py:RPAR), PsiElement(Py:IDENTIFIER), PsiElement(Py:LBRACKET), PsiElement(Py:IDENTIFIER)]\",\"text\":\"()\\n# [___CELL_SEPARATOR___]\\ninteractions[interactions\",\"position\":[405,446]}]},{\"clone_length\":3,\"clones\":[{\"psi\":\"[PsiElement(Py:IDENTIFIER), PsiElement(Py:LBRACKET), PsiElement(Py:IDENTIFIER)]\",\"text\":\"interactions[interactions\",\"position\":[433,446]},{\"psi\":\"[PsiElement(Py:IDENTIFIER), PsiElement(Py:LBRACKET), PsiElement(Py:IDENTIFIER)]\",\"text\":\"interactions[interactions\",\"position\":[433,446]}]},{\"clone_length\":4,\"clones\":[{\"psi\":\"[PsiElement(Py:IDENTIFIER), PsiElement(Py:DOT), PsiElement(Py:IDENTIFIER), PsiElement(Py:LPAR)]\",\"text\":\"interactions.head(\",\"position\":[244,261]},{\"psi\":\"[PsiElement(Py:IDENTIFIER), PsiElement(Py:DOT), PsiElement(Py:IDENTIFIER), PsiElement(Py:LPAR)]\",\"text\":\"interactions.query(\",\"position\":[360,378]}]}]}","initial_tree_length":66,"project_name":"86a44ba367be7206c6548b1b49ac2900c9a44a6d","file_name":"86a44ba367be7206c6548b1b49ac2900c9a44a6d.ipynb.py"}