{"3":"{\"totalGroups\":1,\"totalClones\":2,\"groups\":[{\"clone_length\":4,\"clones\":[{\"psi\":\"[PsiElement(Py:IDENTIFIER), PsiElement(Py:DOT), PsiElement(Py:IDENTIFIER), PsiElement(Py:IDENTIFIER)]\",\"text\":\"df.shape\\n# [___CELL_SEPARATOR___]\\ndf\",\"position\":[122,156]},{\"psi\":\"[PsiElement(Py:IDENTIFIER), PsiElement(Py:DOT), PsiElement(Py:IDENTIFIER), PsiElement(Py:IDENTIFIER)]\",\"text\":\"df.shape\\n# [___CELL_SEPARATOR___]\\ndf\",\"position\":[122,156]}]}]}","initial_tree_length":30,"project_name":"8c76792d3c60162da07e2d4353e89f26a0bd6541","file_name":"8c76792d3c60162da07e2d4353e89f26a0bd6541.ipynb.py"}