{"3":"{\"totalGroups\":12,\"totalClones\":33,\"groups\":[{\"clone_length\":3,\"clones\":[{\"psi\":\"[PsiElement(Py:IDENTIFIER), PsiElement(Py:LPAR), PsiElement(Py:IDENTIFIER)]\",\"text\":\"margin_of_error(illegal_voter_rate\",\"position\":[3744,3760]},{\"psi\":\"[PsiElement(Py:IDENTIFIER), PsiElement(Py:LPAR), PsiElement(Py:IDENTIFIER)]\",\"text\":\"margin_of_error(illegal_voter_rate\",\"position\":[4019,4035]}]},{\"clone_length\":5,\"clones\":[{\"psi\":\"[PsiElement(Py:IDENTIFIER), PsiElement(Py:LPAR), PsiElement(Py:IDENTIFIER), PsiElement(Py:COMMA), PsiElement(Py:IDENTIFIER)]\",\"text\":\"margin_of_error(p, n\",\"position\":[354,373]},{\"psi\":\"[PsiElement(Py:IDENTIFIER), PsiElement(Py:LPAR), PsiElement(Py:IDENTIFIER), PsiElement(Py:COMMA), PsiElement(Py:IDENTIFIER)]\",\"text\":\"margin_of_error(p, n\",\"position\":[903,922]}]},{\"clone_length\":1,\"clones\":[{\"psi\":\"[PsiElement(Py:IDENTIFIER)]\",\"text\":\"cc\",\"position\":[3105,3105]},{\"psi\":\"[PsiElement(Py:IDENTIFIER)]\",\"text\":\"cc\",\"position\":[3247,3247]},{\"psi\":\"[PsiElement(Py:IDENTIFIER)]\",\"text\":\"cc\",\"position\":[3105,3105]}]},{\"clone_length\":4,\"clones\":[{\"psi\":\"[PsiElement(Py:IDENTIFIER), PsiElement(Py:RPAR), PsiElement(Py:IDENTIFIER), PsiElement(Py:LPAR)]\",\"text\":\"moe)\\n\\nprint(\",\"position\":[1000,1011]},{\"psi\":\"[PsiElement(Py:IDENTIFIER), PsiElement(Py:RPAR), PsiElement(Py:RPAR), PsiElement(Py:IDENTIFIER), PsiElement(Py:LPAR)]\",\"text\":\"moe))\\nprint(\",\"position\":[1047,1058]}]},{\"clone_length\":3,\"clones\":[{\"psi\":\"[PsiElement(Py:IDENTIFIER), PsiElement(Py:LPAR), PsiElement(Py:IDENTIFIER)]\",\"text\":\"len(cc\",\"position\":[2879,2883]},{\"psi\":\"[PsiElement(Py:IDENTIFIER), PsiElement(Py:LPAR), PsiElement(Py:IDENTIFIER)]\",\"text\":\"len(cc\",\"position\":[3275,3279]}]},{\"clone_length\":8,\"clones\":[{\"psi\":\"[PsiElement(Py:IDENTIFIER), PsiElement(Py:LPAR), PsiElement(Py:IDENTIFIER), PsiElement(Py:RPAR), PsiElement(Py:MULT), PsiElement(Py:INTEGER_LITERAL), PsiElement(Py:COMMA), PsiElement(Py:INTEGER_LITERAL)]\",\"text\":\"len(cces_panel) * 100, 2\",\"position\":[2942,2965]},{\"psi\":\"[PsiElement(Py:IDENTIFIER), PsiElement(Py:LPAR), PsiElement(Py:IDENTIFIER), PsiElement(Py:RPAR), PsiElement(Py:MULT), PsiElement(Py:INTEGER_LITERAL), PsiElement(Py:COMMA), PsiElement(Py:INTEGER_LITERAL)]\",\"text\":\"len(cces_panel) * 100, 2\",\"position\":[3054,3077]},{\"psi\":\"[PsiElement(Py:IDENTIFIER), PsiElement(Py:LPAR), PsiElement(Py:IDENTIFIER), PsiElement(Py:RPAR), PsiElement(Py:MULT), PsiElement(Py:INTEGER_LITERAL), PsiElement(Py:COMMA), PsiElement(Py:INTEGER_LITERAL)]\",\"text\":\"len(cces_panel) * 100, 2\",\"position\":[2997,3020]},{\"psi\":\"[PsiElement(Py:IDENTIFIER), PsiElement(Py:LPAR), PsiElement(Py:IDENTIFIER), PsiElement(Py:RPAR), PsiElement(Py:MULT), PsiElement(Py:INTEGER_LITERAL), PsiElement(Py:COMMA), PsiElement(Py:INTEGER_LITERAL)]\",\"text\":\"len(cces_panel) * 100, 2\",\"position\":[2887,2910]}]},{\"clone_length\":3,\"clones\":[{\"psi\":\"[PsiElement(Py:IDENTIFIER), PsiElement(Py:LPAR), PsiElement(Py:IDENTIFIER)]\",\"text\":\"round(illegal_voters\",\"position\":[1391,1397]},{\"psi\":\"[PsiElement(Py:IDENTIFIER), PsiElement(Py:LPAR), PsiElement(Py:IDENTIFIER)]\",\"text\":\"round(illegal_voters\",\"position\":[1466,1472]}]},{\"clone_length\":4,\"clones\":[{\"psi\":\"[PsiElement(Py:IDENTIFIER), PsiElement(Py:LPAR), PsiElement(Py:LPAR), PsiElement(Py:IDENTIFIER)]\",\"text\":\"round((illegal_voter_rate\",\"position\":[3816,3823]},{\"psi\":\"[PsiElement(Py:IDENTIFIER), PsiElement(Py:LPAR), PsiElement(Py:LPAR), PsiElement(Py:IDENTIFIER)]\",\"text\":\"round((illegal_voter_rate\",\"position\":[3907,3914]},{\"psi\":\"[PsiElement(Py:IDENTIFIER), PsiElement(Py:LPAR), PsiElement(Py:LPAR), PsiElement(Py:IDENTIFIER)]\",\"text\":\"round((illegal_voter_rate\",\"position\":[4082,4089]},{\"psi\":\"[PsiElement(Py:IDENTIFIER), PsiElement(Py:LPAR), PsiElement(Py:LPAR), PsiElement(Py:IDENTIFIER)]\",\"text\":\"round((illegal_voter_rate\",\"position\":[4173,4180]}]},{\"clone_length\":9,\"clones\":[{\"psi\":\"[PsiElement(Py:IDENTIFIER), PsiElement(Py:LPAR), PsiElement(Py:LPAR), PsiElement(Py:IDENTIFIER), PsiElement(Py:MINUS), PsiElement(Py:IDENTIFIER), PsiElement(Py:RPAR), PsiElement(Py:MULT), PsiElement(Py:IDENTIFIER)]\",\"text\":\"round((illegal_voter_rate - moe_small_survey) * total_non_citizens\",\"position\":[3816,3864]},{\"psi\":\"[PsiElement(Py:IDENTIFIER), PsiElement(Py:LPAR), PsiElement(Py:LPAR), PsiElement(Py:IDENTIFIER), PsiElement(Py:PLUS), PsiElement(Py:IDENTIFIER), PsiElement(Py:RPAR), PsiElement(Py:MULT), PsiElement(Py:IDENTIFIER)]\",\"text\":\"round((illegal_voter_rate + moe_small_survey) * total_non_citizens\",\"position\":[3907,3955]}]},{\"clone_length\":9,\"clones\":[{\"psi\":\"[PsiElement(Py:IDENTIFIER), PsiElement(Py:LPAR), PsiElement(Py:LPAR), PsiElement(Py:IDENTIFIER), PsiElement(Py:MINUS), PsiElement(Py:IDENTIFIER), PsiElement(Py:RPAR), PsiElement(Py:MULT), PsiElement(Py:IDENTIFIER)]\",\"text\":\"round((illegal_voter_rate - moe_large_survey) * total_non_citizens\",\"position\":[4082,4130]},{\"psi\":\"[PsiElement(Py:IDENTIFIER), PsiElement(Py:LPAR), PsiElement(Py:LPAR), PsiElement(Py:IDENTIFIER), PsiElement(Py:PLUS), PsiElement(Py:IDENTIFIER), PsiElement(Py:RPAR), PsiElement(Py:MULT), PsiElement(Py:IDENTIFIER)]\",\"text\":\"round((illegal_voter_rate + moe_large_survey) * total_non_citizens\",\"position\":[4173,4221]}]},{\"clone_length\":4,\"clones\":[{\"psi\":\"[PsiElement(Py:IDENTIFIER), PsiElement(Py:LPAR), PsiElement(Py:IDENTIFIER), PsiElement(Py:LPAR)]\",\"text\":\"round(len(\",\"position\":[2982,2991]},{\"psi\":\"[PsiElement(Py:IDENTIFIER), PsiElement(Py:LPAR), PsiElement(Py:IDENTIFIER), PsiElement(Py:LPAR)]\",\"text\":\"round(len(\",\"position\":[2927,2936]},{\"psi\":\"[PsiElement(Py:IDENTIFIER), PsiElement(Py:LPAR), PsiElement(Py:IDENTIFIER), PsiElement(Py:LPAR)]\",\"text\":\"round(len(\",\"position\":[2873,2882]},{\"psi\":\"[PsiElement(Py:IDENTIFIER), PsiElement(Py:LPAR), PsiElement(Py:IDENTIFIER), PsiElement(Py:LPAR)]\",\"text\":\"round(len(\",\"position\":[3038,3047]}]},{\"clone_length\":14,\"clones\":[{\"psi\":\"[PsiElement(Py:IDENTIFIER), PsiElement(Py:LBRACKET), PsiElement(Py:LPAR), PsiElement(Py:IDENTIFIER), PsiElement(Py:DOT), PsiElement(Py:IDENTIFIER), PsiElement(Py:EQEQ), PsiElement(Py:RPAR), PsiElement(Py:AND), PsiElement(Py:LPAR), PsiElement(Py:IDENTIFIER), PsiElement(Py:DOT), PsiElement(Py:IDENTIFIER), PsiElement(Py:NE)]\",\"text\":\"cces_panel[(cces_panel.V263 \\u003d\\u003d \\u0027Immigrant non-citizen\\u0027) \\u0026 \\n                 (cces_panel.immstat !\\u003d \\u0027Immigrant non-citizen\\u0027\",\"position\":[2514,2610]},{\"psi\":\"[PsiElement(Py:IDENTIFIER), PsiElement(Py:LBRACKET), PsiElement(Py:LPAR), PsiElement(Py:IDENTIFIER), PsiElement(Py:DOT), PsiElement(Py:IDENTIFIER), PsiElement(Py:NE), PsiElement(Py:RPAR), PsiElement(Py:AND), PsiElement(Py:LPAR), PsiElement(Py:IDENTIFIER), PsiElement(Py:DOT), PsiElement(Py:IDENTIFIER), PsiElement(Py:EQEQ)]\",\"text\":\"cces_panel[(cces_panel.V263 !\\u003d \\u0027Immigrant non-citizen\\u0027) \\u0026 \\n                 (cces_panel.immstat \\u003d\\u003d \\u0027Immigrant non-citizen\\u0027\",\"position\":[2341,2437]},{\"psi\":\"[PsiElement(Py:IDENTIFIER), PsiElement(Py:LBRACKET), PsiElement(Py:LPAR), PsiElement(Py:IDENTIFIER), PsiElement(Py:DOT), PsiElement(Py:IDENTIFIER), PsiElement(Py:NE), PsiElement(Py:RPAR), PsiElement(Py:AND), PsiElement(Py:LPAR), PsiElement(Py:IDENTIFIER), PsiElement(Py:DOT), PsiElement(Py:IDENTIFIER), PsiElement(Py:NE)]\",\"text\":\"cces_panel[(cces_panel.V263 !\\u003d \\u0027Immigrant non-citizen\\u0027) \\u0026 \\n                (cces_panel.immstat !\\u003d \\u0027Immigrant non-citizen\\u0027\",\"position\":[2169,2264]},{\"psi\":\"[PsiElement(Py:IDENTIFIER), PsiElement(Py:LBRACKET), PsiElement(Py:LPAR), PsiElement(Py:IDENTIFIER), PsiElement(Py:DOT), PsiElement(Py:IDENTIFIER), PsiElement(Py:EQEQ), PsiElement(Py:RPAR), PsiElement(Py:AND), PsiElement(Py:LPAR), PsiElement(Py:IDENTIFIER), PsiElement(Py:DOT), PsiElement(Py:IDENTIFIER), PsiElement(Py:EQEQ)]\",\"text\":\"cces_panel[(cces_panel.V263 \\u003d\\u003d \\u0027Immigrant non-citizen\\u0027) \\u0026                  \\n                  (cces_panel.immstat \\u003d\\u003d \\u0027Immigrant non-citizen\\u0027\",\"position\":[2692,2806]}]}]}","initial_tree_length":563,"project_name":"8e2ff35e3f33e1c449a30650106bcfc260514643","file_name":"8e2ff35e3f33e1c449a30650106bcfc260514643.ipynb.py"}