{"3":"{\"totalGroups\":31,\"totalClones\":82,\"groups\":[{\"clone_length\":11,\"clones\":[{\"psi\":\"[PsiElement(Py:LPAR), PsiElement(Py:LAMBDA_KEYWORD), PsiElement(Py:IDENTIFIER), PsiElement(Py:COLON), PsiElement(Py:IDENTIFIER), PsiElement(Py:DOT), PsiElement(Py:IDENTIFIER), PsiElement(Py:LPAR), PsiElement(Py:COMMA), PsiElement(Py:COMMA), PsiElement(Py:IDENTIFIER)]\",\"text\":\"(lambda x: re.sub(r\\\"İ\\\", \\\"i\\\",x\",\"position\":[901,929]},{\"psi\":\"[PsiElement(Py:LPAR), PsiElement(Py:LAMBDA_KEYWORD), PsiElement(Py:IDENTIFIER), PsiElement(Py:COLON), PsiElement(Py:IDENTIFIER), PsiElement(Py:DOT), PsiElement(Py:IDENTIFIER), PsiElement(Py:LPAR), PsiElement(Py:COMMA), PsiElement(Py:COMMA), PsiElement(Py:IDENTIFIER)]\",\"text\":\"(lambda x: re.sub(r\\\"İ\\\", \\\"i\\\",x\",\"position\":[2522,2550]}]},{\"clone_length\":8,\"clones\":[{\"psi\":\"[PsiElement(Py:LPAR), PsiElement(Py:LAMBDA_KEYWORD), PsiElement(Py:IDENTIFIER), PsiElement(Py:COLON), PsiElement(Py:IDENTIFIER), PsiElement(Py:DOT), PsiElement(Py:IDENTIFIER), PsiElement(Py:LPAR)]\",\"text\":\"(lambda x: x.lower(\",\"position\":[978,996]},{\"psi\":\"[PsiElement(Py:LPAR), PsiElement(Py:LAMBDA_KEYWORD), PsiElement(Py:IDENTIFIER), PsiElement(Py:COLON), PsiElement(Py:IDENTIFIER), PsiElement(Py:DOT), PsiElement(Py:IDENTIFIER), PsiElement(Py:LPAR)]\",\"text\":\"(lambda x: x.lower(\",\"position\":[2599,2617]}]},{\"clone_length\":20,\"clones\":[{\"psi\":\"[PsiElement(Py:LPAR), PsiElement(Py:LAMBDA_KEYWORD), PsiElement(Py:IDENTIFIER), PsiElement(Py:COLON), PsiElement(Py:DOT), PsiElement(Py:IDENTIFIER), PsiElement(Py:LPAR), PsiElement(Py:IDENTIFIER), PsiElement(Py:DOT), PsiElement(Py:IDENTIFIER), PsiElement(Py:LPAR), PsiElement(Py:COMMA), PsiElement(Py:IDENTIFIER), PsiElement(Py:RPAR), PsiElement(Py:RPAR), PsiElement(Py:RPAR), PsiElement(Py:IDENTIFIER), PsiElement(Py:EQ), PsiElement(Py:INTEGER_LITERAL), PsiElement(Py:IDENTIFIER)]\",\"text\":\"(lambda x : \\\" \\\".join(re.findall(\\u0027[\\\\w]+\\u0027,x)))\\n# [___CELL_SEPARATOR___]\\ntop_N \\u003d 10\\n\\n\\ntxt\",\"position\":[1036,1119]},{\"psi\":\"[PsiElement(Py:LPAR), PsiElement(Py:LAMBDA_KEYWORD), PsiElement(Py:IDENTIFIER), PsiElement(Py:COLON), PsiElement(Py:DOT), PsiElement(Py:IDENTIFIER), PsiElement(Py:LPAR), PsiElement(Py:IDENTIFIER), PsiElement(Py:DOT), PsiElement(Py:IDENTIFIER), PsiElement(Py:LPAR), PsiElement(Py:COMMA), PsiElement(Py:IDENTIFIER), PsiElement(Py:RPAR), PsiElement(Py:RPAR), PsiElement(Py:RPAR), PsiElement(Py:IDENTIFIER), PsiElement(Py:EQ), PsiElement(Py:INTEGER_LITERAL), PsiElement(Py:IDENTIFIER)]\",\"text\":\"(lambda x : \\\" \\\".join(re.findall(\\u0027[\\\\w]+\\u0027,x)))\\n# [___CELL_SEPARATOR___]\\ntop_N \\u003d 10\\n\\n\\ntxt\",\"position\":[2657,2740]}]},{\"clone_length\":144,\"clones\":[{\"psi\":\"[PsiElement(Py:LPAR), PsiElement(Py:RPAR), PsiElement(Py:DOT), PsiElement(Py:IDENTIFIER), PsiElement(Py:DOT), PsiElement(Py:IDENTIFIER), PsiElement(Py:LPAR), PsiElement(Py:COMMA), PsiElement(Py:RPAR), PsiElement(Py:DOT), PsiElement(Py:IDENTIFIER), PsiElement(Py:DOT), PsiElement(Py:IDENTIFIER), PsiElement(Py:LPAR), PsiElement(Py:IDENTIFIER), PsiElement(Py:EQ), PsiElement(Py:RPAR), PsiElement(Py:IDENTIFIER), PsiElement(Py:EQ), PsiElement(Py:IDENTIFIER), PsiElement(Py:DOT), PsiElement(Py:IDENTIFIER), PsiElement(Py:DOT), PsiElement(Py:IDENTIFIER), PsiElement(Py:LPAR), PsiElement(Py:IDENTIFIER), PsiElement(Py:RPAR), PsiElement(Py:IDENTIFIER), PsiElement(Py:EQ), PsiElement(Py:IDENTIFIER), PsiElement(Py:DOT), PsiElement(Py:IDENTIFIER), PsiElement(Py:LPAR), PsiElement(Py:IDENTIFIER), PsiElement(Py:RPAR), PsiElement(Py:IDENTIFIER), PsiElement(Py:EQ), PsiElement(Py:LBRACKET), PsiElement(Py:COMMA), PsiElement(Py:COMMA), PsiElement(Py:COMMA), PsiElement(Py:COMMA), PsiElement(Py:COMMA), PsiElement(Py:COMMA), PsiElement(Py:COMMA), PsiElement(Py:COMMA), PsiElement(Py:COMMA), PsiElement(Py:COMMA), PsiElement(Py:COMMA), PsiElement(Py:COMMA), PsiElement(Py:COMMA), PsiElement(Py:COMMA), PsiElement(Py:COMMA), PsiElement(Py:COMMA), PsiElement(Py:COMMA), PsiElement(Py:COMMA), PsiElement(Py:COMMA), PsiElement(Py:COMMA), PsiElement(Py:COMMA), PsiElement(Py:COMMA), PsiElement(Py:COMMA), PsiElement(Py:COMMA), PsiElement(Py:COMMA), PsiElement(Py:COMMA), PsiElement(Py:COMMA), PsiElement(Py:COMMA), PsiElement(Py:COMMA), PsiElement(Py:COMMA), PsiElement(Py:COMMA), PsiElement(Py:COMMA), PsiElement(Py:COMMA), PsiElement(Py:COMMA), PsiElement(Py:COMMA), PsiElement(Py:COMMA), PsiElement(Py:COMMA), PsiElement(Py:COMMA), PsiElement(Py:COMMA), PsiElement(Py:COMMA), PsiElement(Py:COMMA), PsiElement(Py:COMMA), PsiElement(Py:COMMA), PsiElement(Py:COMMA), PsiElement(Py:COMMA), PsiElement(Py:COMMA), PsiElement(Py:COMMA), PsiElement(Py:COMMA), PsiElement(Py:COMMA), PsiElement(Py:RBRACKET), PsiElement(Py:IDENTIFIER), PsiElement(Py:EQ), PsiElement(Py:IDENTIFIER), PsiElement(Py:DOT), PsiElement(Py:IDENTIFIER), PsiElement(Py:DOT), PsiElement(Py:IDENTIFIER), PsiElement(Py:DOT), PsiElement(Py:IDENTIFIER), PsiElement(Py:LPAR), PsiElement(Py:RPAR), PsiElement(Py:IDENTIFIER), PsiElement(Py:EQ), PsiElement(Py:IDENTIFIER), PsiElement(Py:LPAR), PsiElement(Py:IDENTIFIER), PsiElement(Py:DOT), PsiElement(Py:IDENTIFIER), PsiElement(Py:RPAR), PsiElement(Py:PLUS), PsiElement(Py:IDENTIFIER), PsiElement(Py:IDENTIFIER), PsiElement(Py:EQ), PsiElement(Py:IDENTIFIER), PsiElement(Py:LPAR), PsiElement(Py:IDENTIFIER), PsiElement(Py:RPAR), PsiElement(Py:DOT), PsiElement(Py:IDENTIFIER), PsiElement(Py:LPAR), PsiElement(Py:IDENTIFIER), PsiElement(Py:RPAR), PsiElement(Py:IDENTIFIER), PsiElement(Py:EQ), PsiElement(Py:IDENTIFIER), PsiElement(Py:DOT), PsiElement(Py:IDENTIFIER), PsiElement(Py:LPAR), PsiElement(Py:IDENTIFIER), PsiElement(Py:FOR_KEYWORD), PsiElement(Py:IDENTIFIER), PsiElement(Py:IN_KEYWORD), PsiElement(Py:IDENTIFIER), PsiElement(Py:IF_KEYWORD), PsiElement(Py:IDENTIFIER), PsiElement(Py:NOT_KEYWORD), PsiElement(Py:IN_KEYWORD), PsiElement(Py:IDENTIFIER), PsiElement(Py:RPAR), PsiElement(Py:IDENTIFIER), PsiElement(Py:LPAR), PsiElement(Py:RPAR), PsiElement(Py:IDENTIFIER), PsiElement(Py:LPAR), PsiElement(Py:MULT), PsiElement(Py:INTEGER_LITERAL)]\",\"text\":\"().str.replace(r\\u0027\\\\|\\u0027, \\u0027 \\u0027).str.cat(sep\\u003d\\u0027 \\u0027)\\nwords \\u003d nltk.tokenize.word_tokenize(txt)\\nword_dist \\u003d nltk.FreqDist(words)\\n\\nuser_defined_stop_words \\u003d [\\u0027ekonomi\\u0027, \\u00271\\u0027, \\u0027ye\\u0027, \\u0027nin\\u0027 ,\\u0027nın\\u0027,  \\u0027koronavirüs\\u0027, \\u0027olsun\\u0027, \\u0027karşı\\u0027 , \\u0027covid_19\\u0027, \\u0027artık\\u0027, \\u00273\\u0027, \\u0027sayısı\\u0027 , \\u0027olarak\\u0027, \\u0027oldu\\u0027, \\u0027olan\\u0027, \\u00272\\u0027 , \\u0027nedeniyle\\u0027,\\u0027bile\\u0027 , \\u0027sonra\\u0027 ,\\u0027sen\\u0027,\\u0027virüs\\u0027, \\u0027ben\\u0027, \\u0027vaka\\u0027 , \\u0027son\\u0027, \\u0027yeni\\u0027, \\u0027sayi\\u0027, \\u0027sayisi\\u0027,\\u0027virüsü\\u0027,\\u0027bir\\u0027,\\u0027com\\u0027,\\u0027twitter\\u0027, \\u0027kadar\\u0027, \\u0027dan\\u0027 , \\u0027değil\\u0027 ,\\u0027pic\\u0027 , \\u0027http\\u0027, \\u0027https\\u0027 , \\u0027www\\u0027 , \\u0027status\\u0027 , \\u0027var\\u0027, \\u0027bi\\u0027, \\u0027mi\\u0027,\\u0027yok\\u0027, \\u0027bu\\u0027 , \\u0027ve\\u0027, \\u0027korona\\u0027 ,\\u0027corona\\u0027 ,\\u002719\\u0027 ,\\u0027kovid\\u0027, \\u0027covid\\u0027] \\n\\ni \\u003d nltk.corpus.stopwords.words(\\u0027turkish\\u0027)\\nj \\u003d list(string.punctuation) + user_defined_stop_words\\nstopwords \\u003d set(i).union(j)\\n\\n\\nwords_except_stop_dist \\u003d nltk.FreqDist(w for w in words if w not in stopwords) \\n\\nprint(\\u0027All frequencies, including STOPWORDS:\\u0027)\\nprint(\\u0027\\u003d\\u0027 * 60\",\"position\":[1144,1978]},{\"psi\":\"[PsiElement(Py:LPAR), PsiElement(Py:RPAR), PsiElement(Py:DOT), PsiElement(Py:IDENTIFIER), PsiElement(Py:DOT), PsiElement(Py:IDENTIFIER), PsiElement(Py:LPAR), PsiElement(Py:COMMA), PsiElement(Py:RPAR), PsiElement(Py:DOT), PsiElement(Py:IDENTIFIER), PsiElement(Py:DOT), PsiElement(Py:IDENTIFIER), PsiElement(Py:LPAR), PsiElement(Py:IDENTIFIER), PsiElement(Py:EQ), PsiElement(Py:RPAR), PsiElement(Py:IDENTIFIER), PsiElement(Py:EQ), PsiElement(Py:IDENTIFIER), PsiElement(Py:DOT), PsiElement(Py:IDENTIFIER), PsiElement(Py:DOT), PsiElement(Py:IDENTIFIER), PsiElement(Py:LPAR), PsiElement(Py:IDENTIFIER), PsiElement(Py:RPAR), PsiElement(Py:IDENTIFIER), PsiElement(Py:EQ), PsiElement(Py:IDENTIFIER), PsiElement(Py:DOT), PsiElement(Py:IDENTIFIER), PsiElement(Py:LPAR), PsiElement(Py:IDENTIFIER), PsiElement(Py:RPAR), PsiElement(Py:IDENTIFIER), PsiElement(Py:EQ), PsiElement(Py:LBRACKET), PsiElement(Py:COMMA), PsiElement(Py:COMMA), PsiElement(Py:COMMA), PsiElement(Py:COMMA), PsiElement(Py:COMMA), PsiElement(Py:COMMA), PsiElement(Py:COMMA), PsiElement(Py:COMMA), PsiElement(Py:COMMA), PsiElement(Py:COMMA), PsiElement(Py:COMMA), PsiElement(Py:COMMA), PsiElement(Py:COMMA), PsiElement(Py:COMMA), PsiElement(Py:COMMA), PsiElement(Py:COMMA), PsiElement(Py:COMMA), PsiElement(Py:COMMA), PsiElement(Py:COMMA), PsiElement(Py:COMMA), PsiElement(Py:COMMA), PsiElement(Py:COMMA), PsiElement(Py:COMMA), PsiElement(Py:COMMA), PsiElement(Py:COMMA), PsiElement(Py:COMMA), PsiElement(Py:COMMA), PsiElement(Py:COMMA), PsiElement(Py:COMMA), PsiElement(Py:COMMA), PsiElement(Py:COMMA), PsiElement(Py:COMMA), PsiElement(Py:COMMA), PsiElement(Py:COMMA), PsiElement(Py:COMMA), PsiElement(Py:COMMA), PsiElement(Py:COMMA), PsiElement(Py:COMMA), PsiElement(Py:COMMA), PsiElement(Py:COMMA), PsiElement(Py:COMMA), PsiElement(Py:COMMA), PsiElement(Py:COMMA), PsiElement(Py:COMMA), PsiElement(Py:COMMA), PsiElement(Py:COMMA), PsiElement(Py:COMMA), PsiElement(Py:COMMA), PsiElement(Py:COMMA), PsiElement(Py:RBRACKET), PsiElement(Py:IDENTIFIER), PsiElement(Py:EQ), PsiElement(Py:IDENTIFIER), PsiElement(Py:DOT), PsiElement(Py:IDENTIFIER), PsiElement(Py:DOT), PsiElement(Py:IDENTIFIER), PsiElement(Py:DOT), PsiElement(Py:IDENTIFIER), PsiElement(Py:LPAR), PsiElement(Py:RPAR), PsiElement(Py:IDENTIFIER), PsiElement(Py:EQ), PsiElement(Py:IDENTIFIER), PsiElement(Py:LPAR), PsiElement(Py:IDENTIFIER), PsiElement(Py:DOT), PsiElement(Py:IDENTIFIER), PsiElement(Py:RPAR), PsiElement(Py:PLUS), PsiElement(Py:IDENTIFIER), PsiElement(Py:IDENTIFIER), PsiElement(Py:EQ), PsiElement(Py:IDENTIFIER), PsiElement(Py:LPAR), PsiElement(Py:IDENTIFIER), PsiElement(Py:RPAR), PsiElement(Py:DOT), PsiElement(Py:IDENTIFIER), PsiElement(Py:LPAR), PsiElement(Py:IDENTIFIER), PsiElement(Py:RPAR), PsiElement(Py:IDENTIFIER), PsiElement(Py:EQ), PsiElement(Py:IDENTIFIER), PsiElement(Py:DOT), PsiElement(Py:IDENTIFIER), PsiElement(Py:LPAR), PsiElement(Py:IDENTIFIER), PsiElement(Py:FOR_KEYWORD), PsiElement(Py:IDENTIFIER), PsiElement(Py:IN_KEYWORD), PsiElement(Py:IDENTIFIER), PsiElement(Py:IF_KEYWORD), PsiElement(Py:IDENTIFIER), PsiElement(Py:NOT_KEYWORD), PsiElement(Py:IN_KEYWORD), PsiElement(Py:IDENTIFIER), PsiElement(Py:RPAR), PsiElement(Py:IDENTIFIER), PsiElement(Py:LPAR), PsiElement(Py:RPAR), PsiElement(Py:IDENTIFIER), PsiElement(Py:LPAR), PsiElement(Py:MULT), PsiElement(Py:INTEGER_LITERAL)]\",\"text\":\"().str.replace(r\\u0027\\\\|\\u0027, \\u0027 \\u0027).str.cat(sep\\u003d\\u0027 \\u0027)\\nwords \\u003d nltk.tokenize.word_tokenize(txt)\\nword_dist \\u003d nltk.FreqDist(words)\\n\\nuser_defined_stop_words \\u003d [\\u0027ekonomi\\u0027, \\u00271\\u0027, \\u0027ye\\u0027, \\u0027nin\\u0027 ,\\u0027nın\\u0027,  \\u0027koronavirüs\\u0027, \\u0027olsun\\u0027, \\u0027karşı\\u0027 , \\u0027covid_19\\u0027, \\u0027artık\\u0027, \\u00273\\u0027, \\u0027sayısı\\u0027 , \\u0027olarak\\u0027, \\u0027oldu\\u0027, \\u0027olan\\u0027, \\u00272\\u0027 , \\u0027nedeniyle\\u0027,\\u0027bile\\u0027 , \\u0027sonra\\u0027 ,\\u0027sen\\u0027,\\u0027virüs\\u0027, \\u0027ben\\u0027, \\u0027vaka\\u0027 , \\u0027son\\u0027, \\u0027yeni\\u0027, \\u0027sayi\\u0027, \\u0027sayisi\\u0027,\\u0027virüsü\\u0027,\\u0027bir\\u0027,\\u0027com\\u0027,\\u0027twitter\\u0027, \\u0027kadar\\u0027, \\u0027dan\\u0027 , \\u0027değil\\u0027 ,\\u0027pic\\u0027 , \\u0027http\\u0027, \\u0027https\\u0027 , \\u0027www\\u0027 , \\u0027status\\u0027 , \\u0027var\\u0027, \\u0027bi\\u0027, \\u0027mi\\u0027,\\u0027yok\\u0027, \\u0027bu\\u0027 , \\u0027ve\\u0027, \\u0027korona\\u0027 ,\\u0027corona\\u0027 ,\\u002719\\u0027 ,\\u0027kovid\\u0027, \\u0027covid\\u0027] \\n\\ni \\u003d nltk.corpus.stopwords.words(\\u0027turkish\\u0027)\\nj \\u003d list(string.punctuation) + user_defined_stop_words\\nstopwords \\u003d set(i).union(j)\\n\\n\\nwords_except_stop_dist \\u003d nltk.FreqDist(w for w in words if w not in stopwords) \\n\\nprint(\\u0027All frequencies, including STOPWORDS:\\u0027)\\nprint(\\u0027\\u003d\\u0027 * 60\",\"position\":[2765,3599]}]},{\"clone_length\":6,\"clones\":[{\"psi\":\"[PsiElement(Py:LPAR), PsiElement(Py:IDENTIFIER), PsiElement(Py:EQ), PsiElement(Py:INTEGER_LITERAL), PsiElement(Py:COMMA), PsiElement(Py:IDENTIFIER)]\",\"text\":\"(rot\\u003d0, ax\",\"position\":[3988,3996]},{\"psi\":\"[PsiElement(Py:LPAR), PsiElement(Py:IDENTIFIER), PsiElement(Py:EQ), PsiElement(Py:INTEGER_LITERAL), PsiElement(Py:COMMA), PsiElement(Py:IDENTIFIER)]\",\"text\":\"(rot\\u003d0, ax\",\"position\":[4045,4053]}]},{\"clone_length\":8,\"clones\":[{\"psi\":\"[PsiElement(Py:LPAR), PsiElement(Py:IDENTIFIER), PsiElement(Py:RPAR), PsiElement(Py:COMMA), PsiElement(Py:IDENTIFIER), PsiElement(Py:EQ), PsiElement(Py:LBRACKET), PsiElement(Py:COMMA)]\",\"text\":\"(top_N),\\n                    columns\\u003d[\\u0027Word\\u0027, \\u0027Frequency\\u0027\",\"position\":[2024,2068]},{\"psi\":\"[PsiElement(Py:LPAR), PsiElement(Py:IDENTIFIER), PsiElement(Py:RPAR), PsiElement(Py:COMMA), PsiElement(Py:IDENTIFIER), PsiElement(Py:EQ), PsiElement(Py:LBRACKET), PsiElement(Py:COMMA)]\",\"text\":\"(top_N),\\n                    columns\\u003d[\\u0027Word\\u0027, \\u0027Frequency\\u0027\",\"position\":[3644,3688]},{\"psi\":\"[PsiElement(Py:LPAR), PsiElement(Py:IDENTIFIER), PsiElement(Py:RPAR), PsiElement(Py:COMMA), PsiElement(Py:IDENTIFIER), PsiElement(Py:EQ), PsiElement(Py:LBRACKET), PsiElement(Py:COMMA)]\",\"text\":\"(top_N),\\n                    columns\\u003d[\\u0027Word\\u0027, \\u0027Frequency\\u0027\",\"position\":[2169,2213]},{\"psi\":\"[PsiElement(Py:LPAR), PsiElement(Py:IDENTIFIER), PsiElement(Py:RPAR), PsiElement(Py:COMMA), PsiElement(Py:IDENTIFIER), PsiElement(Py:EQ), PsiElement(Py:LBRACKET), PsiElement(Py:COMMA)]\",\"text\":\"(top_N),\\n                    columns\\u003d[\\u0027Word\\u0027, \\u0027Frequency\\u0027\",\"position\":[3787,3831]}]},{\"clone_length\":4,\"clones\":[{\"psi\":\"[PsiElement(Py:IDENTIFIER), PsiElement(Py:DOT), PsiElement(Py:IDENTIFIER), PsiElement(Py:LPAR)]\",\"text\":\"re.sub(\",\"position\":[912,918]},{\"psi\":\"[PsiElement(Py:IDENTIFIER), PsiElement(Py:DOT), PsiElement(Py:IDENTIFIER), PsiElement(Py:LPAR)]\",\"text\":\"re.sub(\",\"position\":[2533,2539]},{\"psi\":\"[PsiElement(Py:IDENTIFIER), PsiElement(Py:DOT), PsiElement(Py:IDENTIFIER), PsiElement(Py:LPAR)]\",\"text\":\"re.findall(\",\"position\":[1057,1067]},{\"psi\":\"[PsiElement(Py:IDENTIFIER), PsiElement(Py:DOT), PsiElement(Py:IDENTIFIER), PsiElement(Py:LPAR)]\",\"text\":\"re.findall(\",\"position\":[2678,2688]}]},{\"clone_length\":3,\"clones\":[{\"psi\":\"[PsiElement(Py:IDENTIFIER), PsiElement(Py:COLON), PsiElement(Py:IDENTIFIER)]\",\"text\":\"x: x\",\"position\":[986,989]},{\"psi\":\"[PsiElement(Py:IDENTIFIER), PsiElement(Py:COLON), PsiElement(Py:IDENTIFIER)]\",\"text\":\"x: x\",\"position\":[2607,2610]},{\"psi\":\"[PsiElement(Py:IDENTIFIER), PsiElement(Py:COLON), PsiElement(Py:IDENTIFIER)]\",\"text\":\"x: x\",\"position\":[986,989]},{\"psi\":\"[PsiElement(Py:IDENTIFIER), PsiElement(Py:COLON), PsiElement(Py:IDENTIFIER)]\",\"text\":\"x: x\",\"position\":[2607,2610]}]},{\"clone_length\":4,\"clones\":[{\"psi\":\"[PsiElement(Py:IDENTIFIER), PsiElement(Py:DOT), PsiElement(Py:IDENTIFIER), PsiElement(Py:LPAR)]\",\"text\":\"pd.DataFrame(\",\"position\":[1990,2002]},{\"psi\":\"[PsiElement(Py:IDENTIFIER), PsiElement(Py:DOT), PsiElement(Py:IDENTIFIER), PsiElement(Py:LPAR)]\",\"text\":\"pd.DataFrame(\",\"position\":[3610,3622]},{\"psi\":\"[PsiElement(Py:IDENTIFIER), PsiElement(Py:DOT), PsiElement(Py:IDENTIFIER), PsiElement(Py:LPAR)]\",\"text\":\"pd.DataFrame(\",\"position\":[2122,2134]},{\"psi\":\"[PsiElement(Py:IDENTIFIER), PsiElement(Py:DOT), PsiElement(Py:IDENTIFIER), PsiElement(Py:LPAR)]\",\"text\":\"pd.DataFrame(\",\"position\":[3740,3752]},{\"psi\":\"[PsiElement(Py:IDENTIFIER), PsiElement(Py:DOT), PsiElement(Py:IDENTIFIER), PsiElement(Py:LPAR)]\",\"text\":\"pd.read_csv(\",\"position\":[2278,2289]},{\"psi\":\"[PsiElement(Py:IDENTIFIER), PsiElement(Py:DOT), PsiElement(Py:IDENTIFIER), PsiElement(Py:LPAR)]\",\"text\":\"pd.read_csv(\",\"position\":[696,707]}]},{\"clone_length\":19,\"clones\":[{\"psi\":\"[PsiElement(Py:IDENTIFIER), PsiElement(Py:DOT), PsiElement(Py:IDENTIFIER), PsiElement(Py:LPAR), PsiElement(Py:IDENTIFIER), PsiElement(Py:DOT), PsiElement(Py:IDENTIFIER), PsiElement(Py:LPAR), PsiElement(Py:IDENTIFIER), PsiElement(Py:RPAR), PsiElement(Py:COMMA), PsiElement(Py:IDENTIFIER), PsiElement(Py:EQ), PsiElement(Py:LBRACKET), PsiElement(Py:COMMA), PsiElement(Py:RBRACKET), PsiElement(Py:RPAR), PsiElement(Py:IDENTIFIER), PsiElement(Py:LPAR)]\",\"text\":\"pd.DataFrame(word_dist.most_common(top_N),\\n                    columns\\u003d[\\u0027Word\\u0027, \\u0027Frequency\\u0027])\\nprint(\",\"position\":[1990,2089]},{\"psi\":\"[PsiElement(Py:IDENTIFIER), PsiElement(Py:DOT), PsiElement(Py:IDENTIFIER), PsiElement(Py:LPAR), PsiElement(Py:IDENTIFIER), PsiElement(Py:DOT), PsiElement(Py:IDENTIFIER), PsiElement(Py:LPAR), PsiElement(Py:IDENTIFIER), PsiElement(Py:RPAR), PsiElement(Py:COMMA), PsiElement(Py:IDENTIFIER), PsiElement(Py:EQ), PsiElement(Py:LBRACKET), PsiElement(Py:COMMA), PsiElement(Py:RBRACKET), PsiElement(Py:RPAR), PsiElement(Py:IDENTIFIER), PsiElement(Py:LPAR)]\",\"text\":\"pd.DataFrame(word_dist.most_common(top_N),\\n                    columns\\u003d[\\u0027Word\\u0027, \\u0027Frequency\\u0027])\\nprint(\",\"position\":[3610,3709]}]},{\"clone_length\":1,\"clones\":[{\"psi\":\"[PsiElement(Py:IDENTIFIER)]\",\"text\":\"pd\",\"position\":[2122,2122]},{\"psi\":\"[PsiElement(Py:IDENTIFIER)]\",\"text\":\"pd\",\"position\":[3740,3740]},{\"psi\":\"[PsiElement(Py:IDENTIFIER)]\",\"text\":\"pd\",\"position\":[2122,2122]},{\"psi\":\"[PsiElement(Py:IDENTIFIER)]\",\"text\":\"pd\",\"position\":[3740,3740]}]},{\"clone_length\":20,\"clones\":[{\"psi\":\"[PsiElement(Py:IDENTIFIER), PsiElement(Py:DOT), PsiElement(Py:IDENTIFIER), PsiElement(Py:LPAR), PsiElement(Py:IDENTIFIER), PsiElement(Py:DOT), PsiElement(Py:IDENTIFIER), PsiElement(Py:LPAR), PsiElement(Py:IDENTIFIER), PsiElement(Py:RPAR), PsiElement(Py:COMMA), PsiElement(Py:IDENTIFIER), PsiElement(Py:EQ), PsiElement(Py:LBRACKET), PsiElement(Py:COMMA), PsiElement(Py:RBRACKET), PsiElement(Py:RPAR), PsiElement(Py:DOT), PsiElement(Py:IDENTIFIER), PsiElement(Py:LPAR)]\",\"text\":\"pd.DataFrame(words_except_stop_dist.most_common(top_N),\\n                    columns\\u003d[\\u0027Word\\u0027, \\u0027Frequency\\u0027]).set_index(\\u0027Word\\u0027\",\"position\":[2122,2238]},{\"psi\":\"[PsiElement(Py:IDENTIFIER), PsiElement(Py:DOT), PsiElement(Py:IDENTIFIER), PsiElement(Py:LPAR), PsiElement(Py:IDENTIFIER), PsiElement(Py:DOT), PsiElement(Py:IDENTIFIER), PsiElement(Py:LPAR), PsiElement(Py:IDENTIFIER), PsiElement(Py:RPAR), PsiElement(Py:COMMA), PsiElement(Py:IDENTIFIER), PsiElement(Py:EQ), PsiElement(Py:LBRACKET), PsiElement(Py:COMMA), PsiElement(Py:RBRACKET), PsiElement(Py:RPAR), PsiElement(Py:DOT), PsiElement(Py:IDENTIFIER), PsiElement(Py:LPAR)]\",\"text\":\"pd.DataFrame(words_except_stop_dist.most_common(top_N),\\n                    columns\\u003d[\\u0027Word\\u0027, \\u0027Frequency\\u0027]).set_index(\\u0027Word\\u0027\",\"position\":[3740,3856]}]},{\"clone_length\":4,\"clones\":[{\"psi\":\"[PsiElement(Py:IDENTIFIER), PsiElement(Py:DOT), PsiElement(Py:IDENTIFIER), PsiElement(Py:LPAR)]\",\"text\":\"plt.subplots(\",\"position\":[3911,3923]},{\"psi\":\"[PsiElement(Py:IDENTIFIER), PsiElement(Py:DOT), PsiElement(Py:IDENTIFIER), PsiElement(Py:LPAR)]\",\"text\":\"plt.savefig(\",\"position\":[4090,4101]}]},{\"clone_length\":2,\"clones\":[{\"psi\":\"[PsiElement(Py:IDENTIFIER), PsiElement(Py:LBRACKET)]\",\"text\":\"df3[\\u0027tweet\\u0027\",\"position\":[809,812]},{\"psi\":\"[PsiElement(Py:IDENTIFIER), PsiElement(Py:LBRACKET)]\",\"text\":\"df3[\\u0027tweet\\u0027\",\"position\":[824,827]}]},{\"clone_length\":10,\"clones\":[{\"psi\":\"[PsiElement(Py:IDENTIFIER), PsiElement(Py:DOT), PsiElement(Py:IDENTIFIER), PsiElement(Py:EQ), PsiElement(Py:IDENTIFIER), PsiElement(Py:DOT), PsiElement(Py:IDENTIFIER), PsiElement(Py:DOT), PsiElement(Py:IDENTIFIER), PsiElement(Py:LPAR)]\",\"text\":\"df3.tweet \\u003d df3.tweet.apply(\",\"position\":[874,901]},{\"psi\":\"[PsiElement(Py:IDENTIFIER), PsiElement(Py:DOT), PsiElement(Py:IDENTIFIER), PsiElement(Py:EQ), PsiElement(Py:IDENTIFIER), PsiElement(Py:DOT), PsiElement(Py:IDENTIFIER), PsiElement(Py:DOT), PsiElement(Py:IDENTIFIER), PsiElement(Py:LPAR)]\",\"text\":\"df3.tweet \\u003d df3.tweet.apply(\",\"position\":[951,978]},{\"psi\":\"[PsiElement(Py:IDENTIFIER), PsiElement(Py:DOT), PsiElement(Py:IDENTIFIER), PsiElement(Py:DOT), PsiElement(Py:IDENTIFIER), PsiElement(Py:DOT), PsiElement(Py:IDENTIFIER), PsiElement(Py:LPAR)]\",\"text\":\"df3.tweet.str.lower(\",\"position\":[1125,1144]}]},{\"clone_length\":1,\"clones\":[{\"psi\":\"[PsiElement(Py:IDENTIFIER)]\",\"text\":\"df3\",\"position\":[1125,1125]},{\"psi\":\"[PsiElement(Py:IDENTIFIER)]\",\"text\":\"df3\",\"position\":[1125,1125]}]},{\"clone_length\":12,\"clones\":[{\"psi\":\"[PsiElement(Py:IDENTIFIER), PsiElement(Py:DOT), PsiElement(Py:IDENTIFIER), PsiElement(Py:EQ), PsiElement(Py:IDENTIFIER), PsiElement(Py:DOT), PsiElement(Py:IDENTIFIER), PsiElement(Py:DOT), PsiElement(Py:IDENTIFIER), PsiElement(Py:LPAR), PsiElement(Py:LAMBDA_KEYWORD), PsiElement(Py:IDENTIFIER)]\",\"text\":\"df3.tweet \\u003d df3.tweet.apply(lambda x\",\"position\":[874,909]},{\"psi\":\"[PsiElement(Py:IDENTIFIER), PsiElement(Py:DOT), PsiElement(Py:IDENTIFIER), PsiElement(Py:EQ), PsiElement(Py:IDENTIFIER), PsiElement(Py:DOT), PsiElement(Py:IDENTIFIER), PsiElement(Py:DOT), PsiElement(Py:IDENTIFIER), PsiElement(Py:LPAR), PsiElement(Py:LAMBDA_KEYWORD), PsiElement(Py:IDENTIFIER)]\",\"text\":\"df3.tweet \\u003d df3.tweet.apply(lambda x\",\"position\":[951,986]}]},{\"clone_length\":2,\"clones\":[{\"psi\":\"[PsiElement(Py:IDENTIFIER), PsiElement(Py:LBRACKET)]\",\"text\":\"df2[\\u0027tweet\\u0027\",\"position\":[2390,2393]},{\"psi\":\"[PsiElement(Py:IDENTIFIER), PsiElement(Py:LBRACKET)]\",\"text\":\"df2[\\u0027tweet\\u0027\",\"position\":[2455,2458]},{\"psi\":\"[PsiElement(Py:IDENTIFIER), PsiElement(Py:LBRACKET)]\",\"text\":\"df2[\\u0027tweet\\u0027\",\"position\":[2405,2408]},{\"psi\":\"[PsiElement(Py:IDENTIFIER), PsiElement(Py:LBRACKET)]\",\"text\":\"df2[\\u0027tweet\\u0027\",\"position\":[2470,2473]}]},{\"clone_length\":13,\"clones\":[{\"psi\":\"[PsiElement(Py:IDENTIFIER), PsiElement(Py:LBRACKET), PsiElement(Py:RBRACKET), PsiElement(Py:EQ), PsiElement(Py:IDENTIFIER), PsiElement(Py:LBRACKET), PsiElement(Py:RBRACKET), PsiElement(Py:DOT), PsiElement(Py:IDENTIFIER), PsiElement(Py:LPAR), PsiElement(Py:IDENTIFIER), PsiElement(Py:RPAR), PsiElement(Py:IDENTIFIER)]\",\"text\":\"df2[\\u0027tweet\\u0027] \\u003d df2[\\u0027tweet\\u0027].astype(str)\\n# [___CELL_SEPARATOR___]\\ndf2\",\"position\":[2390,2455]},{\"psi\":\"[PsiElement(Py:IDENTIFIER), PsiElement(Py:LBRACKET), PsiElement(Py:RBRACKET), PsiElement(Py:EQ), PsiElement(Py:IDENTIFIER), PsiElement(Py:LBRACKET), PsiElement(Py:RBRACKET), PsiElement(Py:DOT), PsiElement(Py:IDENTIFIER), PsiElement(Py:LPAR), PsiElement(Py:IDENTIFIER), PsiElement(Py:RPAR), PsiElement(Py:IDENTIFIER)]\",\"text\":\"df2[\\u0027tweet\\u0027] \\u003d df2[\\u0027tweet\\u0027].astype(str)\\ndf2\",\"position\":[2455,2495]}]},{\"clone_length\":10,\"clones\":[{\"psi\":\"[PsiElement(Py:IDENTIFIER), PsiElement(Py:DOT), PsiElement(Py:IDENTIFIER), PsiElement(Py:EQ), PsiElement(Py:IDENTIFIER), PsiElement(Py:DOT), PsiElement(Py:IDENTIFIER), PsiElement(Py:DOT), PsiElement(Py:IDENTIFIER), PsiElement(Py:LPAR)]\",\"text\":\"df2.tweet \\u003d df2.tweet.apply(\",\"position\":[2495,2522]},{\"psi\":\"[PsiElement(Py:IDENTIFIER), PsiElement(Py:DOT), PsiElement(Py:IDENTIFIER), PsiElement(Py:EQ), PsiElement(Py:IDENTIFIER), PsiElement(Py:DOT), PsiElement(Py:IDENTIFIER), PsiElement(Py:DOT), PsiElement(Py:IDENTIFIER), PsiElement(Py:LPAR)]\",\"text\":\"df2.tweet \\u003d df2.tweet.apply(\",\"position\":[2572,2599]},{\"psi\":\"[PsiElement(Py:IDENTIFIER), PsiElement(Py:DOT), PsiElement(Py:IDENTIFIER), PsiElement(Py:DOT), PsiElement(Py:IDENTIFIER), PsiElement(Py:DOT), PsiElement(Py:IDENTIFIER), PsiElement(Py:LPAR)]\",\"text\":\"df2.tweet.str.lower(\",\"position\":[2746,2765]}]},{\"clone_length\":1,\"clones\":[{\"psi\":\"[PsiElement(Py:IDENTIFIER)]\",\"text\":\"df2\",\"position\":[2746,2746]},{\"psi\":\"[PsiElement(Py:IDENTIFIER)]\",\"text\":\"df2\",\"position\":[2746,2746]}]},{\"clone_length\":12,\"clones\":[{\"psi\":\"[PsiElement(Py:IDENTIFIER), PsiElement(Py:DOT), PsiElement(Py:IDENTIFIER), PsiElement(Py:EQ), PsiElement(Py:IDENTIFIER), PsiElement(Py:DOT), PsiElement(Py:IDENTIFIER), PsiElement(Py:DOT), PsiElement(Py:IDENTIFIER), PsiElement(Py:LPAR), PsiElement(Py:LAMBDA_KEYWORD), PsiElement(Py:IDENTIFIER)]\",\"text\":\"df2.tweet \\u003d df2.tweet.apply(lambda x\",\"position\":[2495,2530]},{\"psi\":\"[PsiElement(Py:IDENTIFIER), PsiElement(Py:DOT), PsiElement(Py:IDENTIFIER), PsiElement(Py:EQ), PsiElement(Py:IDENTIFIER), PsiElement(Py:DOT), PsiElement(Py:IDENTIFIER), PsiElement(Py:DOT), PsiElement(Py:IDENTIFIER), PsiElement(Py:LPAR), PsiElement(Py:LAMBDA_KEYWORD), PsiElement(Py:IDENTIFIER)]\",\"text\":\"df2.tweet \\u003d df2.tweet.apply(lambda x\",\"position\":[2572,2607]}]},{\"clone_length\":2,\"clones\":[{\"psi\":\"[PsiElement(Py:IDENTIFIER), PsiElement(Py:IDENTIFIER)]\",\"text\":\"drive\\ndrive\",\"position\":[25,31]},{\"psi\":\"[PsiElement(Py:IDENTIFIER), PsiElement(Py:IDENTIFIER)]\",\"text\":\"drive\\ndrive\",\"position\":[25,31]}]},{\"clone_length\":2,\"clones\":[{\"psi\":\"[PsiElement(Py:IDENTIFIER), PsiElement(Py:IDENTIFIER)]\",\"text\":\"nltk\\n\\nnltk\",\"position\":[399,405]},{\"psi\":\"[PsiElement(Py:IDENTIFIER), PsiElement(Py:IDENTIFIER)]\",\"text\":\"nltk\\n\\nnltk\",\"position\":[399,405]},{\"psi\":\"[PsiElement(Py:IDENTIFIER)]\",\"text\":\"nltk\",\"position\":[1714,1714]},{\"psi\":\"[PsiElement(Py:IDENTIFIER)]\",\"text\":\"nltk\",\"position\":[3335,3335]}]},{\"clone_length\":5,\"clones\":[{\"psi\":\"[PsiElement(Py:IDENTIFIER), PsiElement(Py:IDENTIFIER), PsiElement(Py:DOT), PsiElement(Py:IDENTIFIER), PsiElement(Py:LPAR)]\",\"text\":\"nltk\\n\\nnltk.download(\",\"position\":[399,418]},{\"psi\":\"[PsiElement(Py:IDENTIFIER), PsiElement(Py:DOT), PsiElement(Py:IDENTIFIER), PsiElement(Py:DOT), PsiElement(Py:IDENTIFIER), PsiElement(Py:DOT), PsiElement(Py:IDENTIFIER), PsiElement(Py:LPAR)]\",\"text\":\"nltk.corpus.stopwords.words(\",\"position\":[1714,1741]},{\"psi\":\"[PsiElement(Py:IDENTIFIER), PsiElement(Py:DOT), PsiElement(Py:IDENTIFIER), PsiElement(Py:DOT), PsiElement(Py:IDENTIFIER), PsiElement(Py:DOT), PsiElement(Py:IDENTIFIER), PsiElement(Py:LPAR)]\",\"text\":\"nltk.corpus.stopwords.words(\",\"position\":[3335,3362]}]},{\"clone_length\":1,\"clones\":[{\"psi\":\"[PsiElement(Py:IDENTIFIER)]\",\"text\":\"rslt\",\"position\":[4032,4032]},{\"psi\":\"[PsiElement(Py:IDENTIFIER)]\",\"text\":\"rslt\",\"position\":[4032,4032]}]},{\"clone_length\":1,\"clones\":[{\"psi\":\"[PsiElement(Py:IDENTIFIER)]\",\"text\":\"rslt3\",\"position\":[3974,3974]},{\"psi\":\"[PsiElement(Py:IDENTIFIER)]\",\"text\":\"rslt3\",\"position\":[3974,3974]}]},{\"clone_length\":8,\"clones\":[{\"psi\":\"[PsiElement(Py:IDENTIFIER), PsiElement(Py:LPAR), PsiElement(Py:MULT), PsiElement(Py:INTEGER_LITERAL), PsiElement(Py:RPAR), PsiElement(Py:IDENTIFIER), PsiElement(Py:EQ), PsiElement(Py:IDENTIFIER)]\",\"text\":\"print(\\u0027\\u003d\\u0027 * 60)\\nrslt3 \\u003d pd\",\"position\":[1966,1990]},{\"psi\":\"[PsiElement(Py:IDENTIFIER), PsiElement(Py:LPAR), PsiElement(Py:MULT), PsiElement(Py:INTEGER_LITERAL), PsiElement(Py:RPAR), PsiElement(Py:IDENTIFIER), PsiElement(Py:EQ), PsiElement(Py:IDENTIFIER)]\",\"text\":\"print(\\u0027\\u003d\\u0027 * 60)\\n\\nrslt3 \\u003d pd\",\"position\":[2097,2122]}]},{\"clone_length\":8,\"clones\":[{\"psi\":\"[PsiElement(Py:IDENTIFIER), PsiElement(Py:LPAR), PsiElement(Py:MULT), PsiElement(Py:INTEGER_LITERAL), PsiElement(Py:RPAR), PsiElement(Py:IDENTIFIER), PsiElement(Py:EQ), PsiElement(Py:IDENTIFIER)]\",\"text\":\"print(\\u0027\\u003d\\u0027 * 60)\\nrslt \\u003d pd\",\"position\":[3587,3610]},{\"psi\":\"[PsiElement(Py:IDENTIFIER), PsiElement(Py:LPAR), PsiElement(Py:MULT), PsiElement(Py:INTEGER_LITERAL), PsiElement(Py:RPAR), PsiElement(Py:IDENTIFIER), PsiElement(Py:EQ), PsiElement(Py:IDENTIFIER)]\",\"text\":\"print(\\u0027\\u003d\\u0027 * 60)\\n\\nrslt \\u003d pd\",\"position\":[3716,3740]}]},{\"clone_length\":3,\"clones\":[{\"psi\":\"[PsiElement(Py:IDENTIFIER), PsiElement(Py:IMPORT_KEYWORD), PsiElement(Py:IDENTIFIER)]\",\"text\":\"matplotlib\\nimport matplotlib\",\"position\":[167,185]},{\"psi\":\"[PsiElement(Py:IDENTIFIER), PsiElement(Py:IMPORT_KEYWORD), PsiElement(Py:IDENTIFIER)]\",\"text\":\"matplotlib\\nimport matplotlib\",\"position\":[167,185]}]},{\"clone_length\":5,\"clones\":[{\"psi\":\"[PsiElement(Py:IDENTIFIER), PsiElement(Py:DOT), PsiElement(Py:IDENTIFIER), PsiElement(Py:AS_KEYWORD), PsiElement(Py:IDENTIFIER)]\",\"text\":\"matplotlib.pyplot as plt\",\"position\":[135,156]},{\"psi\":\"[PsiElement(Py:IDENTIFIER), PsiElement(Py:DOT), PsiElement(Py:IDENTIFIER), PsiElement(Py:AS_KEYWORD), PsiElement(Py:IDENTIFIER)]\",\"text\":\"matplotlib.pyplot as plt\",\"position\":[185,206]},{\"psi\":\"[PsiElement(Py:IDENTIFIER), PsiElement(Py:DOT), PsiElement(Py:IDENTIFIER), PsiElement(Py:AS_KEYWORD), PsiElement(Py:IDENTIFIER)]\",\"text\":\"matplotlib.pyplot as plt\",\"position\":[439,460]}]}]}","initial_tree_length":800,"project_name":"8eaf17ae114704095fb696b4627a2adbf2ba9153","file_name":"8eaf17ae114704095fb696b4627a2adbf2ba9153.ipynb.py"}