{"3":"{\"totalGroups\":2,\"totalClones\":4,\"groups\":[{\"clone_length\":6,\"clones\":[{\"psi\":\"[PsiElement(Py:IDENTIFIER), PsiElement(Py:DOT), PsiElement(Py:IDENTIFIER), PsiElement(Py:DOT), PsiElement(Py:IDENTIFIER), PsiElement(Py:LPAR)]\",\"text\":\"ssp_ecg_map.data.ravel(\",\"position\":[780,802]},{\"psi\":\"[PsiElement(Py:IDENTIFIER), PsiElement(Py:DOT), PsiElement(Py:IDENTIFIER), PsiElement(Py:LPAR)]\",\"text\":\"ssp_ecg_map.plot(\",\"position\":[945,961]}]},{\"clone_length\":4,\"clones\":[{\"psi\":\"[PsiElement(Py:IDENTIFIER), PsiElement(Py:DOT), PsiElement(Py:IDENTIFIER), PsiElement(Py:LPAR)]\",\"text\":\"plt.hist(\",\"position\":[771,779]},{\"psi\":\"[PsiElement(Py:IDENTIFIER), PsiElement(Py:DOT), PsiElement(Py:IDENTIFIER), PsiElement(Py:LPAR)]\",\"text\":\"plt.show(\",\"position\":[806,814]}]}]}","initial_tree_length":166,"project_name":"93925d2878cb83e0875292c5315dee8f21fb1e79","file_name":"93925d2878cb83e0875292c5315dee8f21fb1e79.ipynb.py"}