{"3":"{\"totalGroups\":3,\"totalClones\":6,\"groups\":[{\"clone_length\":4,\"clones\":[{\"psi\":\"[PsiElement(Py:IDENTIFIER), PsiElement(Py:RPAR), PsiElement(Py:COLON), PsiElement(Py:IDENTIFIER)]\",\"text\":\"N): \\n        nums\",\"position\":[50,63]},{\"psi\":\"[PsiElement(Py:IDENTIFIER), PsiElement(Py:RPAR), PsiElement(Py:IF_KEYWORD), PsiElement(Py:IDENTIFIER)]\",\"text\":\"N) if nums\",\"position\":[295,301]}]},{\"clone_length\":5,\"clones\":[{\"psi\":\"[PsiElement(Py:IDENTIFIER), PsiElement(Py:IN_KEYWORD), PsiElement(Py:IDENTIFIER), PsiElement(Py:LPAR), PsiElement(Py:INTEGER_LITERAL)]\",\"text\":\"i in range(2\",\"position\":[109,120]},{\"psi\":\"[PsiElement(Py:IDENTIFIER), PsiElement(Py:IN_KEYWORD), PsiElement(Py:IDENTIFIER), PsiElement(Py:LPAR), PsiElement(Py:INTEGER_LITERAL)]\",\"text\":\"i in range(2\",\"position\":[281,292]}]},{\"clone_length\":6,\"clones\":[{\"psi\":\"[PsiElement(Py:IDENTIFIER), PsiElement(Py:LBRACKET), PsiElement(Py:IDENTIFIER), PsiElement(Py:RBRACKET), PsiElement(Py:EQEQ), PsiElement(Py:TRUE_KEYWORD)]\",\"text\":\"nums[i] \\u003d\\u003d True\",\"position\":[160,171]},{\"psi\":\"[PsiElement(Py:IDENTIFIER), PsiElement(Py:LBRACKET), PsiElement(Py:IDENTIFIER), PsiElement(Py:RBRACKET), PsiElement(Py:EQEQ), PsiElement(Py:TRUE_KEYWORD)]\",\"text\":\"nums[i] \\u003d\\u003d True\",\"position\":[301,312]}]}]}","initial_tree_length":93,"project_name":"9c826dd66f497a11e8e15d2d5cc4cb240fe24457","file_name":"9c826dd66f497a11e8e15d2d5cc4cb240fe24457.ipynb.py"}