{"3":"{\"totalGroups\":9,\"totalClones\":23,\"groups\":[{\"clone_length\":3,\"clones\":[{\"psi\":\"[PsiElement(Py:LPAR), PsiElement(Py:IDENTIFIER), PsiElement(Py:LPAR)]\",\"text\":\"(randn(\",\"position\":[59,65]},{\"psi\":\"[PsiElement(Py:LPAR), PsiElement(Py:IDENTIFIER), PsiElement(Py:LPAR)]\",\"text\":\"(randn(\",\"position\":[116,122]},{\"psi\":\"[PsiElement(Py:LPAR), PsiElement(Py:IDENTIFIER), PsiElement(Py:LPAR)]\",\"text\":\"(randn(\",\"position\":[546,552]},{\"psi\":\"[PsiElement(Py:LPAR), PsiElement(Py:IDENTIFIER), PsiElement(Py:LPAR)]\",\"text\":\"(randn(\",\"position\":[1426,1432]}]},{\"clone_length\":5,\"clones\":[{\"psi\":\"[PsiElement(Py:IDENTIFIER), PsiElement(Py:LPAR), PsiElement(Py:IDENTIFIER), PsiElement(Py:LPAR), PsiElement(Py:INTEGER_LITERAL)]\",\"text\":\"cumsum(randn(100\",\"position\":[53,66]},{\"psi\":\"[PsiElement(Py:IDENTIFIER), PsiElement(Py:LPAR), PsiElement(Py:IDENTIFIER), PsiElement(Py:LPAR), PsiElement(Py:INTEGER_LITERAL)]\",\"text\":\"cumsum(randn(100\",\"position\":[110,123]}]},{\"clone_length\":11,\"clones\":[{\"psi\":\"[PsiElement(Py:RPAR), PsiElement(Py:AT), PsiElement(Py:IDENTIFIER), PsiElement(Py:IDENTIFIER), PsiElement(Py:IDENTIFIER), PsiElement(Py:LPAR), PsiElement(Py:COLON), PsiElement(Py:IDENTIFIER), PsiElement(Py:COMMA), PsiElement(Py:COLON), PsiElement(Py:IDENTIFIER)]\",\"text\":\")\\n# [___CELL_SEPARATOR___]\\n@df iris scatter(:SepalLength, :SepalWidth\",\"position\":[930,989]},{\"psi\":\"[PsiElement(Py:RPAR), PsiElement(Py:AT), PsiElement(Py:IDENTIFIER), PsiElement(Py:IDENTIFIER), PsiElement(Py:IDENTIFIER), PsiElement(Py:LPAR), PsiElement(Py:COLON), PsiElement(Py:IDENTIFIER), PsiElement(Py:COMMA), PsiElement(Py:COLON), PsiElement(Py:IDENTIFIER)]\",\"text\":\")\\n# [___CELL_SEPARATOR___]\\n\\n@df iris scatter(:SepalLength, :SepalWidth\",\"position\":[1085,1145]},{\"psi\":\"[PsiElement(Py:RPAR), PsiElement(Py:AT), PsiElement(Py:IDENTIFIER), PsiElement(Py:IDENTIFIER), PsiElement(Py:IDENTIFIER), PsiElement(Py:LPAR), PsiElement(Py:COLON), PsiElement(Py:IDENTIFIER), PsiElement(Py:COMMA), PsiElement(Py:COLON), PsiElement(Py:IDENTIFIER)]\",\"text\":\")\\n# [___CELL_SEPARATOR___]\\n@df iris scatter(:SepalLength, :SepalWidth\",\"position\":[1557,1616]}]},{\"clone_length\":22,\"clones\":[{\"psi\":\"[PsiElement(Py:RPAR), PsiElement(Py:AT), PsiElement(Py:IDENTIFIER), PsiElement(Py:IDENTIFIER), PsiElement(Py:IDENTIFIER), PsiElement(Py:LPAR), PsiElement(Py:COLON), PsiElement(Py:IDENTIFIER), PsiElement(Py:COMMA), PsiElement(Py:COLON), PsiElement(Py:IDENTIFIER), PsiElement(Py:COMMA), PsiElement(Py:IDENTIFIER), PsiElement(Py:EQ), PsiElement(Py:COLON), PsiElement(Py:IDENTIFIER), PsiElement(Py:COMMA), PsiElement(Py:IDENTIFIER), PsiElement(Py:EQ), PsiElement(Py:IDENTIFIER), PsiElement(Py:COMMA), PsiElement(Py:IDENTIFIER)]\",\"text\":\")\\n# [___CELL_SEPARATOR___]\\n@df iris scatter(:SepalLength, :SepalWidth, group \\u003d :Species, smooth \\u003d true, \\n    layout\",\"position\":[930,1039]},{\"psi\":\"[PsiElement(Py:RPAR), PsiElement(Py:AT), PsiElement(Py:IDENTIFIER), PsiElement(Py:IDENTIFIER), PsiElement(Py:IDENTIFIER), PsiElement(Py:LPAR), PsiElement(Py:COLON), PsiElement(Py:IDENTIFIER), PsiElement(Py:COMMA), PsiElement(Py:COLON), PsiElement(Py:IDENTIFIER), PsiElement(Py:COMMA), PsiElement(Py:IDENTIFIER), PsiElement(Py:EQ), PsiElement(Py:COLON), PsiElement(Py:IDENTIFIER), PsiElement(Py:COMMA), PsiElement(Py:IDENTIFIER), PsiElement(Py:EQ), PsiElement(Py:IDENTIFIER), PsiElement(Py:COMMA), PsiElement(Py:IDENTIFIER)]\",\"text\":\")\\n# [___CELL_SEPARATOR___]\\n\\n@df iris scatter(:SepalLength, :SepalWidth, group \\u003d :Species, smooth \\u003d true, \\n    layout\",\"position\":[1085,1195]}]},{\"clone_length\":3,\"clones\":[{\"psi\":\"[PsiElement(Py:RPAR), PsiElement(Py:IDENTIFIER), PsiElement(Py:LPAR)]\",\"text\":\")\\n# [___CELL_SEPARATOR___]\\nplotattr(\",\"position\":[295,330]},{\"psi\":\"[PsiElement(Py:RPAR), PsiElement(Py:IDENTIFIER), PsiElement(Py:LPAR)]\",\"text\":\")\\n# [___CELL_SEPARATOR___]\\nplotattr(\",\"position\":[374,409]},{\"psi\":\"[PsiElement(Py:RPAR), PsiElement(Py:IDENTIFIER), PsiElement(Py:LPAR)]\",\"text\":\")\\n# [___CELL_SEPARATOR___]\\nplotattr(\",\"position\":[620,655]}]},{\"clone_length\":3,\"clones\":[{\"psi\":\"[PsiElement(Py:RPAR), PsiElement(Py:IDENTIFIER), PsiElement(Py:LPAR)]\",\"text\":\")\\n# [___CELL_SEPARATOR___]\\nplot(\",\"position\":[71,102]},{\"psi\":\"[PsiElement(Py:RPAR), PsiElement(Py:IDENTIFIER), PsiElement(Py:LPAR)]\",\"text\":\")\\n\\n# [___CELL_SEPARATOR___]\\nplot(\",\"position\":[1257,1289]}]},{\"clone_length\":7,\"clones\":[{\"psi\":\"[PsiElement(Py:IDENTIFIER), PsiElement(Py:LPAR), PsiElement(Py:INTEGER_LITERAL), PsiElement(Py:COLON), PsiElement(Py:INTEGER_LITERAL), PsiElement(Py:COMMA), PsiElement(Py:IDENTIFIER)]\",\"text\":\"plot(1:100, cumsum\",\"position\":[41,53]},{\"psi\":\"[PsiElement(Py:IDENTIFIER), PsiElement(Py:LPAR), PsiElement(Py:INTEGER_LITERAL), PsiElement(Py:COLON), PsiElement(Py:INTEGER_LITERAL), PsiElement(Py:COMMA), PsiElement(Py:IDENTIFIER)]\",\"text\":\"plot(1:100, cumsum\",\"position\":[98,110]}]},{\"clone_length\":19,\"clones\":[{\"psi\":\"[PsiElement(Py:AT), PsiElement(Py:IDENTIFIER), PsiElement(Py:IDENTIFIER), PsiElement(Py:IDENTIFIER), PsiElement(Py:LPAR), PsiElement(Py:COLON), PsiElement(Py:IDENTIFIER), PsiElement(Py:COMMA), PsiElement(Py:COLON), PsiElement(Py:IDENTIFIER), PsiElement(Py:COMMA), PsiElement(Py:IDENTIFIER), PsiElement(Py:EQ), PsiElement(Py:COLON), PsiElement(Py:IDENTIFIER), PsiElement(Py:COMMA), PsiElement(Py:IDENTIFIER), PsiElement(Py:EQ), PsiElement(Py:IDENTIFIER)]\",\"text\":\"@df iris scatter(:SepalLength, :SepalWidth, group \\u003d :Species, smooth \\u003d true\",\"position\":[855,926]},{\"psi\":\"[PsiElement(Py:AT), PsiElement(Py:IDENTIFIER), PsiElement(Py:IDENTIFIER), PsiElement(Py:IDENTIFIER), PsiElement(Py:LPAR), PsiElement(Py:COLON), PsiElement(Py:IDENTIFIER), PsiElement(Py:COMMA), PsiElement(Py:COLON), PsiElement(Py:IDENTIFIER), PsiElement(Py:COMMA), PsiElement(Py:IDENTIFIER), PsiElement(Py:EQ), PsiElement(Py:COLON), PsiElement(Py:IDENTIFIER), PsiElement(Py:COMMA), PsiElement(Py:IDENTIFIER), PsiElement(Py:EQ), PsiElement(Py:IDENTIFIER)]\",\"text\":\"@df iris scatter(:SepalLength, :SepalWidth, group \\u003d :Species, smooth \\u003d true\",\"position\":[957,1028]},{\"psi\":\"[PsiElement(Py:AT), PsiElement(Py:IDENTIFIER), PsiElement(Py:IDENTIFIER), PsiElement(Py:IDENTIFIER), PsiElement(Py:LPAR), PsiElement(Py:COLON), PsiElement(Py:IDENTIFIER), PsiElement(Py:COMMA), PsiElement(Py:COLON), PsiElement(Py:IDENTIFIER), PsiElement(Py:COMMA), PsiElement(Py:IDENTIFIER), PsiElement(Py:EQ), PsiElement(Py:COLON), PsiElement(Py:IDENTIFIER), PsiElement(Py:COMMA), PsiElement(Py:IDENTIFIER), PsiElement(Py:EQ), PsiElement(Py:IDENTIFIER)]\",\"text\":\"@df iris scatter(:SepalLength, :SepalWidth, group \\u003d :Species, smooth \\u003d true\",\"position\":[1113,1184]}]},{\"clone_length\":3,\"clones\":[{\"psi\":\"[PsiElement(Py:IDENTIFIER), PsiElement(Py:LPAR), PsiElement(Py:INTEGER_LITERAL)]\",\"text\":\"randn(10000\",\"position\":[1427,1433]},{\"psi\":\"[PsiElement(Py:IDENTIFIER), PsiElement(Py:LPAR), PsiElement(Py:INTEGER_LITERAL)]\",\"text\":\"randn(10000\",\"position\":[1441,1447]}]}]}","initial_tree_length":630,"project_name":"9cb3703ad8b2e12fbe7209b2f77e2a52106a57e4","file_name":"9cb3703ad8b2e12fbe7209b2f77e2a52106a57e4.ipynb.py"}