{"3":"{\"totalGroups\":2,\"totalClones\":4,\"groups\":[{\"clone_length\":3,\"clones\":[{\"psi\":\"[PsiElement(Py:IDENTIFIER), PsiElement(Py:IMPORT_KEYWORD), PsiElement(Py:IDENTIFIER)]\",\"text\":\"blueqat\\n# [___CELL_SEPARATOR___]\\nimport blueqat\",\"position\":[16,56]},{\"psi\":\"[PsiElement(Py:IDENTIFIER), PsiElement(Py:IMPORT_KEYWORD), PsiElement(Py:IDENTIFIER)]\",\"text\":\"blueqat\\n# [___CELL_SEPARATOR___]\\nimport blueqat\",\"position\":[16,56]}]},{\"clone_length\":12,\"clones\":[{\"psi\":\"[PsiElement(Py:INTEGER_LITERAL), PsiElement(Py:COMMA), PsiElement(Py:MINUS), PsiElement(Py:INTEGER_LITERAL), PsiElement(Py:MULT), PsiElement(Py:IDENTIFIER), PsiElement(Py:RBRACKET), PsiElement(Py:COMMA), PsiElement(Py:LBRACKET), PsiElement(Py:INTEGER_LITERAL), PsiElement(Py:COMMA), PsiElement(Py:INTEGER_LITERAL)]\",\"text\":\"9,-2*d],[0,0\",\"position\":[109,120]},{\"psi\":\"[PsiElement(Py:INTEGER_LITERAL), PsiElement(Py:COMMA), PsiElement(Py:MINUS), PsiElement(Py:INTEGER_LITERAL), PsiElement(Py:MULT), PsiElement(Py:IDENTIFIER), PsiElement(Py:RBRACKET), PsiElement(Py:COMMA), PsiElement(Py:LBRACKET), PsiElement(Py:INTEGER_LITERAL), PsiElement(Py:COMMA), PsiElement(Py:INTEGER_LITERAL)]\",\"text\":\"9,-2*d],[0,0\",\"position\":[122,133]}]}]}","initial_tree_length":76,"project_name":"a3c2e82d825a3722e3bd9afc307f383ce6cf1979","file_name":"a3c2e82d825a3722e3bd9afc307f383ce6cf1979.ipynb.py"}