{"3":"{\"totalGroups\":86,\"totalClones\":230,\"groups\":[{\"clone_length\":5,\"clones\":[{\"psi\":\"[PsiElement(Py:INTEGER_LITERAL), PsiElement(Py:RPAR), PsiElement(Py:AT), PsiElement(Py:IDENTIFIER), PsiElement(Py:IDENTIFIER)]\",\"text\":\"0)\\n\\n    # past the hour\\n    @test Clock\",\"position\":[235,269]},{\"psi\":\"[PsiElement(Py:INTEGER_LITERAL), PsiElement(Py:RPAR), PsiElement(Py:AT), PsiElement(Py:IDENTIFIER), PsiElement(Py:IDENTIFIER)]\",\"text\":\"0)\\n\\n    # minutes roll over\\n    @test Clock\",\"position\":[571,609]},{\"psi\":\"[PsiElement(Py:INTEGER_LITERAL), PsiElement(Py:RPAR), PsiElement(Py:AT), PsiElement(Py:IDENTIFIER), PsiElement(Py:IDENTIFIER)]\",\"text\":\"0)\\n\\n    # negative hour\\n    @test Clock\",\"position\":[975,1009]},{\"psi\":\"[PsiElement(Py:INTEGER_LITERAL), PsiElement(Py:RPAR), PsiElement(Py:AT), PsiElement(Py:IDENTIFIER), PsiElement(Py:IDENTIFIER)]\",\"text\":\"0)\\n\\n    # negative hour rolls over continuously\\n    @test Clock\",\"position\":[1109,1167]},{\"psi\":\"[PsiElement(Py:INTEGER_LITERAL), PsiElement(Py:RPAR), PsiElement(Py:AT), PsiElement(Py:IDENTIFIER), PsiElement(Py:IDENTIFIER)]\",\"text\":\"0)\\n\\n    # negative hour and minutes both roll over\\n    @test Clock\",\"position\":[1509,1570]},{\"psi\":\"[PsiElement(Py:INTEGER_LITERAL), PsiElement(Py:RPAR), PsiElement(Py:AT), PsiElement(Py:IDENTIFIER), PsiElement(Py:IDENTIFIER)]\",\"text\":\"0)\\n\\n    # sixty minutes is next hour\\n    @test Clock\",\"position\":[499,546]},{\"psi\":\"[PsiElement(Py:INTEGER_LITERAL), PsiElement(Py:RPAR), PsiElement(Py:AT), PsiElement(Py:IDENTIFIER), PsiElement(Py:IDENTIFIER)]\",\"text\":\"0)\\n\\n    # negative minutes\\n    @test Clock\",\"position\":[1193,1230]},{\"psi\":\"[PsiElement(Py:INTEGER_LITERAL), PsiElement(Py:RPAR), PsiElement(Py:AT), PsiElement(Py:IDENTIFIER), PsiElement(Py:IDENTIFIER)]\",\"text\":\"0)\\n\\n    # hour rolls over\\n    @test Clock\",\"position\":[363,399]},{\"psi\":\"[PsiElement(Py:INTEGER_LITERAL), PsiElement(Py:RPAR), PsiElement(Py:AT), PsiElement(Py:IDENTIFIER), PsiElement(Py:IDENTIFIER)]\",\"text\":\"0)\\n\\n    # hour rolls over continuously\\n    @test Clock\",\"position\":[424,473]},{\"psi\":\"[PsiElement(Py:INTEGER_LITERAL), PsiElement(Py:RPAR), PsiElement(Py:AT), PsiElement(Py:IDENTIFIER), PsiElement(Py:IDENTIFIER)]\",\"text\":\"0)\\n\\n    # subtract to previous hour\\n    @test Clock\",\"position\":[2569,2615]}]},{\"clone_length\":7,\"clones\":[{\"psi\":\"[PsiElement(Py:INTEGER_LITERAL), PsiElement(Py:RPAR), PsiElement(Py:AT), PsiElement(Py:IDENTIFIER), PsiElement(Py:IDENTIFIER), PsiElement(Py:LPAR), PsiElement(Py:MINUS)]\",\"text\":\"0)\\n\\n    # negative hour\\n    @test Clock(-\",\"position\":[975,1015]},{\"psi\":\"[PsiElement(Py:INTEGER_LITERAL), PsiElement(Py:RPAR), PsiElement(Py:AT), PsiElement(Py:IDENTIFIER), PsiElement(Py:IDENTIFIER), PsiElement(Py:LPAR), PsiElement(Py:MINUS)]\",\"text\":\"0)\\n\\n    # negative hour rolls over continuously\\n    @test Clock(-\",\"position\":[1109,1173]},{\"psi\":\"[PsiElement(Py:INTEGER_LITERAL), PsiElement(Py:RPAR), PsiElement(Py:AT), PsiElement(Py:IDENTIFIER), PsiElement(Py:IDENTIFIER), PsiElement(Py:LPAR), PsiElement(Py:MINUS)]\",\"text\":\"0)\\n\\n    # negative hour and minutes both roll over\\n    @test Clock(-\",\"position\":[1509,1576]}]},{\"clone_length\":7,\"clones\":[{\"psi\":\"[PsiElement(Py:INTEGER_LITERAL), PsiElement(Py:RPAR), PsiElement(Py:AT), PsiElement(Py:IDENTIFIER), PsiElement(Py:IDENTIFIER), PsiElement(Py:LPAR), PsiElement(Py:INTEGER_LITERAL)]\",\"text\":\"0)\\n\\n    # sixty minutes is next hour\\n    @test Clock(1\",\"position\":[499,552]},{\"psi\":\"[PsiElement(Py:INTEGER_LITERAL), PsiElement(Py:RPAR), PsiElement(Py:AT), PsiElement(Py:IDENTIFIER), PsiElement(Py:IDENTIFIER), PsiElement(Py:LPAR), PsiElement(Py:INTEGER_LITERAL)]\",\"text\":\"0)\\n\\n    # negative minutes\\n    @test Clock(1\",\"position\":[1193,1236]}]},{\"clone_length\":6,\"clones\":[{\"psi\":\"[PsiElement(Py:MINUS), PsiElement(Py:INTEGER_LITERAL), PsiElement(Py:RPAR), PsiElement(Py:EQEQ), PsiElement(Py:IDENTIFIER), PsiElement(Py:LPAR)]\",\"text\":\"-160) \\u003d\\u003d Clock(\",\"position\":[1313,1327]},{\"psi\":\"[PsiElement(Py:MINUS), PsiElement(Py:INTEGER_LITERAL), PsiElement(Py:RPAR), PsiElement(Py:EQEQ), PsiElement(Py:IDENTIFIER), PsiElement(Py:LPAR)]\",\"text\":\"-160) \\u003d\\u003d Clock(\",\"position\":[1581,1595]}]},{\"clone_length\":8,\"clones\":[{\"psi\":\"[PsiElement(Py:INTEGER_LITERAL), PsiElement(Py:COMMA), PsiElement(Py:INTEGER_LITERAL), PsiElement(Py:RPAR), PsiElement(Py:AT), PsiElement(Py:IDENTIFIER), PsiElement(Py:IDENTIFIER), PsiElement(Py:LPAR)]\",\"text\":\"2, 40)\\n\\n    # minutes roll over continuously\\n    @test Clock(\",\"position\":[632,692]},{\"psi\":\"[PsiElement(Py:INTEGER_LITERAL), PsiElement(Py:COMMA), PsiElement(Py:INTEGER_LITERAL), PsiElement(Py:RPAR), PsiElement(Py:AT), PsiElement(Py:IDENTIFIER), PsiElement(Py:IDENTIFIER), PsiElement(Py:LPAR)]\",\"text\":\"2, 40)\\n\\n    # clocks with negative hour that wraps\\n    @test Clock(\",\"position\":[3747,3813]}]},{\"clone_length\":5,\"clones\":[{\"psi\":\"[PsiElement(Py:INTEGER_LITERAL), PsiElement(Py:RPAR), PsiElement(Py:EQEQ), PsiElement(Py:IDENTIFIER), PsiElement(Py:LPAR)]\",\"text\":\"2) \\u003d\\u003d Clock(\",\"position\":[2236,2247]},{\"psi\":\"[PsiElement(Py:INTEGER_LITERAL), PsiElement(Py:RPAR), PsiElement(Py:EQEQ), PsiElement(Py:IDENTIFIER), PsiElement(Py:LPAR)]\",\"text\":\"2) \\u003d\\u003d Clock(\",\"position\":[4084,4095]}]},{\"clone_length\":6,\"clones\":[{\"psi\":\"[PsiElement(Py:INTEGER_LITERAL), PsiElement(Py:RPAR), PsiElement(Py:AT), PsiElement(Py:IDENTIFIER), PsiElement(Py:IDENTIFIER), PsiElement(Py:LPAR)]\",\"text\":\"1)\\n\\n    # add more than two hours with carry\\n    @test Clock(\",\"position\":[2066,2126]},{\"psi\":\"[PsiElement(Py:INTEGER_LITERAL), PsiElement(Py:RPAR), PsiElement(Py:AT), PsiElement(Py:IDENTIFIER), PsiElement(Py:IDENTIFIER), PsiElement(Py:LPAR)]\",\"text\":\"1)\\n\\n    # add more than one day (1500 min \\u003d 25 hrs)\\n    @test Clock(\",\"position\":[2251,2318]}]},{\"clone_length\":5,\"clones\":[{\"psi\":\"[PsiElement(Py:INTEGER_LITERAL), PsiElement(Py:RPAR), PsiElement(Py:AT), PsiElement(Py:IDENTIFIER), PsiElement(Py:IDENTIFIER)]\",\"text\":\"3)\\n\\n    # add no minutes\\n    @test Clock\",\"position\":[1817,1852]},{\"psi\":\"[PsiElement(Py:INTEGER_LITERAL), PsiElement(Py:RPAR), PsiElement(Py:AT), PsiElement(Py:IDENTIFIER), PsiElement(Py:IDENTIFIER)]\",\"text\":\"3)\\n\\n    # clocks with negative hour that wraps multiple times\\n    @test Clock\",\"position\":[3835,3907]}]},{\"clone_length\":5,\"clones\":[{\"psi\":\"[PsiElement(Py:INTEGER_LITERAL), PsiElement(Py:RPAR), PsiElement(Py:EQEQ), PsiElement(Py:IDENTIFIER), PsiElement(Py:LPAR)]\",\"text\":\"3) \\u003d\\u003d Clock(\",\"position\":[1801,1812]},{\"psi\":\"[PsiElement(Py:INTEGER_LITERAL), PsiElement(Py:RPAR), PsiElement(Py:EQEQ), PsiElement(Py:IDENTIFIER), PsiElement(Py:LPAR)]\",\"text\":\"3) \\u003d\\u003d Clock(\",\"position\":[2553,2564]},{\"psi\":\"[PsiElement(Py:INTEGER_LITERAL), PsiElement(Py:RPAR), PsiElement(Py:EQEQ), PsiElement(Py:IDENTIFIER), PsiElement(Py:LPAR)]\",\"text\":\"3) \\u003d\\u003d Clock(\",\"position\":[3818,3829]}]},{\"clone_length\":5,\"clones\":[{\"psi\":\"[PsiElement(Py:AT), PsiElement(Py:IDENTIFIER), PsiElement(Py:IDENTIFIER), PsiElement(Py:LPAR), PsiElement(Py:INTEGER_LITERAL)]\",\"text\":\"@test Clock(25\",\"position\":[393,405]},{\"psi\":\"[PsiElement(Py:AT), PsiElement(Py:IDENTIFIER), PsiElement(Py:IDENTIFIER), PsiElement(Py:LPAR), PsiElement(Py:INTEGER_LITERAL)]\",\"text\":\"@test Clock(25\",\"position\":[756,768]}]},{\"clone_length\":5,\"clones\":[{\"psi\":\"[PsiElement(Py:AT), PsiElement(Py:IDENTIFIER), PsiElement(Py:IDENTIFIER), PsiElement(Py:LPAR), PsiElement(Py:INTEGER_LITERAL)]\",\"text\":\"@test Clock(0\",\"position\":[603,615]},{\"psi\":\"[PsiElement(Py:AT), PsiElement(Py:IDENTIFIER), PsiElement(Py:IDENTIFIER), PsiElement(Py:LPAR), PsiElement(Py:INTEGER_LITERAL)]\",\"text\":\"@test Clock(0\",\"position\":[3978,3990]},{\"psi\":\"[PsiElement(Py:AT), PsiElement(Py:IDENTIFIER), PsiElement(Py:IDENTIFIER), PsiElement(Py:LPAR), PsiElement(Py:INTEGER_LITERAL)]\",\"text\":\"@test Clock(0\",\"position\":[681,693]}]},{\"clone_length\":6,\"clones\":[{\"psi\":\"[PsiElement(Py:AT), PsiElement(Py:IDENTIFIER), PsiElement(Py:IDENTIFIER), PsiElement(Py:LPAR), PsiElement(Py:MINUS), PsiElement(Py:INTEGER_LITERAL)]\",\"text\":\"@test Clock(-25\",\"position\":[1076,1089]},{\"psi\":\"[PsiElement(Py:AT), PsiElement(Py:IDENTIFIER), PsiElement(Py:IDENTIFIER), PsiElement(Py:LPAR), PsiElement(Py:MINUS), PsiElement(Py:INTEGER_LITERAL)]\",\"text\":\"@test Clock(-25\",\"position\":[1564,1577]}]},{\"clone_length\":5,\"clones\":[{\"psi\":\"[PsiElement(Py:AT), PsiElement(Py:IDENTIFIER), PsiElement(Py:IDENTIFIER), PsiElement(Py:LPAR), PsiElement(Py:INTEGER_LITERAL)]\",\"text\":\"@test Clock(2\",\"position\":[1477,1489]},{\"psi\":\"[PsiElement(Py:AT), PsiElement(Py:IDENTIFIER), PsiElement(Py:IDENTIFIER), PsiElement(Py:LPAR), PsiElement(Py:INTEGER_LITERAL)]\",\"text\":\"@test Clock(2\",\"position\":[4069,4081]},{\"psi\":\"[PsiElement(Py:AT), PsiElement(Py:IDENTIFIER), PsiElement(Py:IDENTIFIER), PsiElement(Py:LPAR), PsiElement(Py:INTEGER_LITERAL)]\",\"text\":\"@test Clock(2\",\"position\":[4144,4156]}]},{\"clone_length\":5,\"clones\":[{\"psi\":\"[PsiElement(Py:AT), PsiElement(Py:IDENTIFIER), PsiElement(Py:IDENTIFIER), PsiElement(Py:LPAR), PsiElement(Py:INTEGER_LITERAL)]\",\"text\":\"@test Clock(15\",\"position\":[3341,3353]},{\"psi\":\"[PsiElement(Py:AT), PsiElement(Py:IDENTIFIER), PsiElement(Py:IDENTIFIER), PsiElement(Py:LPAR), PsiElement(Py:INTEGER_LITERAL)]\",\"text\":\"@test Clock(15\",\"position\":[3411,3423]}]},{\"clone_length\":14,\"clones\":[{\"psi\":\"[PsiElement(Py:AT), PsiElement(Py:IDENTIFIER), PsiElement(Py:IDENTIFIER), PsiElement(Py:LPAR), PsiElement(Py:INTEGER_LITERAL), PsiElement(Py:COMMA), PsiElement(Py:INTEGER_LITERAL), PsiElement(Py:RPAR), PsiElement(Py:EQEQ), PsiElement(Py:IDENTIFIER), PsiElement(Py:LPAR), PsiElement(Py:INTEGER_LITERAL), PsiElement(Py:COMMA), PsiElement(Py:INTEGER_LITERAL)]\",\"text\":\"@test Clock(24, 0) \\u003d\\u003d Clock(0, 0\",\"position\":[332,363]},{\"psi\":\"[PsiElement(Py:AT), PsiElement(Py:IDENTIFIER), PsiElement(Py:IDENTIFIER), PsiElement(Py:LPAR), PsiElement(Py:INTEGER_LITERAL), PsiElement(Py:COMMA), PsiElement(Py:INTEGER_LITERAL), PsiElement(Py:RPAR), PsiElement(Py:EQEQ), PsiElement(Py:IDENTIFIER), PsiElement(Py:LPAR), PsiElement(Py:INTEGER_LITERAL), PsiElement(Py:COMMA), PsiElement(Py:INTEGER_LITERAL)]\",\"text\":\"@test Clock(24, 0) \\u003d\\u003d Clock(0, 0\",\"position\":[4600,4631]}]},{\"clone_length\":13,\"clones\":[{\"psi\":\"[PsiElement(Py:AT), PsiElement(Py:IDENTIFIER), PsiElement(Py:IDENTIFIER), PsiElement(Py:LPAR), PsiElement(Py:INTEGER_LITERAL), PsiElement(Py:COMMA), PsiElement(Py:INTEGER_LITERAL), PsiElement(Py:RPAR), PsiElement(Py:PLUS), PsiElement(Py:IDENTIFIER), PsiElement(Py:DOT), PsiElement(Py:IDENTIFIER), PsiElement(Py:LPAR)]\",\"text\":\"@test Clock(10, 0) + Dates.Minute(\",\"position\":[1767,1800]},{\"psi\":\"[PsiElement(Py:AT), PsiElement(Py:IDENTIFIER), PsiElement(Py:IDENTIFIER), PsiElement(Py:LPAR), PsiElement(Py:INTEGER_LITERAL), PsiElement(Py:COMMA), PsiElement(Py:INTEGER_LITERAL), PsiElement(Py:RPAR), PsiElement(Py:PLUS), PsiElement(Py:IDENTIFIER), PsiElement(Py:DOT), PsiElement(Py:IDENTIFIER), PsiElement(Py:LPAR)]\",\"text\":\"@test Clock(10, 0) + Dates.Minute(\",\"position\":[2015,2048]}]},{\"clone_length\":13,\"clones\":[{\"psi\":\"[PsiElement(Py:AT), PsiElement(Py:IDENTIFIER), PsiElement(Py:IDENTIFIER), PsiElement(Py:LPAR), PsiElement(Py:INTEGER_LITERAL), PsiElement(Py:COMMA), PsiElement(Py:INTEGER_LITERAL), PsiElement(Py:RPAR), PsiElement(Py:MINUS), PsiElement(Py:IDENTIFIER), PsiElement(Py:DOT), PsiElement(Py:IDENTIFIER), PsiElement(Py:LPAR)]\",\"text\":\"@test Clock(10, 3) - Dates.Minute(\",\"position\":[2519,2552]},{\"psi\":\"[PsiElement(Py:AT), PsiElement(Py:IDENTIFIER), PsiElement(Py:IDENTIFIER), PsiElement(Py:LPAR), PsiElement(Py:INTEGER_LITERAL), PsiElement(Py:COMMA), PsiElement(Py:INTEGER_LITERAL), PsiElement(Py:RPAR), PsiElement(Py:MINUS), PsiElement(Py:IDENTIFIER), PsiElement(Py:DOT), PsiElement(Py:IDENTIFIER), PsiElement(Py:LPAR)]\",\"text\":\"@test Clock(10, 3) - Dates.Minute(\",\"position\":[2609,2642]},{\"psi\":\"[PsiElement(Py:AT), PsiElement(Py:IDENTIFIER), PsiElement(Py:IDENTIFIER), PsiElement(Py:LPAR), PsiElement(Py:INTEGER_LITERAL), PsiElement(Py:COMMA), PsiElement(Py:INTEGER_LITERAL), PsiElement(Py:RPAR), PsiElement(Py:MINUS), PsiElement(Py:IDENTIFIER), PsiElement(Py:DOT), PsiElement(Py:IDENTIFIER), PsiElement(Py:LPAR)]\",\"text\":\"@test Clock(10, 3) - Dates.Minute(\",\"position\":[2701,2734]}]},{\"clone_length\":18,\"clones\":[{\"psi\":\"[PsiElement(Py:AT), PsiElement(Py:IDENTIFIER), PsiElement(Py:IDENTIFIER), PsiElement(Py:LPAR), PsiElement(Py:INTEGER_LITERAL), PsiElement(Py:COMMA), PsiElement(Py:INTEGER_LITERAL), PsiElement(Py:RPAR), PsiElement(Py:PLUS), PsiElement(Py:IDENTIFIER), PsiElement(Py:DOT), PsiElement(Py:IDENTIFIER), PsiElement(Py:LPAR), PsiElement(Py:INTEGER_LITERAL), PsiElement(Py:RPAR), PsiElement(Py:EQEQ), PsiElement(Py:IDENTIFIER), PsiElement(Py:LPAR)]\",\"text\":\"@test Clock(5, 32) + Dates.Minute(1500) \\u003d\\u003d Clock(\",\"position\":[2307,2355]},{\"psi\":\"[PsiElement(Py:AT), PsiElement(Py:IDENTIFIER), PsiElement(Py:IDENTIFIER), PsiElement(Py:LPAR), PsiElement(Py:INTEGER_LITERAL), PsiElement(Py:COMMA), PsiElement(Py:INTEGER_LITERAL), PsiElement(Py:RPAR), PsiElement(Py:MINUS), PsiElement(Py:IDENTIFIER), PsiElement(Py:DOT), PsiElement(Py:IDENTIFIER), PsiElement(Py:LPAR), PsiElement(Py:INTEGER_LITERAL), PsiElement(Py:RPAR), PsiElement(Py:EQEQ), PsiElement(Py:IDENTIFIER), PsiElement(Py:LPAR)]\",\"text\":\"@test Clock(5, 32) - Dates.Minute(1500) \\u003d\\u003d Clock(\",\"position\":[3104,3152]}]},{\"clone_length\":5,\"clones\":[{\"psi\":\"[PsiElement(Py:AT), PsiElement(Py:IDENTIFIER), PsiElement(Py:IDENTIFIER), PsiElement(Py:LPAR), PsiElement(Py:INTEGER_LITERAL)]\",\"text\":\"@test Clock(0\",\"position\":[1927,1939]},{\"psi\":\"[PsiElement(Py:AT), PsiElement(Py:IDENTIFIER), PsiElement(Py:IDENTIFIER), PsiElement(Py:LPAR), PsiElement(Py:INTEGER_LITERAL)]\",\"text\":\"@test Clock(0\",\"position\":[2115,2127]},{\"psi\":\"[PsiElement(Py:AT), PsiElement(Py:IDENTIFIER), PsiElement(Py:IDENTIFIER), PsiElement(Py:LPAR), PsiElement(Py:INTEGER_LITERAL)]\",\"text\":\"@test Clock(0\",\"position\":[2791,2803]},{\"psi\":\"[PsiElement(Py:AT), PsiElement(Py:IDENTIFIER), PsiElement(Py:IDENTIFIER), PsiElement(Py:LPAR), PsiElement(Py:INTEGER_LITERAL)]\",\"text\":\"@test Clock(0\",\"position\":[2884,2896]}]},{\"clone_length\":13,\"clones\":[{\"psi\":\"[PsiElement(Py:AT), PsiElement(Py:IDENTIFIER), PsiElement(Py:IDENTIFIER), PsiElement(Py:LPAR), PsiElement(Py:INTEGER_LITERAL), PsiElement(Py:COMMA), PsiElement(Py:INTEGER_LITERAL), PsiElement(Py:RPAR), PsiElement(Py:PLUS), PsiElement(Py:IDENTIFIER), PsiElement(Py:DOT), PsiElement(Py:IDENTIFIER), PsiElement(Py:LPAR)]\",\"text\":\"@test Clock(0, 45) + Dates.Minute(\",\"position\":[1927,1960]},{\"psi\":\"[PsiElement(Py:AT), PsiElement(Py:IDENTIFIER), PsiElement(Py:IDENTIFIER), PsiElement(Py:LPAR), PsiElement(Py:INTEGER_LITERAL), PsiElement(Py:COMMA), PsiElement(Py:INTEGER_LITERAL), PsiElement(Py:RPAR), PsiElement(Py:PLUS), PsiElement(Py:IDENTIFIER), PsiElement(Py:DOT), PsiElement(Py:IDENTIFIER), PsiElement(Py:LPAR)]\",\"text\":\"@test Clock(0, 45) + Dates.Minute(\",\"position\":[2115,2148]}]},{\"clone_length\":5,\"clones\":[{\"psi\":\"[PsiElement(Py:AT), PsiElement(Py:IDENTIFIER), PsiElement(Py:IDENTIFIER), PsiElement(Py:LPAR), PsiElement(Py:INTEGER_LITERAL)]\",\"text\":\"@test Clock(6\",\"position\":[1846,1858]},{\"psi\":\"[PsiElement(Py:AT), PsiElement(Py:IDENTIFIER), PsiElement(Py:IDENTIFIER), PsiElement(Py:LPAR), PsiElement(Py:INTEGER_LITERAL)]\",\"text\":\"@test Clock(6\",\"position\":[2991,3003]}]},{\"clone_length\":9,\"clones\":[{\"psi\":\"[PsiElement(Py:AT), PsiElement(Py:IDENTIFIER), PsiElement(Py:IDENTIFIER), PsiElement(Py:LPAR), PsiElement(Py:IDENTIFIER), PsiElement(Py:COMMA), PsiElement(Py:IDENTIFIER), PsiElement(Py:LPAR), PsiElement(Py:INTEGER_LITERAL)]\",\"text\":\"@test sprint(show, Clock(0\",\"position\":[4990,5015]},{\"psi\":\"[PsiElement(Py:AT), PsiElement(Py:IDENTIFIER), PsiElement(Py:IDENTIFIER), PsiElement(Py:LPAR), PsiElement(Py:IDENTIFIER), PsiElement(Py:COMMA), PsiElement(Py:IDENTIFIER), PsiElement(Py:LPAR), PsiElement(Py:INTEGER_LITERAL)]\",\"text\":\"@test sprint(show, Clock(0\",\"position\":[5043,5068]}]},{\"clone_length\":9,\"clones\":[{\"psi\":\"[PsiElement(Py:AT), PsiElement(Py:IDENTIFIER), PsiElement(Py:IDENTIFIER), PsiElement(Py:LPAR), PsiElement(Py:IDENTIFIER), PsiElement(Py:COMMA), PsiElement(Py:IDENTIFIER), PsiElement(Py:LPAR), PsiElement(Py:MINUS)]\",\"text\":\"@test sprint(show, Clock(-\",\"position\":[5262,5287]},{\"psi\":\"[PsiElement(Py:AT), PsiElement(Py:IDENTIFIER), PsiElement(Py:IDENTIFIER), PsiElement(Py:LPAR), PsiElement(Py:IDENTIFIER), PsiElement(Py:COMMA), PsiElement(Py:IDENTIFIER), PsiElement(Py:LPAR), PsiElement(Py:MINUS)]\",\"text\":\"@test sprint(show, Clock(-\",\"position\":[5368,5393]},{\"psi\":\"[PsiElement(Py:AT), PsiElement(Py:IDENTIFIER), PsiElement(Py:IDENTIFIER), PsiElement(Py:LPAR), PsiElement(Py:IDENTIFIER), PsiElement(Py:COMMA), PsiElement(Py:IDENTIFIER), PsiElement(Py:LPAR), PsiElement(Py:MINUS)]\",\"text\":\"@test sprint(show, Clock(-\",\"position\":[5315,5340]},{\"psi\":\"[PsiElement(Py:AT), PsiElement(Py:IDENTIFIER), PsiElement(Py:IDENTIFIER), PsiElement(Py:LPAR), PsiElement(Py:IDENTIFIER), PsiElement(Py:COMMA), PsiElement(Py:IDENTIFIER), PsiElement(Py:LPAR), PsiElement(Py:MINUS)]\",\"text\":\"@test sprint(show, Clock(-\",\"position\":[5636,5661]},{\"psi\":\"[PsiElement(Py:AT), PsiElement(Py:IDENTIFIER), PsiElement(Py:IDENTIFIER), PsiElement(Py:LPAR), PsiElement(Py:IDENTIFIER), PsiElement(Py:COMMA), PsiElement(Py:IDENTIFIER), PsiElement(Py:LPAR), PsiElement(Py:MINUS)]\",\"text\":\"@test sprint(show, Clock(-\",\"position\":[5692,5717]}]},{\"clone_length\":10,\"clones\":[{\"psi\":\"[PsiElement(Py:AT), PsiElement(Py:IDENTIFIER), PsiElement(Py:IDENTIFIER), PsiElement(Py:LPAR), PsiElement(Py:IDENTIFIER), PsiElement(Py:COMMA), PsiElement(Py:IDENTIFIER), PsiElement(Py:LPAR), PsiElement(Py:MINUS), PsiElement(Py:INTEGER_LITERAL)]\",\"text\":\"@test sprint(show, Clock(-25\",\"position\":[5315,5341]},{\"psi\":\"[PsiElement(Py:AT), PsiElement(Py:IDENTIFIER), PsiElement(Py:IDENTIFIER), PsiElement(Py:LPAR), PsiElement(Py:IDENTIFIER), PsiElement(Py:COMMA), PsiElement(Py:IDENTIFIER), PsiElement(Py:LPAR), PsiElement(Py:MINUS), PsiElement(Py:INTEGER_LITERAL)]\",\"text\":\"@test sprint(show, Clock(-25\",\"position\":[5636,5662]}]},{\"clone_length\":9,\"clones\":[{\"psi\":\"[PsiElement(Py:AT), PsiElement(Py:IDENTIFIER), PsiElement(Py:IDENTIFIER), PsiElement(Py:LPAR), PsiElement(Py:IDENTIFIER), PsiElement(Py:COMMA), PsiElement(Py:IDENTIFIER), PsiElement(Py:LPAR), PsiElement(Py:INTEGER_LITERAL)]\",\"text\":\"@test sprint(show, Clock(1\",\"position\":[4938,4963]},{\"psi\":\"[PsiElement(Py:AT), PsiElement(Py:IDENTIFIER), PsiElement(Py:IDENTIFIER), PsiElement(Py:LPAR), PsiElement(Py:IDENTIFIER), PsiElement(Py:COMMA), PsiElement(Py:IDENTIFIER), PsiElement(Py:LPAR), PsiElement(Py:INTEGER_LITERAL)]\",\"text\":\"@test sprint(show, Clock(1\",\"position\":[5421,5446]},{\"psi\":\"[PsiElement(Py:AT), PsiElement(Py:IDENTIFIER), PsiElement(Py:IDENTIFIER), PsiElement(Py:LPAR), PsiElement(Py:IDENTIFIER), PsiElement(Py:COMMA), PsiElement(Py:IDENTIFIER), PsiElement(Py:LPAR), PsiElement(Py:INTEGER_LITERAL)]\",\"text\":\"@test sprint(show, Clock(1\",\"position\":[5474,5499]},{\"psi\":\"[PsiElement(Py:AT), PsiElement(Py:IDENTIFIER), PsiElement(Py:IDENTIFIER), PsiElement(Py:LPAR), PsiElement(Py:IDENTIFIER), PsiElement(Py:COMMA), PsiElement(Py:IDENTIFIER), PsiElement(Py:LPAR), PsiElement(Py:INTEGER_LITERAL)]\",\"text\":\"@test sprint(show, Clock(1\",\"position\":[5528,5553]}]},{\"clone_length\":11,\"clones\":[{\"psi\":\"[PsiElement(Py:AT), PsiElement(Py:IDENTIFIER), PsiElement(Py:IDENTIFIER), PsiElement(Py:LPAR), PsiElement(Py:IDENTIFIER), PsiElement(Py:COMMA), PsiElement(Py:IDENTIFIER), PsiElement(Py:LPAR), PsiElement(Py:INTEGER_LITERAL), PsiElement(Py:COMMA), PsiElement(Py:MINUS)]\",\"text\":\"@test sprint(show, Clock(1, -\",\"position\":[5421,5449]},{\"psi\":\"[PsiElement(Py:AT), PsiElement(Py:IDENTIFIER), PsiElement(Py:IDENTIFIER), PsiElement(Py:LPAR), PsiElement(Py:IDENTIFIER), PsiElement(Py:COMMA), PsiElement(Py:IDENTIFIER), PsiElement(Py:LPAR), PsiElement(Py:INTEGER_LITERAL), PsiElement(Py:COMMA), PsiElement(Py:MINUS)]\",\"text\":\"@test sprint(show, Clock(1, -\",\"position\":[5474,5502]},{\"psi\":\"[PsiElement(Py:AT), PsiElement(Py:IDENTIFIER), PsiElement(Py:IDENTIFIER), PsiElement(Py:LPAR), PsiElement(Py:IDENTIFIER), PsiElement(Py:COMMA), PsiElement(Py:IDENTIFIER), PsiElement(Py:LPAR), PsiElement(Py:INTEGER_LITERAL), PsiElement(Py:COMMA), PsiElement(Py:MINUS)]\",\"text\":\"@test sprint(show, Clock(1, -\",\"position\":[5528,5556]}]},{\"clone_length\":9,\"clones\":[{\"psi\":\"[PsiElement(Py:AT), PsiElement(Py:IDENTIFIER), PsiElement(Py:IDENTIFIER), PsiElement(Py:LPAR), PsiElement(Py:IDENTIFIER), PsiElement(Py:COMMA), PsiElement(Py:IDENTIFIER), PsiElement(Py:LPAR), PsiElement(Py:INTEGER_LITERAL)]\",\"text\":\"@test sprint(show, Clock(25\",\"position\":[4833,4858]},{\"psi\":\"[PsiElement(Py:AT), PsiElement(Py:IDENTIFIER), PsiElement(Py:IDENTIFIER), PsiElement(Py:LPAR), PsiElement(Py:IDENTIFIER), PsiElement(Py:COMMA), PsiElement(Py:IDENTIFIER), PsiElement(Py:LPAR), PsiElement(Py:INTEGER_LITERAL)]\",\"text\":\"@test sprint(show, Clock(25\",\"position\":[5097,5122]}]},{\"clone_length\":5,\"clones\":[{\"psi\":\"[PsiElement(Py:INTEGER_LITERAL), PsiElement(Py:RPAR), PsiElement(Py:EQEQ), PsiElement(Py:IDENTIFIER), PsiElement(Py:LPAR)]\",\"text\":\"15) \\u003d\\u003d Clock(\",\"position\":[1019,1031]},{\"psi\":\"[PsiElement(Py:INTEGER_LITERAL), PsiElement(Py:RPAR), PsiElement(Py:EQEQ), PsiElement(Py:IDENTIFIER), PsiElement(Py:LPAR)]\",\"text\":\"15) \\u003d\\u003d Clock(\",\"position\":[4348,4360]}]},{\"clone_length\":5,\"clones\":[{\"psi\":\"[PsiElement(Py:INTEGER_LITERAL), PsiElement(Py:RPAR), PsiElement(Py:AT), PsiElement(Py:IDENTIFIER), PsiElement(Py:IDENTIFIER)]\",\"text\":\"20)\\n\\n    # negative minutes roll over\\n    @test Clock\",\"position\":[1256,1304]},{\"psi\":\"[PsiElement(Py:INTEGER_LITERAL), PsiElement(Py:RPAR), PsiElement(Py:AT), PsiElement(Py:IDENTIFIER), PsiElement(Py:IDENTIFIER)]\",\"text\":\"20)\\n\\n    # negative minutes roll over continuously\\n    @test Clock\",\"position\":[1332,1393]},{\"psi\":\"[PsiElement(Py:INTEGER_LITERAL), PsiElement(Py:RPAR), PsiElement(Py:AT), PsiElement(Py:IDENTIFIER), PsiElement(Py:IDENTIFIER)]\",\"text\":\"20)\\n\\n    # negative hour and minutes both roll over continuously\\n    @test Clock\",\"position\":[1600,1675]},{\"psi\":\"[PsiElement(Py:INTEGER_LITERAL), PsiElement(Py:RPAR), PsiElement(Py:AT), PsiElement(Py:IDENTIFIER), PsiElement(Py:IDENTIFIER)]\",\"text\":\"20)\\n\\n    # clocks with negative minute that wraps\\n    @test Clock\",\"position\":[4176,4236]},{\"psi\":\"[PsiElement(Py:INTEGER_LITERAL), PsiElement(Py:RPAR), PsiElement(Py:AT), PsiElement(Py:IDENTIFIER), PsiElement(Py:IDENTIFIER)]\",\"text\":\"20)\\n\\n    # subtract more than two hours with borrow\\n    @test Clock\",\"position\":[2935,2997]}]},{\"clone_length\":6,\"clones\":[{\"psi\":\"[PsiElement(Py:INTEGER_LITERAL), PsiElement(Py:RPAR), PsiElement(Py:AT), PsiElement(Py:IDENTIFIER), PsiElement(Py:IDENTIFIER), PsiElement(Py:LPAR)]\",\"text\":\"20)\\n\\n    # negative minutes roll over\\n    @test Clock(\",\"position\":[1256,1309]},{\"psi\":\"[PsiElement(Py:INTEGER_LITERAL), PsiElement(Py:RPAR), PsiElement(Py:AT), PsiElement(Py:IDENTIFIER), PsiElement(Py:IDENTIFIER), PsiElement(Py:LPAR)]\",\"text\":\"20)\\n\\n    # negative minutes roll over continuously\\n    @test Clock(\",\"position\":[1332,1398]},{\"psi\":\"[PsiElement(Py:INTEGER_LITERAL), PsiElement(Py:RPAR), PsiElement(Py:AT), PsiElement(Py:IDENTIFIER), PsiElement(Py:IDENTIFIER), PsiElement(Py:LPAR)]\",\"text\":\"20)\\n\\n    # negative hour and minutes both roll over continuously\\n    @test Clock(\",\"position\":[1600,1680]},{\"psi\":\"[PsiElement(Py:INTEGER_LITERAL), PsiElement(Py:RPAR), PsiElement(Py:AT), PsiElement(Py:IDENTIFIER), PsiElement(Py:IDENTIFIER), PsiElement(Py:LPAR)]\",\"text\":\"20)\\n\\n    # clocks with negative minute that wraps\\n    @test Clock(\",\"position\":[4176,4241]}]},{\"clone_length\":9,\"clones\":[{\"psi\":\"[PsiElement(Py:INTEGER_LITERAL), PsiElement(Py:RPAR), PsiElement(Py:AT), PsiElement(Py:IDENTIFIER), PsiElement(Py:IDENTIFIER), PsiElement(Py:LPAR), PsiElement(Py:INTEGER_LITERAL), PsiElement(Py:COMMA), PsiElement(Py:MINUS)]\",\"text\":\"20)\\n\\n    # negative minutes roll over\\n    @test Clock(1, -\",\"position\":[1256,1313]},{\"psi\":\"[PsiElement(Py:INTEGER_LITERAL), PsiElement(Py:RPAR), PsiElement(Py:AT), PsiElement(Py:IDENTIFIER), PsiElement(Py:IDENTIFIER), PsiElement(Py:LPAR), PsiElement(Py:INTEGER_LITERAL), PsiElement(Py:COMMA), PsiElement(Py:MINUS)]\",\"text\":\"20)\\n\\n    # negative minutes roll over continuously\\n    @test Clock(1, -\",\"position\":[1332,1402]}]},{\"clone_length\":7,\"clones\":[{\"psi\":\"[PsiElement(Py:INTEGER_LITERAL), PsiElement(Py:COMMA), PsiElement(Py:INTEGER_LITERAL), PsiElement(Py:RPAR), PsiElement(Py:EQEQ), PsiElement(Py:IDENTIFIER), PsiElement(Py:LPAR)]\",\"text\":\"25, 0) \\u003d\\u003d Clock(\",\"position\":[405,420]},{\"psi\":\"[PsiElement(Py:INTEGER_LITERAL), PsiElement(Py:COMMA), PsiElement(Py:INTEGER_LITERAL), PsiElement(Py:RPAR), PsiElement(Py:EQEQ), PsiElement(Py:IDENTIFIER), PsiElement(Py:LPAR)]\",\"text\":\"25, 0) \\u003d\\u003d Clock(\",\"position\":[1089,1104]}]},{\"clone_length\":6,\"clones\":[{\"psi\":\"[PsiElement(Py:INTEGER_LITERAL), PsiElement(Py:RPAR), PsiElement(Py:AT), PsiElement(Py:IDENTIFIER), PsiElement(Py:IDENTIFIER), PsiElement(Py:LPAR)]\",\"text\":\"25)\\n\\n    # add more than one hour\\n    @test Clock(\",\"position\":[1977,2026]},{\"psi\":\"[PsiElement(Py:INTEGER_LITERAL), PsiElement(Py:RPAR), PsiElement(Py:AT), PsiElement(Py:IDENTIFIER), PsiElement(Py:IDENTIFIER), PsiElement(Py:LPAR)]\",\"text\":\"25)\\n\\n    # add across midnight\\n    @test Clock(\",\"position\":[2166,2212]}]},{\"clone_length\":6,\"clones\":[{\"psi\":\"[PsiElement(Py:INTEGER_LITERAL), PsiElement(Py:RPAR), PsiElement(Py:AT), PsiElement(Py:IDENTIFIER), PsiElement(Py:IDENTIFIER), PsiElement(Py:LPAR)]\",\"text\":\"32)\\n\\n    # add more than two days\\n    @test Clock(\",\"position\":[2359,2408]},{\"psi\":\"[PsiElement(Py:INTEGER_LITERAL), PsiElement(Py:RPAR), PsiElement(Py:AT), PsiElement(Py:IDENTIFIER), PsiElement(Py:IDENTIFIER), PsiElement(Py:LPAR)]\",\"text\":\"32)\\n\\n    # subtract more than two days\\n    @test Clock(\",\"position\":[3156,3210]}]},{\"clone_length\":5,\"clones\":[{\"psi\":\"[PsiElement(Py:INTEGER_LITERAL), PsiElement(Py:RPAR), PsiElement(Py:EQEQ), PsiElement(Py:IDENTIFIER), PsiElement(Py:LPAR)]\",\"text\":\"37) \\u003d\\u003d Clock(\",\"position\":[3357,3369]},{\"psi\":\"[PsiElement(Py:INTEGER_LITERAL), PsiElement(Py:RPAR), PsiElement(Py:NE), PsiElement(Py:IDENTIFIER), PsiElement(Py:LPAR)]\",\"text\":\"37) !\\u003d Clock(\",\"position\":[3496,3508]},{\"psi\":\"[PsiElement(Py:INTEGER_LITERAL), PsiElement(Py:RPAR), PsiElement(Py:EQEQ), PsiElement(Py:IDENTIFIER), PsiElement(Py:LPAR)]\",\"text\":\"37) \\u003d\\u003d Clock(\",\"position\":[3570,3582]}]},{\"clone_length\":13,\"clones\":[{\"psi\":\"[PsiElement(Py:INTEGER_LITERAL), PsiElement(Py:RPAR), PsiElement(Py:EQEQ), PsiElement(Py:IDENTIFIER), PsiElement(Py:LPAR), PsiElement(Py:INTEGER_LITERAL), PsiElement(Py:COMMA), PsiElement(Py:INTEGER_LITERAL), PsiElement(Py:RPAR), PsiElement(Py:AT), PsiElement(Py:IDENTIFIER), PsiElement(Py:IDENTIFIER), PsiElement(Py:LPAR)]\",\"text\":\"37) \\u003d\\u003d Clock(15, 37)\\n\\n    # clocks a minute apart\\n    @test Clock(\",\"position\":[3357,3422]},{\"psi\":\"[PsiElement(Py:INTEGER_LITERAL), PsiElement(Py:RPAR), PsiElement(Py:NE), PsiElement(Py:IDENTIFIER), PsiElement(Py:LPAR), PsiElement(Py:INTEGER_LITERAL), PsiElement(Py:COMMA), PsiElement(Py:INTEGER_LITERAL), PsiElement(Py:RPAR), PsiElement(Py:AT), PsiElement(Py:IDENTIFIER), PsiElement(Py:IDENTIFIER), PsiElement(Py:LPAR)]\",\"text\":\"37) !\\u003d Clock(15, 37)\\n\\n    # clocks with hour overflow\\n    @test Clock(\",\"position\":[3496,3565]}]},{\"clone_length\":5,\"clones\":[{\"psi\":\"[PsiElement(Py:INTEGER_LITERAL), PsiElement(Py:RPAR), PsiElement(Py:EQEQ), PsiElement(Py:IDENTIFIER), PsiElement(Py:LPAR)]\",\"text\":\"40) \\u003d\\u003d Clock(\",\"position\":[1240,1252]},{\"psi\":\"[PsiElement(Py:INTEGER_LITERAL), PsiElement(Py:RPAR), PsiElement(Py:EQEQ), PsiElement(Py:IDENTIFIER), PsiElement(Py:LPAR)]\",\"text\":\"40) \\u003d\\u003d Clock(\",\"position\":[3733,3745]},{\"psi\":\"[PsiElement(Py:INTEGER_LITERAL), PsiElement(Py:RPAR), PsiElement(Py:EQEQ), PsiElement(Py:IDENTIFIER), PsiElement(Py:LPAR)]\",\"text\":\"40) \\u003d\\u003d Clock(\",\"position\":[1961,1973]},{\"psi\":\"[PsiElement(Py:INTEGER_LITERAL), PsiElement(Py:RPAR), PsiElement(Py:EQEQ), PsiElement(Py:IDENTIFIER), PsiElement(Py:LPAR)]\",\"text\":\"40) \\u003d\\u003d Clock(\",\"position\":[4159,4171]}]},{\"clone_length\":5,\"clones\":[{\"psi\":\"[PsiElement(Py:INTEGER_LITERAL), PsiElement(Py:RPAR), PsiElement(Py:EQEQ), PsiElement(Py:IDENTIFIER), PsiElement(Py:LPAR)]\",\"text\":\"60) \\u003d\\u003d Clock(\",\"position\":[555,567]},{\"psi\":\"[PsiElement(Py:INTEGER_LITERAL), PsiElement(Py:RPAR), PsiElement(Py:EQEQ), PsiElement(Py:IDENTIFIER), PsiElement(Py:LPAR)]\",\"text\":\"60) \\u003d\\u003d Clock(\",\"position\":[1493,1505]}]},{\"clone_length\":3,\"clones\":[{\"psi\":\"[PsiElement(Py:IDENTIFIER), PsiElement(Py:AT), PsiElement(Py:IDENTIFIER)]\",\"text\":\"end\\n\\n@testset\",\"position\":[1711,1717]},{\"psi\":\"[PsiElement(Py:IDENTIFIER), PsiElement(Py:AT), PsiElement(Py:IDENTIFIER)]\",\"text\":\"end\\n\\n@testset\",\"position\":[2453,2459]},{\"psi\":\"[PsiElement(Py:IDENTIFIER), PsiElement(Py:AT), PsiElement(Py:IDENTIFIER)]\",\"text\":\"end\\n\\n@testset\",\"position\":[4634,4640]},{\"psi\":\"[PsiElement(Py:IDENTIFIER), PsiElement(Py:AT), PsiElement(Py:IDENTIFIER)]\",\"text\":\"end\\n\\n@testset\",\"position\":[3255,3261]}]},{\"clone_length\":3,\"clones\":[{\"psi\":\"[PsiElement(Py:IDENTIFIER), PsiElement(Py:AT), PsiElement(Py:IDENTIFIER)]\",\"text\":\"begin\\n    # add minutes\\n    @test\",\"position\":[1739,1768]},{\"psi\":\"[PsiElement(Py:IDENTIFIER), PsiElement(Py:AT), PsiElement(Py:IDENTIFIER)]\",\"text\":\"begin\\n    # subtract minutes\\n    @test\",\"position\":[2486,2520]},{\"psi\":\"[PsiElement(Py:IDENTIFIER), PsiElement(Py:AT), PsiElement(Py:IDENTIFIER)]\",\"text\":\"begin\\n    # on the hour\\n    @test\",\"position\":[177,206]},{\"psi\":\"[PsiElement(Py:IDENTIFIER), PsiElement(Py:AT), PsiElement(Py:IDENTIFIER)]\",\"text\":\"begin\\n    # clocks with same time\\n    @test\",\"position\":[3303,3342]},{\"psi\":\"[PsiElement(Py:IDENTIFIER), PsiElement(Py:AT), PsiElement(Py:IDENTIFIER)]\",\"text\":\"begin\\n    @test\",\"position\":[4668,4679]}]},{\"clone_length\":4,\"clones\":[{\"psi\":\"[PsiElement(Py:IDENTIFIER), PsiElement(Py:AT), PsiElement(Py:IDENTIFIER), PsiElement(Py:IDENTIFIER)]\",\"text\":\"begin\\n    # add minutes\\n    @test Clock\",\"position\":[1739,1773]},{\"psi\":\"[PsiElement(Py:IDENTIFIER), PsiElement(Py:AT), PsiElement(Py:IDENTIFIER), PsiElement(Py:IDENTIFIER)]\",\"text\":\"begin\\n    # subtract minutes\\n    @test Clock\",\"position\":[2486,2525]},{\"psi\":\"[PsiElement(Py:IDENTIFIER), PsiElement(Py:AT), PsiElement(Py:IDENTIFIER), PsiElement(Py:IDENTIFIER)]\",\"text\":\"begin\\n    # on the hour\\n    @test Clock\",\"position\":[177,211]},{\"psi\":\"[PsiElement(Py:IDENTIFIER), PsiElement(Py:AT), PsiElement(Py:IDENTIFIER), PsiElement(Py:IDENTIFIER)]\",\"text\":\"begin\\n    # clocks with same time\\n    @test Clock\",\"position\":[3303,3347]}]},{\"clone_length\":6,\"clones\":[{\"psi\":\"[PsiElement(Py:IDENTIFIER), PsiElement(Py:AT), PsiElement(Py:IDENTIFIER), PsiElement(Py:IDENTIFIER), PsiElement(Py:LPAR), PsiElement(Py:INTEGER_LITERAL)]\",\"text\":\"begin\\n    # add minutes\\n    @test Clock(10\",\"position\":[1739,1779]},{\"psi\":\"[PsiElement(Py:IDENTIFIER), PsiElement(Py:AT), PsiElement(Py:IDENTIFIER), PsiElement(Py:IDENTIFIER), PsiElement(Py:LPAR), PsiElement(Py:INTEGER_LITERAL)]\",\"text\":\"begin\\n    # subtract minutes\\n    @test Clock(10\",\"position\":[2486,2531]}]},{\"clone_length\":5,\"clones\":[{\"psi\":\"[PsiElement(Py:IDENTIFIER), PsiElement(Py:AT), PsiElement(Py:IDENTIFIER), PsiElement(Py:IDENTIFIER), PsiElement(Py:LPAR)]\",\"text\":\"begin\\n    # on the hour\\n    @test Clock(\",\"position\":[177,216]},{\"psi\":\"[PsiElement(Py:IDENTIFIER), PsiElement(Py:AT), PsiElement(Py:IDENTIFIER), PsiElement(Py:IDENTIFIER), PsiElement(Py:LPAR)]\",\"text\":\"begin\\n    # clocks with same time\\n    @test Clock(\",\"position\":[3303,3352]}]},{\"clone_length\":10,\"clones\":[{\"psi\":\"[PsiElement(Py:IDENTIFIER), PsiElement(Py:DOT), PsiElement(Py:IDENTIFIER), PsiElement(Py:LPAR), PsiElement(Py:INTEGER_LITERAL), PsiElement(Py:RPAR), PsiElement(Py:EQEQ), PsiElement(Py:IDENTIFIER), PsiElement(Py:LPAR), PsiElement(Py:INTEGER_LITERAL)]\",\"text\":\"Dates.Minute(3) \\u003d\\u003d Clock(10\",\"position\":[1788,1813]},{\"psi\":\"[PsiElement(Py:IDENTIFIER), PsiElement(Py:DOT), PsiElement(Py:IDENTIFIER), PsiElement(Py:LPAR), PsiElement(Py:INTEGER_LITERAL), PsiElement(Py:RPAR), PsiElement(Py:EQEQ), PsiElement(Py:IDENTIFIER), PsiElement(Py:LPAR), PsiElement(Py:INTEGER_LITERAL)]\",\"text\":\"Dates.Minute(3) \\u003d\\u003d Clock(10\",\"position\":[2540,2565]}]},{\"clone_length\":9,\"clones\":[{\"psi\":\"[PsiElement(Py:IDENTIFIER), PsiElement(Py:DOT), PsiElement(Py:IDENTIFIER), PsiElement(Py:LPAR), PsiElement(Py:INTEGER_LITERAL), PsiElement(Py:RPAR), PsiElement(Py:EQEQ), PsiElement(Py:IDENTIFIER), PsiElement(Py:LPAR)]\",\"text\":\"Dates.Minute(160) \\u003d\\u003d Clock(\",\"position\":[2904,2930]},{\"psi\":\"[PsiElement(Py:IDENTIFIER), PsiElement(Py:DOT), PsiElement(Py:IDENTIFIER), PsiElement(Py:LPAR), PsiElement(Py:INTEGER_LITERAL), PsiElement(Py:RPAR), PsiElement(Py:EQEQ), PsiElement(Py:IDENTIFIER), PsiElement(Py:LPAR)]\",\"text\":\"Dates.Minute(160) \\u003d\\u003d Clock(\",\"position\":[2136,2162]},{\"psi\":\"[PsiElement(Py:IDENTIFIER), PsiElement(Py:DOT), PsiElement(Py:IDENTIFIER), PsiElement(Py:LPAR), PsiElement(Py:INTEGER_LITERAL), PsiElement(Py:RPAR), PsiElement(Py:EQEQ), PsiElement(Py:IDENTIFIER), PsiElement(Py:LPAR)]\",\"text\":\"Dates.Minute(160) \\u003d\\u003d Clock(\",\"position\":[3012,3038]}]},{\"clone_length\":10,\"clones\":[{\"psi\":\"[PsiElement(Py:IDENTIFIER), PsiElement(Py:DOT), PsiElement(Py:IDENTIFIER), PsiElement(Py:LPAR), PsiElement(Py:INTEGER_LITERAL), PsiElement(Py:RPAR), PsiElement(Py:EQEQ), PsiElement(Py:IDENTIFIER), PsiElement(Py:LPAR), PsiElement(Py:INTEGER_LITERAL)]\",\"text\":\"Dates.Minute(160) \\u003d\\u003d Clock(3\",\"position\":[2136,2163]},{\"psi\":\"[PsiElement(Py:IDENTIFIER), PsiElement(Py:DOT), PsiElement(Py:IDENTIFIER), PsiElement(Py:LPAR), PsiElement(Py:INTEGER_LITERAL), PsiElement(Py:RPAR), PsiElement(Py:EQEQ), PsiElement(Py:IDENTIFIER), PsiElement(Py:LPAR), PsiElement(Py:INTEGER_LITERAL)]\",\"text\":\"Dates.Minute(160) \\u003d\\u003d Clock(3\",\"position\":[3012,3039]}]},{\"clone_length\":5,\"clones\":[{\"psi\":\"[PsiElement(Py:IDENTIFIER), PsiElement(Py:LPAR), PsiElement(Py:INTEGER_LITERAL), PsiElement(Py:COMMA), PsiElement(Py:INTEGER_LITERAL)]\",\"text\":\"Clock(6, 15\",\"position\":[2997,3006]},{\"psi\":\"[PsiElement(Py:IDENTIFIER), PsiElement(Py:LPAR), PsiElement(Py:INTEGER_LITERAL), PsiElement(Py:COMMA), PsiElement(Py:INTEGER_LITERAL)]\",\"text\":\"Clock(6, 15\",\"position\":[4339,4348]}]},{\"clone_length\":3,\"clones\":[{\"psi\":\"[PsiElement(Py:IDENTIFIER), PsiElement(Py:LPAR), PsiElement(Py:INTEGER_LITERAL)]\",\"text\":\"Clock(11\",\"position\":[269,275]},{\"psi\":\"[PsiElement(Py:IDENTIFIER), PsiElement(Py:LPAR), PsiElement(Py:INTEGER_LITERAL)]\",\"text\":\"Clock(11\",\"position\":[285,291]},{\"psi\":\"[PsiElement(Py:IDENTIFIER), PsiElement(Py:LPAR), PsiElement(Py:INTEGER_LITERAL)]\",\"text\":\"Clock(11\",\"position\":[4748,4754]},{\"psi\":\"[PsiElement(Py:IDENTIFIER), PsiElement(Py:LPAR), PsiElement(Py:INTEGER_LITERAL)]\",\"text\":\"Clock(11\",\"position\":[870,876]},{\"psi\":\"[PsiElement(Py:IDENTIFIER), PsiElement(Py:LPAR), PsiElement(Py:INTEGER_LITERAL)]\",\"text\":\"Clock(11\",\"position\":[2056,2062]},{\"psi\":\"[PsiElement(Py:IDENTIFIER), PsiElement(Py:LPAR), PsiElement(Py:INTEGER_LITERAL)]\",\"text\":\"Clock(11\",\"position\":[2439,2445]}]},{\"clone_length\":5,\"clones\":[{\"psi\":\"[PsiElement(Py:IDENTIFIER), PsiElement(Py:LPAR), PsiElement(Py:INTEGER_LITERAL), PsiElement(Py:COMMA), PsiElement(Py:INTEGER_LITERAL)]\",\"text\":\"Clock(11, 9\",\"position\":[269,279]},{\"psi\":\"[PsiElement(Py:IDENTIFIER), PsiElement(Py:LPAR), PsiElement(Py:INTEGER_LITERAL), PsiElement(Py:COMMA), PsiElement(Py:INTEGER_LITERAL)]\",\"text\":\"Clock(11, 9\",\"position\":[285,295]},{\"psi\":\"[PsiElement(Py:IDENTIFIER), PsiElement(Py:LPAR), PsiElement(Py:INTEGER_LITERAL), PsiElement(Py:COMMA), PsiElement(Py:INTEGER_LITERAL)]\",\"text\":\"Clock(11, 9\",\"position\":[4748,4758]}]},{\"clone_length\":9,\"clones\":[{\"psi\":\"[PsiElement(Py:IDENTIFIER), PsiElement(Py:LPAR), PsiElement(Py:INTEGER_LITERAL), PsiElement(Py:COMMA), PsiElement(Py:INTEGER_LITERAL), PsiElement(Py:RPAR), PsiElement(Py:AT), PsiElement(Py:IDENTIFIER), PsiElement(Py:IDENTIFIER)]\",\"text\":\"Clock(11, 1)\\n\\n    # hour and minutes roll over to exactly midnight\\n    @test Clock\",\"position\":[870,947]},{\"psi\":\"[PsiElement(Py:IDENTIFIER), PsiElement(Py:LPAR), PsiElement(Py:INTEGER_LITERAL), PsiElement(Py:COMMA), PsiElement(Py:INTEGER_LITERAL), PsiElement(Py:RPAR), PsiElement(Py:AT), PsiElement(Py:IDENTIFIER), PsiElement(Py:IDENTIFIER)]\",\"text\":\"Clock(11, 1)\\n\\n    # add more than two hours with carry\\n    @test Clock\",\"position\":[2056,2121]}]},{\"clone_length\":6,\"clones\":[{\"psi\":\"[PsiElement(Py:IDENTIFIER), PsiElement(Py:LPAR), PsiElement(Py:INTEGER_LITERAL), PsiElement(Py:COMMA), PsiElement(Py:MINUS), PsiElement(Py:INTEGER_LITERAL)]\",\"text\":\"Clock(2, -60\",\"position\":[1483,1493]},{\"psi\":\"[PsiElement(Py:IDENTIFIER), PsiElement(Py:LPAR), PsiElement(Py:INTEGER_LITERAL), PsiElement(Py:COMMA), PsiElement(Py:MINUS), PsiElement(Py:INTEGER_LITERAL)]\",\"text\":\"Clock(2, -60\",\"position\":[5602,5612]}]},{\"clone_length\":5,\"clones\":[{\"psi\":\"[PsiElement(Py:IDENTIFIER), PsiElement(Py:LPAR), PsiElement(Py:INTEGER_LITERAL), PsiElement(Py:COMMA), PsiElement(Py:INTEGER_LITERAL)]\",\"text\":\"Clock(2, 40\",\"position\":[626,635]},{\"psi\":\"[PsiElement(Py:IDENTIFIER), PsiElement(Py:LPAR), PsiElement(Py:INTEGER_LITERAL), PsiElement(Py:COMMA), PsiElement(Py:INTEGER_LITERAL)]\",\"text\":\"Clock(2, 40\",\"position\":[4150,4159]}]},{\"clone_length\":10,\"clones\":[{\"psi\":\"[PsiElement(Py:IDENTIFIER), PsiElement(Py:LPAR), PsiElement(Py:INTEGER_LITERAL), PsiElement(Py:COMMA), PsiElement(Py:INTEGER_LITERAL), PsiElement(Py:RPAR), PsiElement(Py:AT), PsiElement(Py:IDENTIFIER), PsiElement(Py:IDENTIFIER), PsiElement(Py:LPAR)]\",\"text\":\"Clock(0, 0)\\n\\n    # hour rolls over\\n    @test Clock(\",\"position\":[354,404]},{\"psi\":\"[PsiElement(Py:IDENTIFIER), PsiElement(Py:LPAR), PsiElement(Py:INTEGER_LITERAL), PsiElement(Py:COMMA), PsiElement(Py:INTEGER_LITERAL), PsiElement(Py:RPAR), PsiElement(Py:AT), PsiElement(Py:IDENTIFIER), PsiElement(Py:IDENTIFIER), PsiElement(Py:LPAR)]\",\"text\":\"Clock(0, 0)\\n\\n    # negative hour\\n    @test Clock(\",\"position\":[966,1014]}]},{\"clone_length\":5,\"clones\":[{\"psi\":\"[PsiElement(Py:IDENTIFIER), PsiElement(Py:LPAR), PsiElement(Py:INTEGER_LITERAL), PsiElement(Py:COMMA), PsiElement(Py:INTEGER_LITERAL)]\",\"text\":\"Clock(0, 1\",\"position\":[2242,2251]},{\"psi\":\"[PsiElement(Py:IDENTIFIER), PsiElement(Py:LPAR), PsiElement(Py:INTEGER_LITERAL), PsiElement(Py:COMMA), PsiElement(Py:INTEGER_LITERAL)]\",\"text\":\"Clock(0, 1\",\"position\":[3984,3993]}]},{\"clone_length\":5,\"clones\":[{\"psi\":\"[PsiElement(Py:IDENTIFIER), PsiElement(Py:LPAR), PsiElement(Py:INTEGER_LITERAL), PsiElement(Py:COMMA), PsiElement(Py:INTEGER_LITERAL)]\",\"text\":\"Clock(0, 20\",\"position\":[1247,1256]},{\"psi\":\"[PsiElement(Py:IDENTIFIER), PsiElement(Py:LPAR), PsiElement(Py:INTEGER_LITERAL), PsiElement(Py:COMMA), PsiElement(Py:INTEGER_LITERAL)]\",\"text\":\"Clock(0, 20\",\"position\":[3242,3251]}]},{\"clone_length\":5,\"clones\":[{\"psi\":\"[PsiElement(Py:IDENTIFIER), PsiElement(Py:LPAR), PsiElement(Py:INTEGER_LITERAL), PsiElement(Py:COMMA), PsiElement(Py:INTEGER_LITERAL)]\",\"text\":\"Clock(0, 160\",\"position\":[609,618]},{\"psi\":\"[PsiElement(Py:IDENTIFIER), PsiElement(Py:LPAR), PsiElement(Py:INTEGER_LITERAL), PsiElement(Py:COMMA), PsiElement(Py:INTEGER_LITERAL)]\",\"text\":\"Clock(0, 160\",\"position\":[5009,5018]}]},{\"clone_length\":5,\"clones\":[{\"psi\":\"[PsiElement(Py:IDENTIFIER), PsiElement(Py:LPAR), PsiElement(Py:INTEGER_LITERAL), PsiElement(Py:COMMA), PsiElement(Py:INTEGER_LITERAL)]\",\"text\":\"Clock(0, 1723\",\"position\":[687,696]},{\"psi\":\"[PsiElement(Py:IDENTIFIER), PsiElement(Py:LPAR), PsiElement(Py:INTEGER_LITERAL), PsiElement(Py:COMMA), PsiElement(Py:INTEGER_LITERAL)]\",\"text\":\"Clock(0, 1723\",\"position\":[5062,5071]}]},{\"clone_length\":6,\"clones\":[{\"psi\":\"[PsiElement(Py:IDENTIFIER), PsiElement(Py:LPAR), PsiElement(Py:MINUS), PsiElement(Py:INTEGER_LITERAL), PsiElement(Py:COMMA), PsiElement(Py:INTEGER_LITERAL)]\",\"text\":\"Clock(-25, 0\",\"position\":[1082,1093]},{\"psi\":\"[PsiElement(Py:IDENTIFIER), PsiElement(Py:LPAR), PsiElement(Py:MINUS), PsiElement(Py:INTEGER_LITERAL), PsiElement(Py:COMMA), PsiElement(Py:INTEGER_LITERAL)]\",\"text\":\"Clock(-25, 0\",\"position\":[5334,5345]}]},{\"clone_length\":7,\"clones\":[{\"psi\":\"[PsiElement(Py:IDENTIFIER), PsiElement(Py:LPAR), PsiElement(Py:MINUS), PsiElement(Py:INTEGER_LITERAL), PsiElement(Py:COMMA), PsiElement(Py:MINUS), PsiElement(Py:INTEGER_LITERAL)]\",\"text\":\"Clock(-25, -160\",\"position\":[1570,1582]},{\"psi\":\"[PsiElement(Py:IDENTIFIER), PsiElement(Py:LPAR), PsiElement(Py:MINUS), PsiElement(Py:INTEGER_LITERAL), PsiElement(Py:COMMA), PsiElement(Py:MINUS), PsiElement(Py:INTEGER_LITERAL)]\",\"text\":\"Clock(-25, -160\",\"position\":[5655,5667]}]},{\"clone_length\":6,\"clones\":[{\"psi\":\"[PsiElement(Py:IDENTIFIER), PsiElement(Py:LPAR), PsiElement(Py:MINUS), PsiElement(Py:INTEGER_LITERAL), PsiElement(Py:COMMA), PsiElement(Py:INTEGER_LITERAL)]\",\"text\":\"Clock(-1, 15\",\"position\":[1009,1019]},{\"psi\":\"[PsiElement(Py:IDENTIFIER), PsiElement(Py:LPAR), PsiElement(Py:MINUS), PsiElement(Py:INTEGER_LITERAL), PsiElement(Py:COMMA), PsiElement(Py:INTEGER_LITERAL)]\",\"text\":\"Clock(-1, 15\",\"position\":[5281,5291]}]},{\"clone_length\":6,\"clones\":[{\"psi\":\"[PsiElement(Py:IDENTIFIER), PsiElement(Py:LPAR), PsiElement(Py:MINUS), PsiElement(Py:INTEGER_LITERAL), PsiElement(Py:COMMA), PsiElement(Py:INTEGER_LITERAL)]\",\"text\":\"Clock(-91, 0\",\"position\":[1167,1178]},{\"psi\":\"[PsiElement(Py:IDENTIFIER), PsiElement(Py:LPAR), PsiElement(Py:MINUS), PsiElement(Py:INTEGER_LITERAL), PsiElement(Py:COMMA), PsiElement(Py:INTEGER_LITERAL)]\",\"text\":\"Clock(-91, 0\",\"position\":[5387,5398]}]},{\"clone_length\":7,\"clones\":[{\"psi\":\"[PsiElement(Py:IDENTIFIER), PsiElement(Py:LPAR), PsiElement(Py:MINUS), PsiElement(Py:INTEGER_LITERAL), PsiElement(Py:COMMA), PsiElement(Py:MINUS), PsiElement(Py:INTEGER_LITERAL)]\",\"text\":\"Clock(-121, -5810\",\"position\":[1675,1688]},{\"psi\":\"[PsiElement(Py:IDENTIFIER), PsiElement(Py:LPAR), PsiElement(Py:MINUS), PsiElement(Py:INTEGER_LITERAL), PsiElement(Py:COMMA), PsiElement(Py:MINUS), PsiElement(Py:INTEGER_LITERAL)]\",\"text\":\"Clock(-121, -5810\",\"position\":[5711,5724]}]},{\"clone_length\":10,\"clones\":[{\"psi\":\"[PsiElement(Py:IDENTIFIER), PsiElement(Py:LPAR), PsiElement(Py:INTEGER_LITERAL), PsiElement(Py:COMMA), PsiElement(Py:INTEGER_LITERAL), PsiElement(Py:RPAR), PsiElement(Py:AT), PsiElement(Py:IDENTIFIER), PsiElement(Py:IDENTIFIER), PsiElement(Py:LPAR)]\",\"text\":\"Clock(1, 0)\\n\\n    # hour rolls over continuously\\n    @test Clock(\",\"position\":[415,478]},{\"psi\":\"[PsiElement(Py:IDENTIFIER), PsiElement(Py:LPAR), PsiElement(Py:INTEGER_LITERAL), PsiElement(Py:COMMA), PsiElement(Py:INTEGER_LITERAL), PsiElement(Py:RPAR), PsiElement(Py:AT), PsiElement(Py:IDENTIFIER), PsiElement(Py:IDENTIFIER), PsiElement(Py:LPAR)]\",\"text\":\"Clock(1, 0)\\n\\n    # negative hour and minutes both roll over\\n    @test Clock(\",\"position\":[1500,1575]}]},{\"clone_length\":6,\"clones\":[{\"psi\":\"[PsiElement(Py:IDENTIFIER), PsiElement(Py:LPAR), PsiElement(Py:INTEGER_LITERAL), PsiElement(Py:COMMA), PsiElement(Py:MINUS), PsiElement(Py:INTEGER_LITERAL)]\",\"text\":\"Clock(1, -40\",\"position\":[1230,1240]},{\"psi\":\"[PsiElement(Py:IDENTIFIER), PsiElement(Py:LPAR), PsiElement(Py:INTEGER_LITERAL), PsiElement(Py:COMMA), PsiElement(Py:MINUS), PsiElement(Py:INTEGER_LITERAL)]\",\"text\":\"Clock(1, -40\",\"position\":[5440,5450]}]},{\"clone_length\":6,\"clones\":[{\"psi\":\"[PsiElement(Py:IDENTIFIER), PsiElement(Py:LPAR), PsiElement(Py:INTEGER_LITERAL), PsiElement(Py:COMMA), PsiElement(Py:MINUS), PsiElement(Py:INTEGER_LITERAL)]\",\"text\":\"Clock(1, -160\",\"position\":[1304,1314]},{\"psi\":\"[PsiElement(Py:IDENTIFIER), PsiElement(Py:LPAR), PsiElement(Py:INTEGER_LITERAL), PsiElement(Py:COMMA), PsiElement(Py:MINUS), PsiElement(Py:INTEGER_LITERAL)]\",\"text\":\"Clock(1, -160\",\"position\":[5493,5503]}]},{\"clone_length\":6,\"clones\":[{\"psi\":\"[PsiElement(Py:IDENTIFIER), PsiElement(Py:LPAR), PsiElement(Py:INTEGER_LITERAL), PsiElement(Py:COMMA), PsiElement(Py:MINUS), PsiElement(Py:INTEGER_LITERAL)]\",\"text\":\"Clock(1, -4820\",\"position\":[1393,1403]},{\"psi\":\"[PsiElement(Py:IDENTIFIER), PsiElement(Py:LPAR), PsiElement(Py:INTEGER_LITERAL), PsiElement(Py:COMMA), PsiElement(Py:MINUS), PsiElement(Py:INTEGER_LITERAL)]\",\"text\":\"Clock(1, -4820\",\"position\":[5547,5557]}]},{\"clone_length\":5,\"clones\":[{\"psi\":\"[PsiElement(Py:IDENTIFIER), PsiElement(Py:LPAR), PsiElement(Py:INTEGER_LITERAL), PsiElement(Py:COMMA), PsiElement(Py:INTEGER_LITERAL)]\",\"text\":\"Clock(1, 60\",\"position\":[546,555]},{\"psi\":\"[PsiElement(Py:IDENTIFIER), PsiElement(Py:LPAR), PsiElement(Py:INTEGER_LITERAL), PsiElement(Py:COMMA), PsiElement(Py:INTEGER_LITERAL)]\",\"text\":\"Clock(1, 60\",\"position\":[4957,4966]}]},{\"clone_length\":3,\"clones\":[{\"psi\":\"[PsiElement(Py:IDENTIFIER), PsiElement(Py:LPAR), PsiElement(Py:INTEGER_LITERAL)]\",\"text\":\"Clock(4\",\"position\":[3147,3153]},{\"psi\":\"[PsiElement(Py:IDENTIFIER), PsiElement(Py:LPAR), PsiElement(Py:INTEGER_LITERAL)]\",\"text\":\"Clock(4\",\"position\":[4236,4242]},{\"psi\":\"[PsiElement(Py:IDENTIFIER), PsiElement(Py:LPAR), PsiElement(Py:INTEGER_LITERAL)]\",\"text\":\"Clock(4\",\"position\":[490,496]},{\"psi\":\"[PsiElement(Py:IDENTIFIER), PsiElement(Py:LPAR), PsiElement(Py:INTEGER_LITERAL)]\",\"text\":\"Clock(4\",\"position\":[705,711]}]},{\"clone_length\":3,\"clones\":[{\"psi\":\"[PsiElement(Py:IDENTIFIER), PsiElement(Py:LPAR), PsiElement(Py:INTEGER_LITERAL)]\",\"text\":\"Clock(8\",\"position\":[211,217]},{\"psi\":\"[PsiElement(Py:IDENTIFIER), PsiElement(Py:LPAR), PsiElement(Py:INTEGER_LITERAL)]\",\"text\":\"Clock(8\",\"position\":[226,232]},{\"psi\":\"[PsiElement(Py:IDENTIFIER), PsiElement(Py:LPAR), PsiElement(Py:INTEGER_LITERAL)]\",\"text\":\"Clock(8\",\"position\":[4697,4703]},{\"psi\":\"[PsiElement(Py:IDENTIFIER), PsiElement(Py:LPAR), PsiElement(Py:INTEGER_LITERAL)]\",\"text\":\"Clock(8\",\"position\":[2742,2748]}]},{\"clone_length\":5,\"clones\":[{\"psi\":\"[PsiElement(Py:IDENTIFIER), PsiElement(Py:LPAR), PsiElement(Py:INTEGER_LITERAL), PsiElement(Py:COMMA), PsiElement(Py:INTEGER_LITERAL)]\",\"text\":\"Clock(8, 0\",\"position\":[211,220]},{\"psi\":\"[PsiElement(Py:IDENTIFIER), PsiElement(Py:LPAR), PsiElement(Py:INTEGER_LITERAL), PsiElement(Py:COMMA), PsiElement(Py:INTEGER_LITERAL)]\",\"text\":\"Clock(8, 0\",\"position\":[226,235]},{\"psi\":\"[PsiElement(Py:IDENTIFIER), PsiElement(Py:LPAR), PsiElement(Py:INTEGER_LITERAL), PsiElement(Py:COMMA), PsiElement(Py:INTEGER_LITERAL)]\",\"text\":\"Clock(8, 0\",\"position\":[4697,4706]}]},{\"clone_length\":5,\"clones\":[{\"psi\":\"[PsiElement(Py:IDENTIFIER), PsiElement(Py:LPAR), PsiElement(Py:INTEGER_LITERAL), PsiElement(Py:COMMA), PsiElement(Py:INTEGER_LITERAL)]\",\"text\":\"Clock(6, 41\",\"position\":[1852,1861]},{\"psi\":\"[PsiElement(Py:IDENTIFIER), PsiElement(Py:LPAR), PsiElement(Py:INTEGER_LITERAL), PsiElement(Py:COMMA), PsiElement(Py:INTEGER_LITERAL)]\",\"text\":\"Clock(6, 41\",\"position\":[1886,1895]}]},{\"clone_length\":3,\"clones\":[{\"psi\":\"[PsiElement(Py:IDENTIFIER), PsiElement(Py:LPAR), PsiElement(Py:INTEGER_LITERAL)]\",\"text\":\"Clock(5\",\"position\":[1184,1190]},{\"psi\":\"[PsiElement(Py:IDENTIFIER), PsiElement(Py:LPAR), PsiElement(Py:INTEGER_LITERAL)]\",\"text\":\"Clock(5\",\"position\":[4252,4258]},{\"psi\":\"[PsiElement(Py:IDENTIFIER), PsiElement(Py:LPAR), PsiElement(Py:INTEGER_LITERAL)]\",\"text\":\"Clock(5\",\"position\":[2313,2319]},{\"psi\":\"[PsiElement(Py:IDENTIFIER), PsiElement(Py:LPAR), PsiElement(Py:INTEGER_LITERAL)]\",\"text\":\"Clock(5\",\"position\":[3110,3116]}]},{\"clone_length\":5,\"clones\":[{\"psi\":\"[PsiElement(Py:IDENTIFIER), PsiElement(Py:LPAR), PsiElement(Py:INTEGER_LITERAL), PsiElement(Py:COMMA), PsiElement(Py:INTEGER_LITERAL)]\",\"text\":\"Clock(10, 0\",\"position\":[1773,1783]},{\"psi\":\"[PsiElement(Py:IDENTIFIER), PsiElement(Py:LPAR), PsiElement(Py:INTEGER_LITERAL), PsiElement(Py:COMMA), PsiElement(Py:INTEGER_LITERAL)]\",\"text\":\"Clock(10, 0\",\"position\":[2021,2031]},{\"psi\":\"[PsiElement(Py:IDENTIFIER), PsiElement(Py:LPAR), PsiElement(Py:INTEGER_LITERAL), PsiElement(Py:COMMA), PsiElement(Py:INTEGER_LITERAL)]\",\"text\":\"Clock(10, 0\",\"position\":[2559,2569]}]},{\"clone_length\":5,\"clones\":[{\"psi\":\"[PsiElement(Py:IDENTIFIER), PsiElement(Py:LPAR), PsiElement(Py:INTEGER_LITERAL), PsiElement(Py:COMMA), PsiElement(Py:INTEGER_LITERAL)]\",\"text\":\"Clock(10, 3\",\"position\":[1807,1817]},{\"psi\":\"[PsiElement(Py:IDENTIFIER), PsiElement(Py:LPAR), PsiElement(Py:INTEGER_LITERAL), PsiElement(Py:COMMA), PsiElement(Py:INTEGER_LITERAL)]\",\"text\":\"Clock(10, 3\",\"position\":[2525,2535]},{\"psi\":\"[PsiElement(Py:IDENTIFIER), PsiElement(Py:LPAR), PsiElement(Py:INTEGER_LITERAL), PsiElement(Py:COMMA), PsiElement(Py:INTEGER_LITERAL)]\",\"text\":\"Clock(10, 3\",\"position\":[2615,2625]},{\"psi\":\"[PsiElement(Py:IDENTIFIER), PsiElement(Py:LPAR), PsiElement(Py:INTEGER_LITERAL), PsiElement(Py:COMMA), PsiElement(Py:INTEGER_LITERAL)]\",\"text\":\"Clock(10, 3\",\"position\":[2707,2717]}]},{\"clone_length\":3,\"clones\":[{\"psi\":\"[PsiElement(Py:IDENTIFIER), PsiElement(Py:LPAR), PsiElement(Py:INTEGER_LITERAL)]\",\"text\":\"Clock(23\",\"position\":[1026,1032]},{\"psi\":\"[PsiElement(Py:IDENTIFIER), PsiElement(Py:LPAR), PsiElement(Py:INTEGER_LITERAL)]\",\"text\":\"Clock(23\",\"position\":[1099,1105]},{\"psi\":\"[PsiElement(Py:IDENTIFIER), PsiElement(Py:LPAR), PsiElement(Py:INTEGER_LITERAL)]\",\"text\":\"Clock(23\",\"position\":[2207,2213]},{\"psi\":\"[PsiElement(Py:IDENTIFIER), PsiElement(Py:LPAR), PsiElement(Py:INTEGER_LITERAL)]\",\"text\":\"Clock(23\",\"position\":[2830,2836]}]},{\"clone_length\":5,\"clones\":[{\"psi\":\"[PsiElement(Py:IDENTIFIER), PsiElement(Py:LPAR), PsiElement(Py:INTEGER_LITERAL), PsiElement(Py:COMMA), PsiElement(Py:INTEGER_LITERAL)]\",\"text\":\"Clock(23, 59\",\"position\":[2207,2217]},{\"psi\":\"[PsiElement(Py:IDENTIFIER), PsiElement(Py:LPAR), PsiElement(Py:INTEGER_LITERAL), PsiElement(Py:COMMA), PsiElement(Py:INTEGER_LITERAL)]\",\"text\":\"Clock(23, 59\",\"position\":[2830,2840]}]},{\"clone_length\":5,\"clones\":[{\"psi\":\"[PsiElement(Py:IDENTIFIER), PsiElement(Py:LPAR), PsiElement(Py:INTEGER_LITERAL), PsiElement(Py:COMMA), PsiElement(Py:INTEGER_LITERAL)]\",\"text\":\"Clock(15, 37\",\"position\":[3347,3357]},{\"psi\":\"[PsiElement(Py:IDENTIFIER), PsiElement(Py:LPAR), PsiElement(Py:INTEGER_LITERAL), PsiElement(Py:COMMA), PsiElement(Py:INTEGER_LITERAL)]\",\"text\":\"Clock(15, 37\",\"position\":[3364,3374]},{\"psi\":\"[PsiElement(Py:IDENTIFIER), PsiElement(Py:LPAR), PsiElement(Py:INTEGER_LITERAL), PsiElement(Py:COMMA), PsiElement(Py:INTEGER_LITERAL)]\",\"text\":\"Clock(15, 37\",\"position\":[3434,3444]},{\"psi\":\"[PsiElement(Py:IDENTIFIER), PsiElement(Py:LPAR), PsiElement(Py:INTEGER_LITERAL), PsiElement(Py:COMMA), PsiElement(Py:INTEGER_LITERAL)]\",\"text\":\"Clock(15, 37\",\"position\":[3503,3513]}]},{\"clone_length\":3,\"clones\":[{\"psi\":\"[PsiElement(Py:IDENTIFIER), PsiElement(Py:LPAR), PsiElement(Py:INTEGER_LITERAL)]\",\"text\":\"Clock(22\",\"position\":[1322,1328]},{\"psi\":\"[PsiElement(Py:IDENTIFIER), PsiElement(Py:LPAR), PsiElement(Py:INTEGER_LITERAL)]\",\"text\":\"Clock(22\",\"position\":[1697,1703]},{\"psi\":\"[PsiElement(Py:IDENTIFIER), PsiElement(Py:LPAR), PsiElement(Py:INTEGER_LITERAL)]\",\"text\":\"Clock(22\",\"position\":[3723,3729]}]},{\"clone_length\":5,\"clones\":[{\"psi\":\"[PsiElement(Py:IDENTIFIER), PsiElement(Py:LPAR), PsiElement(Py:INTEGER_LITERAL), PsiElement(Py:COMMA), PsiElement(Py:INTEGER_LITERAL)]\",\"text\":\"Clock(25, 0\",\"position\":[399,409]},{\"psi\":\"[PsiElement(Py:IDENTIFIER), PsiElement(Py:LPAR), PsiElement(Py:INTEGER_LITERAL), PsiElement(Py:COMMA), PsiElement(Py:INTEGER_LITERAL)]\",\"text\":\"Clock(25, 0\",\"position\":[4852,4862]}]},{\"clone_length\":5,\"clones\":[{\"psi\":\"[PsiElement(Py:IDENTIFIER), PsiElement(Py:LPAR), PsiElement(Py:INTEGER_LITERAL), PsiElement(Py:COMMA), PsiElement(Py:INTEGER_LITERAL)]\",\"text\":\"Clock(25, 160\",\"position\":[762,772]},{\"psi\":\"[PsiElement(Py:IDENTIFIER), PsiElement(Py:LPAR), PsiElement(Py:INTEGER_LITERAL), PsiElement(Py:COMMA), PsiElement(Py:INTEGER_LITERAL)]\",\"text\":\"Clock(25, 160\",\"position\":[5116,5126]}]},{\"clone_length\":5,\"clones\":[{\"psi\":\"[PsiElement(Py:IDENTIFIER), PsiElement(Py:LPAR), PsiElement(Py:INTEGER_LITERAL), PsiElement(Py:COMMA), PsiElement(Py:INTEGER_LITERAL)]\",\"text\":\"Clock(24, 0\",\"position\":[338,348]},{\"psi\":\"[PsiElement(Py:IDENTIFIER), PsiElement(Py:LPAR), PsiElement(Py:INTEGER_LITERAL), PsiElement(Py:COMMA), PsiElement(Py:INTEGER_LITERAL)]\",\"text\":\"Clock(24, 0\",\"position\":[4606,4616]},{\"psi\":\"[PsiElement(Py:IDENTIFIER), PsiElement(Py:LPAR), PsiElement(Py:INTEGER_LITERAL), PsiElement(Py:COMMA), PsiElement(Py:INTEGER_LITERAL)]\",\"text\":\"Clock(24, 0\",\"position\":[4800,4810]}]},{\"clone_length\":5,\"clones\":[{\"psi\":\"[PsiElement(Py:IDENTIFIER), PsiElement(Py:LPAR), PsiElement(Py:INTEGER_LITERAL), PsiElement(Py:COMMA), PsiElement(Py:INTEGER_LITERAL)]\",\"text\":\"Clock(72, 8640\",\"position\":[947,957]},{\"psi\":\"[PsiElement(Py:IDENTIFIER), PsiElement(Py:LPAR), PsiElement(Py:INTEGER_LITERAL), PsiElement(Py:COMMA), PsiElement(Py:INTEGER_LITERAL)]\",\"text\":\"Clock(72, 8640\",\"position\":[5226,5236]}]},{\"clone_length\":5,\"clones\":[{\"psi\":\"[PsiElement(Py:IDENTIFIER), PsiElement(Py:LPAR), PsiElement(Py:INTEGER_LITERAL), PsiElement(Py:COMMA), PsiElement(Py:INTEGER_LITERAL)]\",\"text\":\"Clock(100, 0\",\"position\":[473,484]},{\"psi\":\"[PsiElement(Py:IDENTIFIER), PsiElement(Py:LPAR), PsiElement(Py:INTEGER_LITERAL), PsiElement(Py:COMMA), PsiElement(Py:INTEGER_LITERAL)]\",\"text\":\"Clock(100, 0\",\"position\":[4904,4915]}]},{\"clone_length\":5,\"clones\":[{\"psi\":\"[PsiElement(Py:IDENTIFIER), PsiElement(Py:LPAR), PsiElement(Py:INTEGER_LITERAL), PsiElement(Py:COMMA), PsiElement(Py:INTEGER_LITERAL)]\",\"text\":\"Clock(201, 3001\",\"position\":[850,861]},{\"psi\":\"[PsiElement(Py:IDENTIFIER), PsiElement(Py:LPAR), PsiElement(Py:INTEGER_LITERAL), PsiElement(Py:COMMA), PsiElement(Py:INTEGER_LITERAL)]\",\"text\":\"Clock(201, 3001\",\"position\":[5170,5181]}]},{\"clone_length\":8,\"clones\":[{\"psi\":\"[PsiElement(Py:AT), PsiElement(Py:IDENTIFIER), PsiElement(Py:IDENTIFIER), PsiElement(Py:LPAR), PsiElement(Py:IDENTIFIER), PsiElement(Py:COMMA), PsiElement(Py:IDENTIFIER), PsiElement(Py:LPAR)]\",\"text\":\"\\\"\\\\\\\"00:00\\\\\\\"\\\"\\n    @test sprint(show, Clock(\",\"position\":[4833,4857]},{\"psi\":\"[PsiElement(Py:AT), PsiElement(Py:IDENTIFIER), PsiElement(Py:IDENTIFIER), PsiElement(Py:LPAR), PsiElement(Py:IDENTIFIER), PsiElement(Py:COMMA), PsiElement(Py:IDENTIFIER), PsiElement(Py:LPAR)]\",\"text\":\"\\\"\\\\\\\"00:00\\\\\\\"\\\"\\n    @test sprint(show, Clock(\",\"position\":[5262,5286]}]},{\"clone_length\":8,\"clones\":[{\"psi\":\"[PsiElement(Py:AT), PsiElement(Py:IDENTIFIER), PsiElement(Py:IDENTIFIER), PsiElement(Py:LPAR), PsiElement(Py:IDENTIFIER), PsiElement(Py:COMMA), PsiElement(Py:IDENTIFIER), PsiElement(Py:LPAR)]\",\"text\":\"\\\"\\\\\\\"01:00\\\\\\\"\\\"\\n    @test sprint(show, Clock(\",\"position\":[4885,4909]},{\"psi\":\"[PsiElement(Py:AT), PsiElement(Py:IDENTIFIER), PsiElement(Py:IDENTIFIER), PsiElement(Py:LPAR), PsiElement(Py:IDENTIFIER), PsiElement(Py:COMMA), PsiElement(Py:IDENTIFIER), PsiElement(Py:LPAR)]\",\"text\":\"\\\"\\\\\\\"01:00\\\\\\\"\\\"\\n    @test sprint(show, Clock(\",\"position\":[5636,5660]}]}]}","initial_tree_length":1792,"project_name":"b045490bb6c8955d05393cd631170e4752822b1d","file_name":"b045490bb6c8955d05393cd631170e4752822b1d.ipynb.py"}