{"3":"{\"totalGroups\":4,\"totalClones\":13,\"groups\":[{\"clone_length\":1,\"clones\":[{\"psi\":\"[PsiElement(Py:IDENTIFIER)]\",\"text\":\"evoked\",\"position\":[458,458]},{\"psi\":\"[PsiElement(Py:IDENTIFIER)]\",\"text\":\"evoked\",\"position\":[546,546]},{\"psi\":\"[PsiElement(Py:IDENTIFIER)]\",\"text\":\"evoked\",\"position\":[694,694]},{\"psi\":\"[PsiElement(Py:IDENTIFIER)]\",\"text\":\"evoked\",\"position\":[546,546]},{\"psi\":\"[PsiElement(Py:IDENTIFIER)]\",\"text\":\"evoked\",\"position\":[694,694]}]},{\"clone_length\":4,\"clones\":[{\"psi\":\"[PsiElement(Py:IDENTIFIER), PsiElement(Py:DOT), PsiElement(Py:IDENTIFIER), PsiElement(Py:LPAR)]\",\"text\":\"evoked.plot(\",\"position\":[458,469]},{\"psi\":\"[PsiElement(Py:IDENTIFIER), PsiElement(Py:DOT), PsiElement(Py:IDENTIFIER), PsiElement(Py:LPAR)]\",\"text\":\"evoked.copy(\",\"position\":[546,557]},{\"psi\":\"[PsiElement(Py:IDENTIFIER), PsiElement(Py:DOT), PsiElement(Py:IDENTIFIER), PsiElement(Py:LPAR)]\",\"text\":\"evoked.copy(\",\"position\":[694,705]}]},{\"clone_length\":11,\"clones\":[{\"psi\":\"[PsiElement(Py:IDENTIFIER), PsiElement(Py:DOT), PsiElement(Py:IDENTIFIER), PsiElement(Py:LPAR), PsiElement(Py:RPAR), PsiElement(Py:DOT), PsiElement(Py:IDENTIFIER), PsiElement(Py:LPAR), PsiElement(Py:IDENTIFIER), PsiElement(Py:EQ), PsiElement(Py:FALSE_KEYWORD)]\",\"text\":\"evoked.copy().interpolate_bads(reset_bads\\u003dFalse\",\"position\":[546,588]},{\"psi\":\"[PsiElement(Py:IDENTIFIER), PsiElement(Py:DOT), PsiElement(Py:IDENTIFIER), PsiElement(Py:LPAR), PsiElement(Py:RPAR), PsiElement(Py:DOT), PsiElement(Py:IDENTIFIER), PsiElement(Py:LPAR), PsiElement(Py:IDENTIFIER), PsiElement(Py:EQ), PsiElement(Py:FALSE_KEYWORD)]\",\"text\":\"evoked.copy().interpolate_bads(\\n    reset_bads\\u003dFalse\",\"position\":[694,741]}]},{\"clone_length\":10,\"clones\":[{\"psi\":\"[PsiElement(Py:LPAR), PsiElement(Py:IDENTIFIER), PsiElement(Py:EQ), PsiElement(Py:LBRACKET), PsiElement(Py:RBRACKET), PsiElement(Py:COMMA), PsiElement(Py:IDENTIFIER), PsiElement(Py:EQ), PsiElement(Py:LPAR), PsiElement(Py:COMMA)]\",\"text\":\"(exclude\\u003d[], picks\\u003d(\\u0027grad\\u0027, \\u0027eeg\\u0027\",\"position\":[469,495]},{\"psi\":\"[PsiElement(Py:LPAR), PsiElement(Py:IDENTIFIER), PsiElement(Py:EQ), PsiElement(Py:LBRACKET), PsiElement(Py:RBRACKET), PsiElement(Py:COMMA), PsiElement(Py:IDENTIFIER), PsiElement(Py:EQ), PsiElement(Py:LPAR), PsiElement(Py:COMMA)]\",\"text\":\"(exclude\\u003d[], picks\\u003d(\\u0027grad\\u0027, \\u0027eeg\\u0027\",\"position\":[613,639]},{\"psi\":\"[PsiElement(Py:LPAR), PsiElement(Py:IDENTIFIER), PsiElement(Py:EQ), PsiElement(Py:LBRACKET), PsiElement(Py:RBRACKET), PsiElement(Py:COMMA), PsiElement(Py:IDENTIFIER), PsiElement(Py:EQ), PsiElement(Py:LPAR), PsiElement(Py:COMMA)]\",\"text\":\"(exclude\\u003d[], picks\\u003d(\\u0027grad\\u0027, \\u0027eeg\\u0027\",\"position\":[808,834]}]}]}","initial_tree_length":140,"project_name":"b473bf030133ec63877c05366c53941c76fa9045","file_name":"b473bf030133ec63877c05366c53941c76fa9045.ipynb.py"}