{"3":"{\"totalGroups\":38,\"totalClones\":130,\"groups\":[{\"clone_length\":13,\"clones\":[{\"psi\":\"[PsiElement(Py:IDENTIFIER), PsiElement(Py:DOT), PsiElement(Py:IDENTIFIER), PsiElement(Py:COMMA), PsiElement(Py:COMMA), PsiElement(Py:IDENTIFIER), PsiElement(Py:DOT), PsiElement(Py:IDENTIFIER), PsiElement(Py:DOT), PsiElement(Py:IDENTIFIER), PsiElement(Py:RPAR), PsiElement(Py:IDENTIFIER), PsiElement(Py:LPAR)]\",\"text\":\"env.observation_space, \\u0027n\\u003d\\u0027, env.observation_space.n)\\nprint(\",\"position\":[628,687]},{\"psi\":\"[PsiElement(Py:IDENTIFIER), PsiElement(Py:DOT), PsiElement(Py:IDENTIFIER), PsiElement(Py:COMMA), PsiElement(Py:COMMA), PsiElement(Py:IDENTIFIER), PsiElement(Py:DOT), PsiElement(Py:IDENTIFIER), PsiElement(Py:DOT), PsiElement(Py:IDENTIFIER), PsiElement(Py:RPAR), PsiElement(Py:IDENTIFIER), PsiElement(Py:LPAR)]\",\"text\":\"env.action_space, \\u0027n\\u003d\\u0027, env.action_space.n)\\n# [___CELL_SEPARATOR___]\\nprint(\",\"position\":[700,774]}]},{\"clone_length\":1,\"clones\":[{\"psi\":\"[PsiElement(Py:IDENTIFIER)]\",\"text\":\"env\",\"position\":[475,475]},{\"psi\":\"[PsiElement(Py:IDENTIFIER)]\",\"text\":\"env\",\"position\":[592,592]},{\"psi\":\"[PsiElement(Py:IDENTIFIER)]\",\"text\":\"env\",\"position\":[1134,1134]},{\"psi\":\"[PsiElement(Py:IDENTIFIER)]\",\"text\":\"env\",\"position\":[412,412]},{\"psi\":\"[PsiElement(Py:IDENTIFIER)]\",\"text\":\"env\",\"position\":[7833,7833]},{\"psi\":\"[PsiElement(Py:IDENTIFIER)]\",\"text\":\"env\",\"position\":[9782,9782]},{\"psi\":\"[PsiElement(Py:IDENTIFIER)]\",\"text\":\"env\",\"position\":[971,971]},{\"psi\":\"[PsiElement(Py:IDENTIFIER)]\",\"text\":\"env\",\"position\":[1106,1106]},{\"psi\":\"[PsiElement(Py:IDENTIFIER)]\",\"text\":\"env\",\"position\":[7871,7871]},{\"psi\":\"[PsiElement(Py:IDENTIFIER)]\",\"text\":\"env\",\"position\":[9820,9820]},{\"psi\":\"[PsiElement(Py:IDENTIFIER)]\",\"text\":\"env\",\"position\":[3534,3534]}]},{\"clone_length\":7,\"clones\":[{\"psi\":\"[PsiElement(Py:IDENTIFIER), PsiElement(Py:DOT), PsiElement(Py:IDENTIFIER), PsiElement(Py:LPAR), PsiElement(Py:RPAR), PsiElement(Py:IDENTIFIER), PsiElement(Py:LPAR)]\",\"text\":\"env.render()\\n# [___CELL_SEPARATOR___]\\nprint(\",\"position\":[475,518]},{\"psi\":\"[PsiElement(Py:IDENTIFIER), PsiElement(Py:DOT), PsiElement(Py:IDENTIFIER), PsiElement(Py:LPAR), PsiElement(Py:RPAR), PsiElement(Py:IDENTIFIER), PsiElement(Py:LPAR)]\",\"text\":\"env.render()\\nprint(\",\"position\":[592,610]}]},{\"clone_length\":10,\"clones\":[{\"psi\":\"[PsiElement(Py:IDENTIFIER), PsiElement(Py:DOT), PsiElement(Py:IDENTIFIER), PsiElement(Py:LPAR), PsiElement(Py:RPAR), PsiElement(Py:SEMICOLON), PsiElement(Py:IDENTIFIER), PsiElement(Py:DOT), PsiElement(Py:IDENTIFIER), PsiElement(Py:LPAR)]\",\"text\":\"env.reset();\\n# [___CELL_SEPARATOR___]\\n# display the game state\\nenv.render(\",\"position\":[412,485]},{\"psi\":\"[PsiElement(Py:IDENTIFIER), PsiElement(Py:DOT), PsiElement(Py:IDENTIFIER), PsiElement(Py:LPAR), PsiElement(Py:RPAR), PsiElement(Py:IDENTIFIER), PsiElement(Py:DOT), PsiElement(Py:IDENTIFIER), PsiElement(Py:LPAR)]\",\"text\":\"env.reset()\\n\\n# display the game state\\nenv.render(\",\"position\":[7833,7881]},{\"psi\":\"[PsiElement(Py:IDENTIFIER), PsiElement(Py:DOT), PsiElement(Py:IDENTIFIER), PsiElement(Py:LPAR), PsiElement(Py:RPAR), PsiElement(Py:IDENTIFIER), PsiElement(Py:DOT), PsiElement(Py:IDENTIFIER), PsiElement(Py:LPAR)]\",\"text\":\"env.reset()\\n\\n# display the game state\\nenv.render(\",\"position\":[9782,9830]}]},{\"clone_length\":6,\"clones\":[{\"psi\":\"[PsiElement(Py:IDENTIFIER), PsiElement(Py:DOT), PsiElement(Py:IDENTIFIER), PsiElement(Py:LPAR), PsiElement(Py:RPAR), PsiElement(Py:IDENTIFIER)]\",\"text\":\"env.render()\\n# [___CELL_SEPARATOR___]\\naction_to_i\",\"position\":[971,1009]},{\"psi\":\"[PsiElement(Py:IDENTIFIER), PsiElement(Py:DOT), PsiElement(Py:IDENTIFIER), PsiElement(Py:LPAR), PsiElement(Py:IDENTIFIER)]\",\"text\":\"env.step(action_to_i\",\"position\":[1106,1115]}]},{\"clone_length\":6,\"clones\":[{\"psi\":\"[PsiElement(Py:IDENTIFIER), PsiElement(Py:EQ), PsiElement(Py:IDENTIFIER), PsiElement(Py:DOT), PsiElement(Py:IDENTIFIER), PsiElement(Py:LPAR)]\",\"text\":\"env \\u003d gym.make(\",\"position\":[363,377]},{\"psi\":\"[PsiElement(Py:IDENTIFIER), PsiElement(Py:EQ), PsiElement(Py:IDENTIFIER), PsiElement(Py:DOT), PsiElement(Py:IDENTIFIER), PsiElement(Py:LPAR)]\",\"text\":\"env \\u003d gym.make(\",\"position\":[7781,7795]},{\"psi\":\"[PsiElement(Py:IDENTIFIER), PsiElement(Py:EQ), PsiElement(Py:IDENTIFIER), PsiElement(Py:DOT), PsiElement(Py:IDENTIFIER), PsiElement(Py:LPAR)]\",\"text\":\"env \\u003d gym.make(\",\"position\":[9729,9743]}]},{\"clone_length\":32,\"clones\":[{\"psi\":\"[PsiElement(Py:IDENTIFIER), PsiElement(Py:EQ), PsiElement(Py:IDENTIFIER), PsiElement(Py:DOT), PsiElement(Py:IDENTIFIER), PsiElement(Py:LPAR), PsiElement(Py:RPAR), PsiElement(Py:IDENTIFIER), PsiElement(Py:DOT), PsiElement(Py:IDENTIFIER), PsiElement(Py:LPAR), PsiElement(Py:RPAR), PsiElement(Py:IDENTIFIER), PsiElement(Py:DOT), PsiElement(Py:IDENTIFIER), PsiElement(Py:LPAR), PsiElement(Py:RPAR), PsiElement(Py:IDENTIFIER), PsiElement(Py:EQ), PsiElement(Py:IDENTIFIER), PsiElement(Py:DOT), PsiElement(Py:IDENTIFIER), PsiElement(Py:DOT), PsiElement(Py:IDENTIFIER), PsiElement(Py:IDENTIFIER), PsiElement(Py:EQ), PsiElement(Py:IDENTIFIER), PsiElement(Py:DOT), PsiElement(Py:IDENTIFIER), PsiElement(Py:DOT), PsiElement(Py:IDENTIFIER), PsiElement(Py:IDENTIFIER)]\",\"text\":\"env \\u003d gym.make(\\\"FrozenLake8x8-v0\\\")\\n\\n#start new game\\nenv.reset()\\n\\n# display the game state\\nenv.render()\\n\\nn_states \\u003d env.observation_space.n\\nn_actions \\u003d env.action_space.n\\n# [___CELL_SEPARATOR___]\\nn_epochs\",\"position\":[7781,7976]},{\"psi\":\"[PsiElement(Py:IDENTIFIER), PsiElement(Py:EQ), PsiElement(Py:IDENTIFIER), PsiElement(Py:DOT), PsiElement(Py:IDENTIFIER), PsiElement(Py:LPAR), PsiElement(Py:RPAR), PsiElement(Py:IDENTIFIER), PsiElement(Py:DOT), PsiElement(Py:IDENTIFIER), PsiElement(Py:LPAR), PsiElement(Py:RPAR), PsiElement(Py:IDENTIFIER), PsiElement(Py:DOT), PsiElement(Py:IDENTIFIER), PsiElement(Py:LPAR), PsiElement(Py:RPAR), PsiElement(Py:IDENTIFIER), PsiElement(Py:EQ), PsiElement(Py:IDENTIFIER), PsiElement(Py:DOT), PsiElement(Py:IDENTIFIER), PsiElement(Py:DOT), PsiElement(Py:IDENTIFIER), PsiElement(Py:IDENTIFIER), PsiElement(Py:EQ), PsiElement(Py:IDENTIFIER), PsiElement(Py:DOT), PsiElement(Py:IDENTIFIER), PsiElement(Py:DOT), PsiElement(Py:IDENTIFIER), PsiElement(Py:IDENTIFIER)]\",\"text\":\"env \\u003d gym.make(\\\"FrozenLake8x8-v0\\\")\\n\\n# start new game\\nenv.reset()\\n\\n# display the game state\\nenv.render()\\n\\nn_states \\u003d env.observation_space.n\\nn_actions \\u003d env.action_space.n\\n# [___CELL_SEPARATOR___]\\nn_epochs\",\"position\":[9729,9925]}]},{\"clone_length\":16,\"clones\":[{\"psi\":\"[PsiElement(Py:IDENTIFIER), PsiElement(Py:EQ), PsiElement(Py:IDENTIFIER), PsiElement(Py:DOT), PsiElement(Py:IDENTIFIER), PsiElement(Py:LPAR), PsiElement(Py:RPAR), PsiElement(Py:IDENTIFIER), PsiElement(Py:EQ), PsiElement(Py:INTEGER_LITERAL), PsiElement(Py:FOR_KEYWORD), PsiElement(Py:IDENTIFIER), PsiElement(Py:IN_KEYWORD), PsiElement(Py:IDENTIFIER), PsiElement(Py:LPAR), PsiElement(Py:IDENTIFIER)]\",\"text\":\"\\\"\\\"\\\"\\n    Interact with an environment, return sum of all rewards.\\n    If game doesn\\u0027t end on t_max (e.g. agent walks into a wall), \\n    force end the game and return whatever reward you got so far.\\n    Tip: see signature of env.step(...) method above.\\n    \\\"\\\"\\\"\\n    s \\u003d env.reset()\\n    total_reward \\u003d 0\\n    \\n    for i in range(t_max\",\"position\":[2562,2623]},{\"psi\":\"[PsiElement(Py:IDENTIFIER), PsiElement(Py:EQ), PsiElement(Py:IDENTIFIER), PsiElement(Py:DOT), PsiElement(Py:IDENTIFIER), PsiElement(Py:LPAR), PsiElement(Py:RPAR), PsiElement(Py:IDENTIFIER), PsiElement(Py:EQ), PsiElement(Py:INTEGER_LITERAL), PsiElement(Py:FOR_KEYWORD), PsiElement(Py:IDENTIFIER), PsiElement(Py:IN_KEYWORD), PsiElement(Py:IDENTIFIER), PsiElement(Py:LPAR), PsiElement(Py:IDENTIFIER)]\",\"text\":\"\\\"\\\"\\\"\\n    Interact with an environment, return sum of all rewards.\\n    If game doesn\\u0027t end on t_max (e.g. agent walks into a wall), \\n    force end the game and return whatever reward you got so far.\\n    Tip: see signature of env.step(...) method above.\\n    \\\"\\\"\\\"\\n    s \\u003d env.reset()\\n    total_reward \\u003d 0\\n    \\n    for i in range(t_max\",\"position\":[9437,9498]}]},{\"clone_length\":4,\"clones\":[{\"psi\":\"[PsiElement(Py:ASSERT_KEYWORD), PsiElement(Py:IDENTIFIER), PsiElement(Py:LPAR), PsiElement(Py:LBRACKET)]\",\"text\":\"assert all([\",\"position\":[3028,3039]},{\"psi\":\"[PsiElement(Py:ASSERT_KEYWORD), PsiElement(Py:IDENTIFIER), PsiElement(Py:LPAR), PsiElement(Py:LBRACKET)]\",\"text\":\"assert all([\",\"position\":[1677,1688]},{\"psi\":\"[PsiElement(Py:ASSERT_KEYWORD), PsiElement(Py:IDENTIFIER), PsiElement(Py:LPAR), PsiElement(Py:LBRACKET)]\",\"text\":\"assert all([\",\"position\":[4955,4966]},{\"psi\":\"[PsiElement(Py:ASSERT_KEYWORD), PsiElement(Py:IDENTIFIER), PsiElement(Py:LPAR), PsiElement(Py:LBRACKET)]\",\"text\":\"assert all([\",\"position\":[2928,2939]},{\"psi\":\"[PsiElement(Py:ASSERT_KEYWORD), PsiElement(Py:IDENTIFIER), PsiElement(Py:LPAR), PsiElement(Py:LBRACKET)]\",\"text\":\"assert all([\",\"position\":[5885,5896]}]},{\"clone_length\":6,\"clones\":[{\"psi\":\"[PsiElement(Py:ASSERT_KEYWORD), PsiElement(Py:IDENTIFIER), PsiElement(Py:LPAR), PsiElement(Py:LBRACKET), PsiElement(Py:IDENTIFIER), PsiElement(Py:LPAR)]\",\"text\":\"assert all([type(\",\"position\":[2928,2944]},{\"psi\":\"[PsiElement(Py:ASSERT_KEYWORD), PsiElement(Py:IDENTIFIER), PsiElement(Py:LPAR), PsiElement(Py:LBRACKET), PsiElement(Py:IDENTIFIER), PsiElement(Py:LPAR)]\",\"text\":\"assert all([type(\",\"position\":[5885,5901]}]},{\"clone_length\":2,\"clones\":[{\"psi\":\"[PsiElement(Py:ASSERT_KEYWORD), PsiElement(Py:IDENTIFIER)]\",\"text\":\"assert np\",\"position\":[1765,1772]},{\"psi\":\"[PsiElement(Py:ASSERT_KEYWORD), PsiElement(Py:IDENTIFIER)]\",\"text\":\"assert np\",\"position\":[5043,5050]},{\"psi\":\"[PsiElement(Py:ASSERT_KEYWORD), PsiElement(Py:IDENTIFIER)]\",\"text\":\"assert np\",\"position\":[1827,1834]},{\"psi\":\"[PsiElement(Py:ASSERT_KEYWORD), PsiElement(Py:IDENTIFIER)]\",\"text\":\"assert np\",\"position\":[5105,5112]},{\"psi\":\"[PsiElement(Py:ASSERT_KEYWORD), PsiElement(Py:IDENTIFIER)]\",\"text\":\"assert np\",\"position\":[2051,2058]}]},{\"clone_length\":6,\"clones\":[{\"psi\":\"[PsiElement(Py:ASSERT_KEYWORD), PsiElement(Py:IDENTIFIER), PsiElement(Py:DOT), PsiElement(Py:IDENTIFIER), PsiElement(Py:LPAR), PsiElement(Py:IDENTIFIER)]\",\"text\":\"assert np.min(policies\",\"position\":[1765,1779]},{\"psi\":\"[PsiElement(Py:ASSERT_KEYWORD), PsiElement(Py:IDENTIFIER), PsiElement(Py:DOT), PsiElement(Py:IDENTIFIER), PsiElement(Py:LPAR), PsiElement(Py:IDENTIFIER)]\",\"text\":\"assert np.min(policies\",\"position\":[5043,5057]},{\"psi\":\"[PsiElement(Py:ASSERT_KEYWORD), PsiElement(Py:IDENTIFIER), PsiElement(Py:DOT), PsiElement(Py:IDENTIFIER), PsiElement(Py:LPAR), PsiElement(Py:IDENTIFIER)]\",\"text\":\"assert np.max(policies\",\"position\":[1827,1841]},{\"psi\":\"[PsiElement(Py:ASSERT_KEYWORD), PsiElement(Py:IDENTIFIER), PsiElement(Py:DOT), PsiElement(Py:IDENTIFIER), PsiElement(Py:LPAR), PsiElement(Py:IDENTIFIER)]\",\"text\":\"assert np.max(policies\",\"position\":[5105,5119]}]},{\"clone_length\":3,\"clones\":[{\"psi\":\"[PsiElement(Py:ASSERT_KEYWORD), PsiElement(Py:IDENTIFIER), PsiElement(Py:LPAR)]\",\"text\":\"assert type(\",\"position\":[5788,5799]},{\"psi\":\"[PsiElement(Py:ASSERT_KEYWORD), PsiElement(Py:IDENTIFIER), PsiElement(Py:LPAR)]\",\"text\":\"assert type(\",\"position\":[6309,6320]},{\"psi\":\"[PsiElement(Py:ASSERT_KEYWORD), PsiElement(Py:IDENTIFIER), PsiElement(Py:LPAR)]\",\"text\":\"assert type(\",\"position\":[7361,7372]},{\"psi\":\"[PsiElement(Py:ASSERT_KEYWORD), PsiElement(Py:IDENTIFIER), PsiElement(Py:LPAR)]\",\"text\":\"assert type(\",\"position\":[8738,8749]},{\"psi\":\"[PsiElement(Py:ASSERT_KEYWORD), PsiElement(Py:IDENTIFIER), PsiElement(Py:LPAR)]\",\"text\":\"assert type(\",\"position\":[10689,10700]}]},{\"clone_length\":12,\"clones\":[{\"psi\":\"[PsiElement(Py:IDENTIFIER), PsiElement(Py:DOT), PsiElement(Py:IDENTIFIER), PsiElement(Py:LPAR), PsiElement(Py:IDENTIFIER), PsiElement(Py:RPAR), PsiElement(Py:RPAR), PsiElement(Py:FOR_KEYWORD), PsiElement(Py:IDENTIFIER), PsiElement(Py:IN_KEYWORD), PsiElement(Py:IDENTIFIER), PsiElement(Py:LPAR)]\",\"text\":\"random.choice(pool)) \\n        for _ in range(\",\"position\":[6148,6192]},{\"psi\":\"[PsiElement(Py:IDENTIFIER), PsiElement(Py:DOT), PsiElement(Py:IDENTIFIER), PsiElement(Py:LPAR), PsiElement(Py:IDENTIFIER), PsiElement(Py:RPAR), PsiElement(Py:RPAR), PsiElement(Py:FOR_KEYWORD), PsiElement(Py:IDENTIFIER), PsiElement(Py:IN_KEYWORD), PsiElement(Py:IDENTIFIER), PsiElement(Py:LPAR)]\",\"text\":\"random.choice(pool)) \\n        for _ in range(\",\"position\":[6241,6285]},{\"psi\":\"[PsiElement(Py:IDENTIFIER), PsiElement(Py:DOT), PsiElement(Py:IDENTIFIER), PsiElement(Py:LPAR), PsiElement(Py:IDENTIFIER), PsiElement(Py:RPAR), PsiElement(Py:RPAR), PsiElement(Py:FOR_KEYWORD), PsiElement(Py:IDENTIFIER), PsiElement(Py:IN_KEYWORD), PsiElement(Py:IDENTIFIER), PsiElement(Py:LPAR)]\",\"text\":\"random.choice(pool)) \\n        for _ in range(\",\"position\":[7293,7337]},{\"psi\":\"[PsiElement(Py:IDENTIFIER), PsiElement(Py:DOT), PsiElement(Py:IDENTIFIER), PsiElement(Py:LPAR), PsiElement(Py:IDENTIFIER), PsiElement(Py:RPAR), PsiElement(Py:RPAR), PsiElement(Py:FOR_KEYWORD), PsiElement(Py:IDENTIFIER), PsiElement(Py:IN_KEYWORD), PsiElement(Py:IDENTIFIER), PsiElement(Py:LPAR)]\",\"text\":\"random.choice(pool)) \\n        for _ in range(\",\"position\":[8670,8714]},{\"psi\":\"[PsiElement(Py:IDENTIFIER), PsiElement(Py:DOT), PsiElement(Py:IDENTIFIER), PsiElement(Py:LPAR), PsiElement(Py:IDENTIFIER), PsiElement(Py:RPAR), PsiElement(Py:RPAR), PsiElement(Py:FOR_KEYWORD), PsiElement(Py:IDENTIFIER), PsiElement(Py:IN_KEYWORD), PsiElement(Py:IDENTIFIER), PsiElement(Py:LPAR)]\",\"text\":\"random.choice(pool)) \\n        for _ in range(\",\"position\":[10621,10665]}]},{\"clone_length\":36,\"clones\":[{\"psi\":\"[PsiElement(Py:IDENTIFIER), PsiElement(Py:FROM_KEYWORD), PsiElement(Py:IDENTIFIER), PsiElement(Py:IMPORT_KEYWORD), PsiElement(Py:IDENTIFIER), PsiElement(Py:IDENTIFIER), PsiElement(Py:EQ), PsiElement(Py:IDENTIFIER), PsiElement(Py:LPAR), PsiElement(Py:IDENTIFIER), PsiElement(Py:LPAR), PsiElement(Py:IDENTIFIER), PsiElement(Py:RPAR), PsiElement(Py:RPAR), PsiElement(Py:FOR_KEYWORD), PsiElement(Py:IDENTIFIER), PsiElement(Py:IN_KEYWORD), PsiElement(Py:IDENTIFIER), PsiElement(Py:COLON), PsiElement(Py:IDENTIFIER), PsiElement(Py:EQ), PsiElement(Py:LBRACKET), PsiElement(Py:IDENTIFIER), PsiElement(Py:LPAR), PsiElement(Py:IDENTIFIER), PsiElement(Py:DOT), PsiElement(Py:IDENTIFIER), PsiElement(Py:LPAR), PsiElement(Py:IDENTIFIER), PsiElement(Py:RPAR), PsiElement(Py:COMMA), PsiElement(Py:IDENTIFIER), PsiElement(Py:DOT), PsiElement(Py:IDENTIFIER), PsiElement(Py:LPAR), PsiElement(Py:IDENTIFIER)]\",\"text\":\"random\\nfrom tqdm import tqdm\\n\\ntr \\u003d tqdm(range(n_epochs))\\nfor epoch in tr:\\n#     print(\\\"Epoch %s:\\\"%epoch)\\n    crossovered \\u003d [\\n        crossover(random.choice(pool), random.choice(pool\",\"position\":[5984,6162]},{\"psi\":\"[PsiElement(Py:IDENTIFIER), PsiElement(Py:FROM_KEYWORD), PsiElement(Py:IDENTIFIER), PsiElement(Py:IMPORT_KEYWORD), PsiElement(Py:IDENTIFIER), PsiElement(Py:IDENTIFIER), PsiElement(Py:EQ), PsiElement(Py:IDENTIFIER), PsiElement(Py:LPAR), PsiElement(Py:IDENTIFIER), PsiElement(Py:LPAR), PsiElement(Py:IDENTIFIER), PsiElement(Py:RPAR), PsiElement(Py:RPAR), PsiElement(Py:FOR_KEYWORD), PsiElement(Py:IDENTIFIER), PsiElement(Py:IN_KEYWORD), PsiElement(Py:IDENTIFIER), PsiElement(Py:COLON), PsiElement(Py:IDENTIFIER), PsiElement(Py:EQ), PsiElement(Py:LBRACKET), PsiElement(Py:IDENTIFIER), PsiElement(Py:LPAR), PsiElement(Py:IDENTIFIER), PsiElement(Py:DOT), PsiElement(Py:IDENTIFIER), PsiElement(Py:LPAR), PsiElement(Py:IDENTIFIER), PsiElement(Py:RPAR), PsiElement(Py:COMMA), PsiElement(Py:IDENTIFIER), PsiElement(Py:DOT), PsiElement(Py:IDENTIFIER), PsiElement(Py:LPAR), PsiElement(Py:IDENTIFIER)]\",\"text\":\"random\\nfrom tqdm import tqdm\\n\\ntr \\u003d tqdm(range(n_epochs))\\nfor epoch in tr:\\n#     print(\\\"Epoch %s:\\\"%epoch)\\n    crossovered \\u003d [\\n        crossover(\\n            random.choice(pool), \\n            random.choice(pool\",\"position\":[6980,7184]},{\"psi\":\"[PsiElement(Py:IDENTIFIER), PsiElement(Py:FROM_KEYWORD), PsiElement(Py:IDENTIFIER), PsiElement(Py:IMPORT_KEYWORD), PsiElement(Py:IDENTIFIER), PsiElement(Py:IDENTIFIER), PsiElement(Py:EQ), PsiElement(Py:IDENTIFIER), PsiElement(Py:LPAR), PsiElement(Py:IDENTIFIER), PsiElement(Py:LPAR), PsiElement(Py:IDENTIFIER), PsiElement(Py:RPAR), PsiElement(Py:RPAR), PsiElement(Py:FOR_KEYWORD), PsiElement(Py:IDENTIFIER), PsiElement(Py:IN_KEYWORD), PsiElement(Py:IDENTIFIER), PsiElement(Py:COLON), PsiElement(Py:IDENTIFIER), PsiElement(Py:EQ), PsiElement(Py:LBRACKET), PsiElement(Py:IDENTIFIER), PsiElement(Py:LPAR), PsiElement(Py:IDENTIFIER), PsiElement(Py:DOT), PsiElement(Py:IDENTIFIER), PsiElement(Py:LPAR), PsiElement(Py:IDENTIFIER), PsiElement(Py:RPAR), PsiElement(Py:COMMA), PsiElement(Py:IDENTIFIER), PsiElement(Py:DOT), PsiElement(Py:IDENTIFIER), PsiElement(Py:LPAR), PsiElement(Py:IDENTIFIER)]\",\"text\":\"random\\nfrom tqdm import tqdm\\n\\ntr \\u003d tqdm(range(n_epochs))\\nfor epoch in tr:\\n#     print(\\\"Epoch %s:\\\"%epoch)\\n    crossovered \\u003d [\\n        crossover(\\n            random.choice(pool), \\n            random.choice(pool\",\"position\":[8357,8561]},{\"psi\":\"[PsiElement(Py:IDENTIFIER), PsiElement(Py:FROM_KEYWORD), PsiElement(Py:IDENTIFIER), PsiElement(Py:IMPORT_KEYWORD), PsiElement(Py:IDENTIFIER), PsiElement(Py:IDENTIFIER), PsiElement(Py:EQ), PsiElement(Py:IDENTIFIER), PsiElement(Py:LPAR), PsiElement(Py:IDENTIFIER), PsiElement(Py:LPAR), PsiElement(Py:IDENTIFIER), PsiElement(Py:RPAR), PsiElement(Py:RPAR), PsiElement(Py:FOR_KEYWORD), PsiElement(Py:IDENTIFIER), PsiElement(Py:IN_KEYWORD), PsiElement(Py:IDENTIFIER), PsiElement(Py:COLON), PsiElement(Py:IDENTIFIER), PsiElement(Py:EQ), PsiElement(Py:LBRACKET), PsiElement(Py:IDENTIFIER), PsiElement(Py:LPAR), PsiElement(Py:IDENTIFIER), PsiElement(Py:DOT), PsiElement(Py:IDENTIFIER), PsiElement(Py:LPAR), PsiElement(Py:IDENTIFIER), PsiElement(Py:RPAR), PsiElement(Py:COMMA), PsiElement(Py:IDENTIFIER), PsiElement(Py:DOT), PsiElement(Py:IDENTIFIER), PsiElement(Py:LPAR), PsiElement(Py:IDENTIFIER)]\",\"text\":\"random\\nfrom tqdm import tqdm\\n\\ntr \\u003d tqdm(range(n_epochs))\\nfor epoch in tr:\\n#     print(\\\"Epoch %s:\\\"%epoch)\\n    crossovered \\u003d [\\n        crossover(\\n            random.choice(pool), \\n            random.choice(pool\",\"position\":[10308,10512]}]},{\"clone_length\":38,\"clones\":[{\"psi\":\"[PsiElement(Py:IDENTIFIER), PsiElement(Py:EQ), PsiElement(Py:INTEGER_LITERAL), PsiElement(Py:IDENTIFIER), PsiElement(Py:EQ), PsiElement(Py:INTEGER_LITERAL), PsiElement(Py:IDENTIFIER), PsiElement(Py:EQ), PsiElement(Py:INTEGER_LITERAL), PsiElement(Py:IDENTIFIER), PsiElement(Py:EQ), PsiElement(Py:INTEGER_LITERAL), PsiElement(Py:IDENTIFIER), PsiElement(Py:LPAR), PsiElement(Py:RPAR), PsiElement(Py:IDENTIFIER), PsiElement(Py:EQ), PsiElement(Py:LBRACKET), PsiElement(Py:IDENTIFIER), PsiElement(Py:LPAR), PsiElement(Py:RPAR), PsiElement(Py:FOR_KEYWORD), PsiElement(Py:IDENTIFIER), PsiElement(Py:IN_KEYWORD), PsiElement(Py:IDENTIFIER), PsiElement(Py:LPAR), PsiElement(Py:IDENTIFIER), PsiElement(Py:RPAR), PsiElement(Py:RBRACKET), PsiElement(Py:IDENTIFIER), PsiElement(Py:EQ), PsiElement(Py:IDENTIFIER), PsiElement(Py:LPAR), PsiElement(Py:IDENTIFIER), PsiElement(Py:LPAR), PsiElement(Py:IDENTIFIER), PsiElement(Py:COMMA), PsiElement(Py:IDENTIFIER)]\",\"text\":\"n_epochs \\u003d 20 #how many cycles to make\\npool_size \\u003d 100 #how many policies to maintain\\nn_crossovers \\u003d 50 #how many crossovers to make on each step\\nn_mutations \\u003d 50 #how many mutations to make on each tick\\n\\n# [___CELL_SEPARATOR___]\\nprint(\\\"initializing...\\\")\\npool \\u003d [get_random_policy() for _ in range(pool_size)]\\npool_scores \\u003d list(map(evaluate, pool\",\"position\":[5412,5755]},{\"psi\":\"[PsiElement(Py:IDENTIFIER), PsiElement(Py:EQ), PsiElement(Py:INTEGER_LITERAL), PsiElement(Py:IDENTIFIER), PsiElement(Py:EQ), PsiElement(Py:INTEGER_LITERAL), PsiElement(Py:IDENTIFIER), PsiElement(Py:EQ), PsiElement(Py:INTEGER_LITERAL), PsiElement(Py:IDENTIFIER), PsiElement(Py:EQ), PsiElement(Py:INTEGER_LITERAL), PsiElement(Py:IDENTIFIER), PsiElement(Py:LPAR), PsiElement(Py:RPAR), PsiElement(Py:IDENTIFIER), PsiElement(Py:EQ), PsiElement(Py:LBRACKET), PsiElement(Py:IDENTIFIER), PsiElement(Py:LPAR), PsiElement(Py:RPAR), PsiElement(Py:FOR_KEYWORD), PsiElement(Py:IDENTIFIER), PsiElement(Py:IN_KEYWORD), PsiElement(Py:IDENTIFIER), PsiElement(Py:LPAR), PsiElement(Py:IDENTIFIER), PsiElement(Py:RPAR), PsiElement(Py:RBRACKET), PsiElement(Py:IDENTIFIER), PsiElement(Py:EQ), PsiElement(Py:IDENTIFIER), PsiElement(Py:LPAR), PsiElement(Py:IDENTIFIER), PsiElement(Py:LPAR), PsiElement(Py:IDENTIFIER), PsiElement(Py:COMMA), PsiElement(Py:IDENTIFIER)]\",\"text\":\"n_epochs \\u003d 20 #how many cycles to make\\npool_size \\u003d 100 #how many policies to maintain\\nn_crossovers \\u003d 50 #how many crossovers to make on each step\\nn_mutations \\u003d 50 #how many mutations to make on each tick\\n# [___CELL_SEPARATOR___]\\nprint(\\\"initializing...\\\")\\npool \\u003d [get_random_policy() for _ in range(pool_size)]\\npool_scores \\u003d list(map(evaluate, pool\",\"position\":[7976,8318]}]},{\"clone_length\":3,\"clones\":[{\"psi\":\"[PsiElement(Py:LBRACKET), PsiElement(Py:IDENTIFIER), PsiElement(Py:LPAR)]\",\"text\":\"[get_random_policy(\",\"position\":[1633,1651]},{\"psi\":\"[PsiElement(Py:LBRACKET), PsiElement(Py:IDENTIFIER), PsiElement(Py:LPAR)]\",\"text\":\"[get_random_policy(\",\"position\":[5674,5692]},{\"psi\":\"[PsiElement(Py:LBRACKET), PsiElement(Py:IDENTIFIER), PsiElement(Py:LPAR)]\",\"text\":\"[get_random_policy(\",\"position\":[8237,8255]},{\"psi\":\"[PsiElement(Py:LBRACKET), PsiElement(Py:IDENTIFIER), PsiElement(Py:LPAR)]\",\"text\":\"[get_random_policy(\",\"position\":[10188,10206]}]},{\"clone_length\":3,\"clones\":[{\"psi\":\"[PsiElement(Py:LBRACKET), PsiElement(Py:IDENTIFIER), PsiElement(Py:LPAR)]\",\"text\":\"[\\n    crossover(\",\"position\":[4868,4883]},{\"psi\":\"[PsiElement(Py:LBRACKET), PsiElement(Py:IDENTIFIER), PsiElement(Py:LPAR)]\",\"text\":\"[\\n        crossover(\",\"position\":[6107,6126]},{\"psi\":\"[PsiElement(Py:LBRACKET), PsiElement(Py:IDENTIFIER), PsiElement(Py:LPAR)]\",\"text\":\"[\\n        crossover(\",\"position\":[7103,7122]},{\"psi\":\"[PsiElement(Py:LBRACKET), PsiElement(Py:IDENTIFIER), PsiElement(Py:LPAR)]\",\"text\":\"[\\n        crossover(\",\"position\":[8480,8499]},{\"psi\":\"[PsiElement(Py:LBRACKET), PsiElement(Py:IDENTIFIER), PsiElement(Py:LPAR)]\",\"text\":\"[\\n        crossover(\",\"position\":[10431,10450]}]},{\"clone_length\":6,\"clones\":[{\"psi\":\"[PsiElement(Py:LPAR), PsiElement(Py:IDENTIFIER), PsiElement(Py:DOT), PsiElement(Py:IDENTIFIER), PsiElement(Py:LPAR), PsiElement(Py:IDENTIFIER)]\",\"text\":\"(random.choice(pool\",\"position\":[6126,6141]},{\"psi\":\"[PsiElement(Py:LPAR), PsiElement(Py:IDENTIFIER), PsiElement(Py:DOT), PsiElement(Py:IDENTIFIER), PsiElement(Py:LPAR), PsiElement(Py:IDENTIFIER)]\",\"text\":\"(\\n            random.choice(pool\",\"position\":[7122,7150]},{\"psi\":\"[PsiElement(Py:LPAR), PsiElement(Py:IDENTIFIER), PsiElement(Py:DOT), PsiElement(Py:IDENTIFIER), PsiElement(Py:LPAR), PsiElement(Py:IDENTIFIER)]\",\"text\":\"(\\n            random.choice(pool\",\"position\":[8499,8527]},{\"psi\":\"[PsiElement(Py:LPAR), PsiElement(Py:IDENTIFIER), PsiElement(Py:DOT), PsiElement(Py:IDENTIFIER), PsiElement(Py:LPAR), PsiElement(Py:IDENTIFIER)]\",\"text\":\"(\\n            random.choice(pool\",\"position\":[10450,10478]},{\"psi\":\"[PsiElement(Py:LPAR), PsiElement(Py:IDENTIFIER), PsiElement(Py:DOT), PsiElement(Py:IDENTIFIER), PsiElement(Py:LPAR), PsiElement(Py:IDENTIFIER)]\",\"text\":\"(random.choice(pool\",\"position\":[6240,6255]},{\"psi\":\"[PsiElement(Py:LPAR), PsiElement(Py:IDENTIFIER), PsiElement(Py:DOT), PsiElement(Py:IDENTIFIER), PsiElement(Py:LPAR), PsiElement(Py:IDENTIFIER)]\",\"text\":\"(random.choice(pool\",\"position\":[7292,7307]},{\"psi\":\"[PsiElement(Py:LPAR), PsiElement(Py:IDENTIFIER), PsiElement(Py:DOT), PsiElement(Py:IDENTIFIER), PsiElement(Py:LPAR), PsiElement(Py:IDENTIFIER)]\",\"text\":\"(random.choice(pool\",\"position\":[8669,8684]},{\"psi\":\"[PsiElement(Py:LPAR), PsiElement(Py:IDENTIFIER), PsiElement(Py:DOT), PsiElement(Py:IDENTIFIER), PsiElement(Py:LPAR), PsiElement(Py:IDENTIFIER)]\",\"text\":\"(random.choice(pool\",\"position\":[10620,10635]}]},{\"clone_length\":3,\"clones\":[{\"psi\":\"[PsiElement(Py:LPAR), PsiElement(Py:IDENTIFIER), PsiElement(Py:LPAR)]\",\"text\":\"(get_random_policy(\",\"position\":[3928,3946]},{\"psi\":\"[PsiElement(Py:LPAR), PsiElement(Py:IDENTIFIER), PsiElement(Py:LPAR)]\",\"text\":\"(get_random_policy(\",\"position\":[4883,4901]},{\"psi\":\"[PsiElement(Py:LPAR), PsiElement(Py:RPAR), PsiElement(Py:COMMA), PsiElement(Py:IDENTIFIER), PsiElement(Py:LPAR)]\",\"text\":\"(), get_random_policy(\",\"position\":[4901,4922]}]},{\"clone_length\":4,\"clones\":[{\"psi\":\"[PsiElement(Py:INTEGER_LITERAL), PsiElement(Py:RPAR), PsiElement(Py:COLON), PsiElement(Py:IDENTIFIER)]\",\"text\":\"4):\\n        print\",\"position\":[3849,3861]},{\"psi\":\"[PsiElement(Py:INTEGER_LITERAL), PsiElement(Py:RBRACKET), PsiElement(Py:RPAR), PsiElement(Py:RPAR), PsiElement(Py:IDENTIFIER)]\",\"text\":\"4]))\\n\\nprint\",\"position\":[3886,3892]}]},{\"clone_length\":23,\"clones\":[{\"psi\":\"[PsiElement(Py:IDENTIFIER), PsiElement(Py:COMMA), PsiElement(Py:IDENTIFIER), PsiElement(Py:COMMA), PsiElement(Py:IDENTIFIER), PsiElement(Py:COMMA), PsiElement(Py:IDENTIFIER), PsiElement(Py:EQ), PsiElement(Py:IDENTIFIER), PsiElement(Py:DOT), PsiElement(Py:IDENTIFIER), PsiElement(Py:LPAR), PsiElement(Py:IDENTIFIER), PsiElement(Py:RPAR), PsiElement(Py:IDENTIFIER), PsiElement(Py:PLUSEQ), PsiElement(Py:IDENTIFIER), PsiElement(Py:IF_KEYWORD), PsiElement(Py:IDENTIFIER), PsiElement(Py:COLON), PsiElement(Py:BREAK_KEYWORD), PsiElement(Py:RETURN_KEYWORD), PsiElement(Py:IDENTIFIER)]\",\"text\":\"s, reward, done, info \\u003d env.step(action)\\n        total_reward +\\u003d reward\\n        if done:\\n            break\\n    return total_reward\",\"position\":[2662,2780]},{\"psi\":\"[PsiElement(Py:IDENTIFIER), PsiElement(Py:COMMA), PsiElement(Py:IDENTIFIER), PsiElement(Py:COMMA), PsiElement(Py:IDENTIFIER), PsiElement(Py:COMMA), PsiElement(Py:IDENTIFIER), PsiElement(Py:EQ), PsiElement(Py:IDENTIFIER), PsiElement(Py:DOT), PsiElement(Py:IDENTIFIER), PsiElement(Py:LPAR), PsiElement(Py:IDENTIFIER), PsiElement(Py:RPAR), PsiElement(Py:IDENTIFIER), PsiElement(Py:PLUSEQ), PsiElement(Py:IDENTIFIER), PsiElement(Py:IF_KEYWORD), PsiElement(Py:IDENTIFIER), PsiElement(Py:COLON), PsiElement(Py:BREAK_KEYWORD), PsiElement(Py:RETURN_KEYWORD), PsiElement(Py:IDENTIFIER)]\",\"text\":\"s, reward, done, info \\u003d env.step(action)\\n        total_reward +\\u003d reward\\n        if done:\\n            break\\n    return total_reward\",\"position\":[9541,9659]}]},{\"clone_length\":1,\"clones\":[{\"psi\":\"[PsiElement(Py:IDENTIFIER)]\",\"text\":\"np\",\"position\":[1928,1928]},{\"psi\":\"[PsiElement(Py:IDENTIFIER)]\",\"text\":\"np\",\"position\":[1928,1928]},{\"psi\":\"[PsiElement(Py:IDENTIFIER)]\",\"text\":\"np\",\"position\":[1601,1601]},{\"psi\":\"[PsiElement(Py:IDENTIFIER)]\",\"text\":\"np\",\"position\":[4836,4836]}]},{\"clone_length\":4,\"clones\":[{\"psi\":\"[PsiElement(Py:IDENTIFIER), PsiElement(Py:DOT), PsiElement(Py:IDENTIFIER), PsiElement(Py:LPAR)]\",\"text\":\"np.unique(\",\"position\":[1928,1937]},{\"psi\":\"[PsiElement(Py:IDENTIFIER), PsiElement(Py:DOT), PsiElement(Py:IDENTIFIER), PsiElement(Py:DOT), PsiElement(Py:IDENTIFIER), PsiElement(Py:LPAR)]\",\"text\":\"np.random.seed(\",\"position\":[1601,1615]},{\"psi\":\"[PsiElement(Py:IDENTIFIER), PsiElement(Py:DOT), PsiElement(Py:IDENTIFIER), PsiElement(Py:DOT), PsiElement(Py:IDENTIFIER), PsiElement(Py:LPAR)]\",\"text\":\"np.random.seed(\",\"position\":[4836,4850]}]},{\"clone_length\":11,\"clones\":[{\"psi\":\"[PsiElement(Py:IDENTIFIER), PsiElement(Py:DOT), PsiElement(Py:IDENTIFIER), PsiElement(Py:DOT), PsiElement(Py:IDENTIFIER), PsiElement(Py:LPAR), PsiElement(Py:INTEGER_LITERAL), PsiElement(Py:RPAR), PsiElement(Py:IDENTIFIER), PsiElement(Py:EQ), PsiElement(Py:LBRACKET)]\",\"text\":\"np.random.seed(1234)\\npolicies \\u003d [\",\"position\":[1601,1633]},{\"psi\":\"[PsiElement(Py:IDENTIFIER), PsiElement(Py:DOT), PsiElement(Py:IDENTIFIER), PsiElement(Py:DOT), PsiElement(Py:IDENTIFIER), PsiElement(Py:LPAR), PsiElement(Py:INTEGER_LITERAL), PsiElement(Py:RPAR), PsiElement(Py:IDENTIFIER), PsiElement(Py:EQ), PsiElement(Py:LBRACKET)]\",\"text\":\"np.random.seed(1234)\\npolicies \\u003d [\",\"position\":[4836,4868]}]},{\"clone_length\":5,\"clones\":[{\"psi\":\"[PsiElement(Py:IDENTIFIER), PsiElement(Py:DOT), PsiElement(Py:IDENTIFIER), PsiElement(Py:LPAR), PsiElement(Py:IDENTIFIER)]\",\"text\":\"np.zeros(n_states\",\"position\":[5223,5232]},{\"psi\":\"[PsiElement(Py:IDENTIFIER), PsiElement(Py:DOT), PsiElement(Py:IDENTIFIER), PsiElement(Py:LPAR), PsiElement(Py:IDENTIFIER)]\",\"text\":\"np.ones(n_states\",\"position\":[5243,5251]}]},{\"clone_length\":5,\"clones\":[{\"psi\":\"[PsiElement(Py:IDENTIFIER), PsiElement(Py:DOT), PsiElement(Py:IDENTIFIER), PsiElement(Py:LPAR), PsiElement(Py:LBRACE)]\",\"text\":\"tr.set_postfix({\\\"best score:\\\"\",\"position\":[4233,4248]},{\"psi\":\"[PsiElement(Py:IDENTIFIER), PsiElement(Py:DOT), PsiElement(Py:IDENTIFIER), PsiElement(Py:LPAR), PsiElement(Py:LBRACE)]\",\"text\":\"tr.set_postfix({\\\"best score:\\\"\",\"position\":[6624,6639]},{\"psi\":\"[PsiElement(Py:IDENTIFIER), PsiElement(Py:DOT), PsiElement(Py:IDENTIFIER), PsiElement(Py:LPAR), PsiElement(Py:LBRACE)]\",\"text\":\"tr.set_postfix({\\\"best score:\\\"\",\"position\":[7676,7691]},{\"psi\":\"[PsiElement(Py:IDENTIFIER), PsiElement(Py:DOT), PsiElement(Py:IDENTIFIER), PsiElement(Py:LPAR), PsiElement(Py:LBRACE)]\",\"text\":\"tr.set_postfix({\\\"best score:\\\"\",\"position\":[9053,9068]},{\"psi\":\"[PsiElement(Py:IDENTIFIER), PsiElement(Py:DOT), PsiElement(Py:IDENTIFIER), PsiElement(Py:LPAR), PsiElement(Py:LBRACE)]\",\"text\":\"tr.set_postfix({\\\"best score:\\\"\",\"position\":[11004,11019]}]},{\"clone_length\":121,\"clones\":[{\"psi\":\"[PsiElement(Py:IDENTIFIER), PsiElement(Py:LPAR), PsiElement(Py:RPAR), PsiElement(Py:IDENTIFIER), PsiElement(Py:EQ), PsiElement(Py:LBRACKET), PsiElement(Py:IDENTIFIER), PsiElement(Py:LPAR), PsiElement(Py:RPAR), PsiElement(Py:FOR_KEYWORD), PsiElement(Py:IDENTIFIER), PsiElement(Py:IN_KEYWORD), PsiElement(Py:IDENTIFIER), PsiElement(Py:LPAR), PsiElement(Py:IDENTIFIER), PsiElement(Py:RPAR), PsiElement(Py:RBRACKET), PsiElement(Py:IDENTIFIER), PsiElement(Py:EQ), PsiElement(Py:IDENTIFIER), PsiElement(Py:LPAR), PsiElement(Py:IDENTIFIER), PsiElement(Py:LPAR), PsiElement(Py:IDENTIFIER), PsiElement(Py:COMMA), PsiElement(Py:IDENTIFIER), PsiElement(Py:RPAR), PsiElement(Py:RPAR), PsiElement(Py:IMPORT_KEYWORD), PsiElement(Py:IDENTIFIER), PsiElement(Py:FROM_KEYWORD), PsiElement(Py:IDENTIFIER), PsiElement(Py:IMPORT_KEYWORD), PsiElement(Py:IDENTIFIER), PsiElement(Py:IDENTIFIER), PsiElement(Py:EQ), PsiElement(Py:IDENTIFIER), PsiElement(Py:LPAR), PsiElement(Py:IDENTIFIER), PsiElement(Py:LPAR), PsiElement(Py:IDENTIFIER), PsiElement(Py:RPAR), PsiElement(Py:RPAR), PsiElement(Py:FOR_KEYWORD), PsiElement(Py:IDENTIFIER), PsiElement(Py:IN_KEYWORD), PsiElement(Py:IDENTIFIER), PsiElement(Py:COLON), PsiElement(Py:IDENTIFIER), PsiElement(Py:EQ), PsiElement(Py:LBRACKET), PsiElement(Py:IDENTIFIER), PsiElement(Py:LPAR), PsiElement(Py:IDENTIFIER), PsiElement(Py:DOT), PsiElement(Py:IDENTIFIER), PsiElement(Py:LPAR), PsiElement(Py:IDENTIFIER), PsiElement(Py:RPAR), PsiElement(Py:COMMA), PsiElement(Py:IDENTIFIER), PsiElement(Py:DOT), PsiElement(Py:IDENTIFIER), PsiElement(Py:LPAR), PsiElement(Py:IDENTIFIER), PsiElement(Py:RPAR), PsiElement(Py:COMMA), PsiElement(Py:IDENTIFIER), PsiElement(Py:EQ), PsiElement(Py:TRUE_KEYWORD), PsiElement(Py:RPAR), PsiElement(Py:FOR_KEYWORD), PsiElement(Py:IDENTIFIER), PsiElement(Py:IN_KEYWORD), PsiElement(Py:IDENTIFIER), PsiElement(Py:LPAR), PsiElement(Py:IDENTIFIER), PsiElement(Py:RPAR), PsiElement(Py:RBRACKET), PsiElement(Py:IDENTIFIER), PsiElement(Py:EQ), PsiElement(Py:LBRACKET), PsiElement(Py:IDENTIFIER), PsiElement(Py:LPAR), PsiElement(Py:IDENTIFIER), PsiElement(Py:DOT), PsiElement(Py:IDENTIFIER), PsiElement(Py:LPAR), PsiElement(Py:IDENTIFIER), PsiElement(Py:RPAR), PsiElement(Py:RPAR), PsiElement(Py:FOR_KEYWORD), PsiElement(Py:IDENTIFIER), PsiElement(Py:IN_KEYWORD), PsiElement(Py:IDENTIFIER), PsiElement(Py:LPAR), PsiElement(Py:IDENTIFIER), PsiElement(Py:RPAR), PsiElement(Py:RBRACKET), PsiElement(Py:ASSERT_KEYWORD), PsiElement(Py:IDENTIFIER), PsiElement(Py:LPAR), PsiElement(Py:IDENTIFIER), PsiElement(Py:RPAR), PsiElement(Py:EQEQ), PsiElement(Py:IDENTIFIER), PsiElement(Py:LPAR), PsiElement(Py:IDENTIFIER), PsiElement(Py:RPAR), PsiElement(Py:EQEQ), PsiElement(Py:IDENTIFIER), PsiElement(Py:IDENTIFIER), PsiElement(Py:DOT), PsiElement(Py:IDENTIFIER), PsiElement(Py:LPAR), PsiElement(Py:LBRACE), PsiElement(Py:COLON), PsiElement(Py:IDENTIFIER), PsiElement(Py:LBRACKET), PsiElement(Py:MINUS), PsiElement(Py:INTEGER_LITERAL)]\",\"text\":\"print(\\\"initializing...\\\")\\npool \\u003d [get_random_policy() for _ in range(pool_size)]\\npool_scores \\u003d list(map(evaluate, pool))\\n# [___CELL_SEPARATOR___]\\nimport random\\nfrom tqdm import tqdm\\n\\ntr \\u003d tqdm(range(n_epochs))\\nfor epoch in tr:\\n#     print(\\\"Epoch %s:\\\"%epoch)\\n    crossovered \\u003d [\\n        crossover(\\n            random.choice(pool), \\n            random.choice(pool), \\n            prioritize\\u003dTrue) \\n        for _ in range(n_crossovers)]\\n    mutated \\u003d [\\n        mutation(random.choice(pool)) \\n        for _ in range(n_mutations)]\\n    \\n    assert type(crossovered) \\u003d\\u003d type(mutated) \\u003d\\u003d list\\n    \\n    # add new policies to the pool\\n    # pool \\u003d ...\\n    # pool_scores \\u003d ...\\n    \\n    # select pool_size best policies\\n    # selected_indices \\u003d ...\\n    # pool \\u003d ...\\n    # pool_scores \\u003d ...\\n\\n    # print the best policy so far (last in ascending score order)\\n    tr.set_postfix({\\\"best score:\\\": pool_scores[-1\",\"position\":[8205,9097]},{\"psi\":\"[PsiElement(Py:IDENTIFIER), PsiElement(Py:LPAR), PsiElement(Py:RPAR), PsiElement(Py:IDENTIFIER), PsiElement(Py:EQ), PsiElement(Py:LBRACKET), PsiElement(Py:IDENTIFIER), PsiElement(Py:LPAR), PsiElement(Py:RPAR), PsiElement(Py:FOR_KEYWORD), PsiElement(Py:IDENTIFIER), PsiElement(Py:IN_KEYWORD), PsiElement(Py:IDENTIFIER), PsiElement(Py:LPAR), PsiElement(Py:IDENTIFIER), PsiElement(Py:RPAR), PsiElement(Py:RBRACKET), PsiElement(Py:IDENTIFIER), PsiElement(Py:EQ), PsiElement(Py:IDENTIFIER), PsiElement(Py:LPAR), PsiElement(Py:IDENTIFIER), PsiElement(Py:LPAR), PsiElement(Py:IDENTIFIER), PsiElement(Py:COMMA), PsiElement(Py:IDENTIFIER), PsiElement(Py:RPAR), PsiElement(Py:RPAR), PsiElement(Py:IMPORT_KEYWORD), PsiElement(Py:IDENTIFIER), PsiElement(Py:FROM_KEYWORD), PsiElement(Py:IDENTIFIER), PsiElement(Py:IMPORT_KEYWORD), PsiElement(Py:IDENTIFIER), PsiElement(Py:IDENTIFIER), PsiElement(Py:EQ), PsiElement(Py:IDENTIFIER), PsiElement(Py:LPAR), PsiElement(Py:IDENTIFIER), PsiElement(Py:LPAR), PsiElement(Py:IDENTIFIER), PsiElement(Py:RPAR), PsiElement(Py:RPAR), PsiElement(Py:FOR_KEYWORD), PsiElement(Py:IDENTIFIER), PsiElement(Py:IN_KEYWORD), PsiElement(Py:IDENTIFIER), PsiElement(Py:COLON), PsiElement(Py:IDENTIFIER), PsiElement(Py:EQ), PsiElement(Py:LBRACKET), PsiElement(Py:IDENTIFIER), PsiElement(Py:LPAR), PsiElement(Py:IDENTIFIER), PsiElement(Py:DOT), PsiElement(Py:IDENTIFIER), PsiElement(Py:LPAR), PsiElement(Py:IDENTIFIER), PsiElement(Py:RPAR), PsiElement(Py:COMMA), PsiElement(Py:IDENTIFIER), PsiElement(Py:DOT), PsiElement(Py:IDENTIFIER), PsiElement(Py:LPAR), PsiElement(Py:IDENTIFIER), PsiElement(Py:RPAR), PsiElement(Py:COMMA), PsiElement(Py:IDENTIFIER), PsiElement(Py:EQ), PsiElement(Py:TRUE_KEYWORD), PsiElement(Py:RPAR), PsiElement(Py:FOR_KEYWORD), PsiElement(Py:IDENTIFIER), PsiElement(Py:IN_KEYWORD), PsiElement(Py:IDENTIFIER), PsiElement(Py:LPAR), PsiElement(Py:IDENTIFIER), PsiElement(Py:RPAR), PsiElement(Py:RBRACKET), PsiElement(Py:IDENTIFIER), PsiElement(Py:EQ), PsiElement(Py:LBRACKET), PsiElement(Py:IDENTIFIER), PsiElement(Py:LPAR), PsiElement(Py:IDENTIFIER), PsiElement(Py:DOT), PsiElement(Py:IDENTIFIER), PsiElement(Py:LPAR), PsiElement(Py:IDENTIFIER), PsiElement(Py:RPAR), PsiElement(Py:RPAR), PsiElement(Py:FOR_KEYWORD), PsiElement(Py:IDENTIFIER), PsiElement(Py:IN_KEYWORD), PsiElement(Py:IDENTIFIER), PsiElement(Py:LPAR), PsiElement(Py:IDENTIFIER), PsiElement(Py:RPAR), PsiElement(Py:RBRACKET), PsiElement(Py:ASSERT_KEYWORD), PsiElement(Py:IDENTIFIER), PsiElement(Py:LPAR), PsiElement(Py:IDENTIFIER), PsiElement(Py:RPAR), PsiElement(Py:EQEQ), PsiElement(Py:IDENTIFIER), PsiElement(Py:LPAR), PsiElement(Py:IDENTIFIER), PsiElement(Py:RPAR), PsiElement(Py:EQEQ), PsiElement(Py:IDENTIFIER), PsiElement(Py:IDENTIFIER), PsiElement(Py:DOT), PsiElement(Py:IDENTIFIER), PsiElement(Py:LPAR), PsiElement(Py:LBRACE), PsiElement(Py:COLON), PsiElement(Py:IDENTIFIER), PsiElement(Py:LBRACKET), PsiElement(Py:MINUS), PsiElement(Py:INTEGER_LITERAL)]\",\"text\":\"print(\\\"initializing...\\\")\\npool \\u003d [get_random_policy() for _ in range(pool_size)]\\npool_scores \\u003d list(map(evaluate, pool))\\n# [___CELL_SEPARATOR___]\\nimport random\\nfrom tqdm import tqdm\\n\\ntr \\u003d tqdm(range(n_epochs))\\nfor epoch in tr:\\n#     print(\\\"Epoch %s:\\\"%epoch)\\n    crossovered \\u003d [\\n        crossover(\\n            random.choice(pool), \\n            random.choice(pool), \\n            prioritize\\u003dTrue) \\n        for _ in range(n_crossovers)]\\n    mutated \\u003d [\\n        mutation(random.choice(pool)) \\n        for _ in range(n_mutations)]\\n    \\n    assert type(crossovered) \\u003d\\u003d type(mutated) \\u003d\\u003d list\\n    \\n    # add new policies to the pool\\n    # pool \\u003d ...\\n    # pool_scores \\u003d ...\\n    \\n    # select pool_size best policies\\n    # selected_indices \\u003d ...\\n    # pool \\u003d ...\\n    # pool_scores \\u003d ...\\n\\n    # print the best policy so far (last in ascending score order)\\n    tr.set_postfix({\\\"best score:\\\": pool_scores[-1\",\"position\":[10156,11048]}]},{\"clone_length\":2,\"clones\":[{\"psi\":\"[PsiElement(Py:IDENTIFIER), PsiElement(Py:LPAR)]\",\"text\":\"print(\\\"Seems fine!\\\"\",\"position\":[2206,2211]},{\"psi\":\"[PsiElement(Py:IDENTIFIER), PsiElement(Py:LPAR)]\",\"text\":\"print(\\\"Seems fine!\\\"\",\"position\":[5365,5370]}]},{\"clone_length\":2,\"clones\":[{\"psi\":\"[PsiElement(Py:IDENTIFIER), PsiElement(Py:LPAR)]\",\"text\":\"len(\",\"position\":[1689,1692]},{\"psi\":\"[PsiElement(Py:IDENTIFIER), PsiElement(Py:LPAR)]\",\"text\":\"len(\",\"position\":[4967,4970]},{\"psi\":\"[PsiElement(Py:IDENTIFIER), PsiElement(Py:LPAR)]\",\"text\":\"len(\",\"position\":[5842,5845]}]},{\"clone_length\":5,\"clones\":[{\"psi\":\"[PsiElement(Py:FOR_KEYWORD), PsiElement(Py:IDENTIFIER), PsiElement(Py:IN_KEYWORD), PsiElement(Py:IDENTIFIER), PsiElement(Py:LPAR)]\",\"text\":\"for i in range(\",\"position\":[3827,3841]},{\"psi\":\"[PsiElement(Py:FOR_KEYWORD), PsiElement(Py:IDENTIFIER), PsiElement(Py:IN_KEYWORD), PsiElement(Py:IDENTIFIER), PsiElement(Py:LPAR)]\",\"text\":\"for i in range(\",\"position\":[2608,2622]},{\"psi\":\"[PsiElement(Py:FOR_KEYWORD), PsiElement(Py:IDENTIFIER), PsiElement(Py:IN_KEYWORD), PsiElement(Py:IDENTIFIER), PsiElement(Py:LPAR)]\",\"text\":\"for i in range(\",\"position\":[9483,9497]}]},{\"clone_length\":9,\"clones\":[{\"psi\":\"[PsiElement(Py:IDENTIFIER), PsiElement(Py:IMPORT_KEYWORD), PsiElement(Py:IDENTIFIER), PsiElement(Py:IDENTIFIER), PsiElement(Py:EQ), PsiElement(Py:IDENTIFIER), PsiElement(Py:LPAR), PsiElement(Py:IDENTIFIER), PsiElement(Py:LPAR)]\",\"text\":\"tqdm import tqdm\\ntr \\u003d tqdm(range(\",\"position\":[4027,4059]},{\"psi\":\"[PsiElement(Py:IDENTIFIER), PsiElement(Py:IMPORT_KEYWORD), PsiElement(Py:IDENTIFIER), PsiElement(Py:IDENTIFIER), PsiElement(Py:EQ), PsiElement(Py:IDENTIFIER), PsiElement(Py:LPAR), PsiElement(Py:IDENTIFIER), PsiElement(Py:LPAR)]\",\"text\":\"tqdm import tqdm\\n\\ntr \\u003d tqdm(range(\",\"position\":[5996,6029]},{\"psi\":\"[PsiElement(Py:IDENTIFIER), PsiElement(Py:IMPORT_KEYWORD), PsiElement(Py:IDENTIFIER), PsiElement(Py:IDENTIFIER), PsiElement(Py:EQ), PsiElement(Py:IDENTIFIER), PsiElement(Py:LPAR), PsiElement(Py:IDENTIFIER), PsiElement(Py:LPAR)]\",\"text\":\"tqdm import tqdm\\n\\ntr \\u003d tqdm(range(\",\"position\":[6992,7025]},{\"psi\":\"[PsiElement(Py:IDENTIFIER), PsiElement(Py:IMPORT_KEYWORD), PsiElement(Py:IDENTIFIER), PsiElement(Py:IDENTIFIER), PsiElement(Py:EQ), PsiElement(Py:IDENTIFIER), PsiElement(Py:LPAR), PsiElement(Py:IDENTIFIER), PsiElement(Py:LPAR)]\",\"text\":\"tqdm import tqdm\\n\\ntr \\u003d tqdm(range(\",\"position\":[8369,8402]},{\"psi\":\"[PsiElement(Py:IDENTIFIER), PsiElement(Py:IMPORT_KEYWORD), PsiElement(Py:IDENTIFIER), PsiElement(Py:IDENTIFIER), PsiElement(Py:EQ), PsiElement(Py:IDENTIFIER), PsiElement(Py:LPAR), PsiElement(Py:IDENTIFIER), PsiElement(Py:LPAR)]\",\"text\":\"tqdm import tqdm\\n\\ntr \\u003d tqdm(range(\",\"position\":[10320,10353]}]},{\"clone_length\":10,\"clones\":[{\"psi\":\"[PsiElement(Py:IDENTIFIER), PsiElement(Py:EQ), PsiElement(Py:IDENTIFIER), PsiElement(Py:DOT), PsiElement(Py:IDENTIFIER), PsiElement(Py:DOT), PsiElement(Py:IDENTIFIER), PsiElement(Py:IDENTIFIER), PsiElement(Py:EQ), PsiElement(Py:IDENTIFIER)]\",\"text\":\"n_states \\u003d env.observation_space.n\\nn_actions \\u003d env\",\"position\":[1191,1238]},{\"psi\":\"[PsiElement(Py:IDENTIFIER), PsiElement(Py:EQ), PsiElement(Py:IDENTIFIER), PsiElement(Py:DOT), PsiElement(Py:IDENTIFIER), PsiElement(Py:DOT), PsiElement(Py:IDENTIFIER), PsiElement(Py:IDENTIFIER), PsiElement(Py:EQ), PsiElement(Py:IDENTIFIER)]\",\"text\":\"n_states \\u003d env.observation_space.n\\nn_actions \\u003d env\",\"position\":[7885,7932]},{\"psi\":\"[PsiElement(Py:IDENTIFIER), PsiElement(Py:EQ), PsiElement(Py:IDENTIFIER), PsiElement(Py:DOT), PsiElement(Py:IDENTIFIER), PsiElement(Py:DOT), PsiElement(Py:IDENTIFIER), PsiElement(Py:IDENTIFIER), PsiElement(Py:EQ), PsiElement(Py:IDENTIFIER)]\",\"text\":\"n_states \\u003d env.observation_space.n\\nn_actions \\u003d env\",\"position\":[9834,9881]}]},{\"clone_length\":3,\"clones\":[{\"psi\":\"[PsiElement(Py:IDENTIFIER), PsiElement(Py:LPAR), PsiElement(Py:INTEGER_LITERAL)]\",\"text\":\"range(10\",\"position\":[2914,2920]},{\"psi\":\"[PsiElement(Py:IDENTIFIER), PsiElement(Py:LPAR), PsiElement(Py:INTEGER_LITERAL)]\",\"text\":\"range(10\",\"position\":[1663,1669]},{\"psi\":\"[PsiElement(Py:IDENTIFIER), PsiElement(Py:LPAR), PsiElement(Py:INTEGER_LITERAL)]\",\"text\":\"range(10\",\"position\":[4940,4946]}]},{\"clone_length\":7,\"clones\":[{\"psi\":\"[PsiElement(Py:IDENTIFIER), PsiElement(Py:LPAR), PsiElement(Py:IDENTIFIER), PsiElement(Py:COMMA), PsiElement(Py:IDENTIFIER), PsiElement(Py:COMMA), PsiElement(Py:IDENTIFIER)]\",\"text\":\"sample_reward(env, policy, t_max\",\"position\":[2256,2283]},{\"psi\":\"[PsiElement(Py:IDENTIFIER), PsiElement(Py:LPAR), PsiElement(Py:IDENTIFIER), PsiElement(Py:COMMA), PsiElement(Py:IDENTIFIER), PsiElement(Py:COMMA), PsiElement(Py:IDENTIFIER)]\",\"text\":\"sample_reward(env, policy, t_max\",\"position\":[9131,9158]}]},{\"clone_length\":17,\"clones\":[{\"psi\":\"[PsiElement(Py:IDENTIFIER), PsiElement(Py:LPAR), PsiElement(Py:IDENTIFIER), PsiElement(Py:COMMA), PsiElement(Py:IDENTIFIER), PsiElement(Py:COMMA), PsiElement(Py:IDENTIFIER), PsiElement(Py:EQ), PsiElement(Py:FLOAT_LITERAL), PsiElement(Py:COMMA), PsiElement(Py:IDENTIFIER), PsiElement(Py:EQ), PsiElement(Py:FALSE_KEYWORD), PsiElement(Py:RPAR), PsiElement(Py:COLON), PsiElement(Py:IF_KEYWORD), PsiElement(Py:IDENTIFIER)]\",\"text\":\"crossover(policy1, policy2, p\\u003d0.5, prioritize\\u003dFalse):\\n    \\\"\\\"\\\"\\n    for each state, with probability p take action from policy1, else policy2\\n    \\\"\\\"\\\"\\n    if prioritize\",\"position\":[4306,4461]},{\"psi\":\"[PsiElement(Py:IDENTIFIER), PsiElement(Py:LPAR), PsiElement(Py:IDENTIFIER), PsiElement(Py:COMMA), PsiElement(Py:IDENTIFIER), PsiElement(Py:COMMA), PsiElement(Py:IDENTIFIER), PsiElement(Py:EQ), PsiElement(Py:FLOAT_LITERAL), PsiElement(Py:COMMA), PsiElement(Py:IDENTIFIER), PsiElement(Py:EQ), PsiElement(Py:FALSE_KEYWORD), PsiElement(Py:RPAR), PsiElement(Py:COLON), PsiElement(Py:IF_KEYWORD), PsiElement(Py:IDENTIFIER)]\",\"text\":\"crossover(policy1, policy2, p\\u003d0.5, prioritize\\u003dFalse):\\n    \\\"\\\"\\\"\\n    for each state, with probability p take action from policy1, else policy2\\n    \\\"\\\"\\\"\\n    if prioritize\",\"position\":[6702,6857]}]},{\"clone_length\":51,\"clones\":[{\"psi\":\"[PsiElement(Py:IDENTIFIER), PsiElement(Py:LPAR), PsiElement(Py:RPAR), PsiElement(Py:FOR_KEYWORD), PsiElement(Py:IDENTIFIER), PsiElement(Py:IN_KEYWORD), PsiElement(Py:IDENTIFIER), PsiElement(Py:LPAR), PsiElement(Py:INTEGER_LITERAL), PsiElement(Py:EXP), PsiElement(Py:INTEGER_LITERAL), PsiElement(Py:RPAR), PsiElement(Py:RBRACKET), PsiElement(Py:ASSERT_KEYWORD), PsiElement(Py:IDENTIFIER), PsiElement(Py:LPAR), PsiElement(Py:LBRACKET), PsiElement(Py:IDENTIFIER), PsiElement(Py:LPAR), PsiElement(Py:IDENTIFIER), PsiElement(Py:RPAR), PsiElement(Py:EQEQ), PsiElement(Py:IDENTIFIER), PsiElement(Py:FOR_KEYWORD), PsiElement(Py:IDENTIFIER), PsiElement(Py:IN_KEYWORD), PsiElement(Py:IDENTIFIER), PsiElement(Py:RBRACKET), PsiElement(Py:RPAR), PsiElement(Py:COMMA), PsiElement(Py:ASSERT_KEYWORD), PsiElement(Py:IDENTIFIER), PsiElement(Py:DOT), PsiElement(Py:IDENTIFIER), PsiElement(Py:LPAR), PsiElement(Py:IDENTIFIER), PsiElement(Py:RPAR), PsiElement(Py:EQEQ), PsiElement(Py:INTEGER_LITERAL), PsiElement(Py:COMMA), PsiElement(Py:ASSERT_KEYWORD), PsiElement(Py:IDENTIFIER), PsiElement(Py:DOT), PsiElement(Py:IDENTIFIER), PsiElement(Py:LPAR), PsiElement(Py:IDENTIFIER), PsiElement(Py:RPAR), PsiElement(Py:EQEQ), PsiElement(Py:IDENTIFIER), PsiElement(Py:MINUS), PsiElement(Py:INTEGER_LITERAL)]\",\"text\":\"get_random_policy() for i in range(10**4)]\\nassert all([len(p) \\u003d\\u003d n_states for p in policies]), \\u0027policy length should always be 16\\u0027\\nassert np.min(policies) \\u003d\\u003d 0, \\u0027minimal action id should be 0\\u0027\\nassert np.max(policies) \\u003d\\u003d n_actions-1\",\"position\":[1634,1864]},{\"psi\":\"[PsiElement(Py:IDENTIFIER), PsiElement(Py:LPAR), PsiElement(Py:RPAR), PsiElement(Py:RPAR), PsiElement(Py:FOR_KEYWORD), PsiElement(Py:IDENTIFIER), PsiElement(Py:IN_KEYWORD), PsiElement(Py:IDENTIFIER), PsiElement(Py:LPAR), PsiElement(Py:INTEGER_LITERAL), PsiElement(Py:EXP), PsiElement(Py:INTEGER_LITERAL), PsiElement(Py:RPAR), PsiElement(Py:RBRACKET), PsiElement(Py:ASSERT_KEYWORD), PsiElement(Py:IDENTIFIER), PsiElement(Py:LPAR), PsiElement(Py:LBRACKET), PsiElement(Py:IDENTIFIER), PsiElement(Py:LPAR), PsiElement(Py:IDENTIFIER), PsiElement(Py:RPAR), PsiElement(Py:EQEQ), PsiElement(Py:IDENTIFIER), PsiElement(Py:FOR_KEYWORD), PsiElement(Py:IDENTIFIER), PsiElement(Py:IN_KEYWORD), PsiElement(Py:IDENTIFIER), PsiElement(Py:RBRACKET), PsiElement(Py:RPAR), PsiElement(Py:COMMA), PsiElement(Py:ASSERT_KEYWORD), PsiElement(Py:IDENTIFIER), PsiElement(Py:DOT), PsiElement(Py:IDENTIFIER), PsiElement(Py:LPAR), PsiElement(Py:IDENTIFIER), PsiElement(Py:RPAR), PsiElement(Py:EQEQ), PsiElement(Py:INTEGER_LITERAL), PsiElement(Py:COMMA), PsiElement(Py:ASSERT_KEYWORD), PsiElement(Py:IDENTIFIER), PsiElement(Py:DOT), PsiElement(Py:IDENTIFIER), PsiElement(Py:LPAR), PsiElement(Py:IDENTIFIER), PsiElement(Py:RPAR), PsiElement(Py:EQEQ), PsiElement(Py:IDENTIFIER), PsiElement(Py:MINUS), PsiElement(Py:INTEGER_LITERAL)]\",\"text\":\"get_random_policy()) \\n    for i in range(10**4)]\\n\\nassert all([len(p) \\u003d\\u003d n_states for p in policies]), \\u0027policy length should always be 16\\u0027\\nassert np.min(policies) \\u003d\\u003d 0, \\u0027minimal action id should be 0\\u0027\\nassert np.max(policies) \\u003d\\u003d n_actions-1\",\"position\":[4905,5142]}]},{\"clone_length\":9,\"clones\":[{\"psi\":\"[PsiElement(Py:IDENTIFIER), PsiElement(Py:LPAR), PsiElement(Py:RPAR), PsiElement(Py:RPAR), PsiElement(Py:FOR_KEYWORD), PsiElement(Py:IDENTIFIER), PsiElement(Py:IN_KEYWORD), PsiElement(Py:IDENTIFIER), PsiElement(Py:LPAR)]\",\"text\":\"get_random_policy()) for _ in range(\",\"position\":[2884,2919]},{\"psi\":\"[PsiElement(Py:IDENTIFIER), PsiElement(Py:LPAR), PsiElement(Py:RPAR), PsiElement(Py:FOR_KEYWORD), PsiElement(Py:IDENTIFIER), PsiElement(Py:IN_KEYWORD), PsiElement(Py:IDENTIFIER), PsiElement(Py:LPAR)]\",\"text\":\"get_random_policy() for _ in range(\",\"position\":[5675,5709]},{\"psi\":\"[PsiElement(Py:IDENTIFIER), PsiElement(Py:LPAR), PsiElement(Py:RPAR), PsiElement(Py:FOR_KEYWORD), PsiElement(Py:IDENTIFIER), PsiElement(Py:IN_KEYWORD), PsiElement(Py:IDENTIFIER), PsiElement(Py:LPAR)]\",\"text\":\"get_random_policy() for _ in range(\",\"position\":[8238,8272]},{\"psi\":\"[PsiElement(Py:IDENTIFIER), PsiElement(Py:LPAR), PsiElement(Py:RPAR), PsiElement(Py:FOR_KEYWORD), PsiElement(Py:IDENTIFIER), PsiElement(Py:IN_KEYWORD), PsiElement(Py:IDENTIFIER), PsiElement(Py:LPAR)]\",\"text\":\"get_random_policy() for _ in range(\",\"position\":[10189,10223]}]}]}","initial_tree_length":1452,"project_name":"b5b0e8fc6ceef25a1fe42b5285bc23a3d8a388ad","file_name":"b5b0e8fc6ceef25a1fe42b5285bc23a3d8a388ad.ipynb.py"}