{"3":"{\"totalGroups\":14,\"totalClones\":30,\"groups\":[{\"clone_length\":2,\"clones\":[{\"psi\":\"[PsiElement(Py:LPAR), PsiElement(Py:IDENTIFIER)]\",\"text\":\"(x\",\"position\":[417,418]},{\"psi\":\"[PsiElement(Py:LPAR), PsiElement(Py:IDENTIFIER)]\",\"text\":\"(x\",\"position\":[470,471]}]},{\"clone_length\":2,\"clones\":[{\"psi\":\"[PsiElement(Py:IDENTIFIER), PsiElement(Py:LPAR)]\",\"text\":\"imsave(\",\"position\":[1632,1638]},{\"psi\":\"[PsiElement(Py:IDENTIFIER), PsiElement(Py:LPAR)]\",\"text\":\"imsave(\",\"position\":[1718,1724]}]},{\"clone_length\":3,\"clones\":[{\"psi\":\"[PsiElement(Py:IDENTIFIER), PsiElement(Py:DIV), PsiElement(Py:IDENTIFIER)]\",\"text\":\"image_ws / image_ws\",\"position\":[1341,1352]},{\"psi\":\"[PsiElement(Py:IDENTIFIER), PsiElement(Py:DIV), PsiElement(Py:IDENTIFIER)]\",\"text\":\"image_ws / image_ws\",\"position\":[1341,1352]}]},{\"clone_length\":3,\"clones\":[{\"psi\":\"[PsiElement(Py:IDENTIFIER), PsiElement(Py:LPAR), PsiElement(Py:MINUS)]\",\"text\":\"watershed(-\",\"position\":[924,934]},{\"psi\":\"[PsiElement(Py:IDENTIFIER), PsiElement(Py:LPAR), PsiElement(Py:MINUS)]\",\"text\":\"watershed(-\",\"position\":[1186,1196]}]},{\"clone_length\":4,\"clones\":[{\"psi\":\"[PsiElement(Py:INTEGER_LITERAL), PsiElement(Py:PLUS), PsiElement(Py:LPAR), PsiElement(Py:IDENTIFIER)]\",\"text\":\"2 + (y\",\"position\":[427,432]},{\"psi\":\"[PsiElement(Py:INTEGER_LITERAL), PsiElement(Py:PLUS), PsiElement(Py:LPAR), PsiElement(Py:IDENTIFIER)]\",\"text\":\"2 + (y\",\"position\":[480,485]}]},{\"clone_length\":1,\"clones\":[{\"psi\":\"[PsiElement(Py:IDENTIFIER)]\",\"text\":\"run\",\"position\":[1,1]},{\"psi\":\"[PsiElement(Py:IDENTIFIER)]\",\"text\":\"run\",\"position\":[1,1]}]},{\"clone_length\":4,\"clones\":[{\"psi\":\"[PsiElement(Py:IDENTIFIER), PsiElement(Py:DOT), PsiElement(Py:IDENTIFIER), PsiElement(Py:LPAR)]\",\"text\":\"np.logical_or(\",\"position\":[516,529]},{\"psi\":\"[PsiElement(Py:IDENTIFIER), PsiElement(Py:DOT), PsiElement(Py:IDENTIFIER), PsiElement(Py:LPAR)]\",\"text\":\"np.indices(\",\"position\":[321,331]},{\"psi\":\"[PsiElement(Py:IDENTIFIER), PsiElement(Py:DOT), PsiElement(Py:IDENTIFIER), PsiElement(Py:LPAR)]\",\"text\":\"np.ones(\",\"position\":[846,853]}]},{\"clone_length\":5,\"clones\":[{\"psi\":\"[PsiElement(Py:IDENTIFIER), PsiElement(Py:DOT), PsiElement(Py:IDENTIFIER), PsiElement(Py:LPAR), PsiElement(Py:LPAR)]\",\"text\":\"np.indices((\",\"position\":[321,332]},{\"psi\":\"[PsiElement(Py:IDENTIFIER), PsiElement(Py:DOT), PsiElement(Py:IDENTIFIER), PsiElement(Py:LPAR), PsiElement(Py:LPAR)]\",\"text\":\"np.ones((\",\"position\":[846,854]}]},{\"clone_length\":6,\"clones\":[{\"psi\":\"[PsiElement(Py:GTGT), PsiElement(Py:GT), PsiElement(Py:GTGT), PsiElement(Py:GT), PsiElement(Py:GTGT), PsiElement(Py:GT)]\",\"text\":\"\\u003e\\u003e\\u003e\\n\\u003e\\u003e\\u003e # Generate an initial image with two overlapping circles\\n\\u003e\\u003e\\u003e\",\"position\":[245,312]},{\"psi\":\"[PsiElement(Py:GTGT), PsiElement(Py:GT), PsiElement(Py:GTGT), PsiElement(Py:GT), PsiElement(Py:GTGT), PsiElement(Py:GT)]\",\"text\":\"\\u003e\\u003e\\u003e # Now we want to separate the two objects in image\\n\\u003e\\u003e\\u003e # Generate the markers as local maxima of the distance\\n\\u003e\\u003e\\u003e\",\"position\":[558,674]},{\"psi\":\"[PsiElement(Py:GTGT), PsiElement(Py:GT), PsiElement(Py:GTGT), PsiElement(Py:GT), PsiElement(Py:GTGT), PsiElement(Py:GT)]\",\"text\":\"\\u003e\\u003e\\u003e # Generate the markers as local maxima of the distance\\n\\u003e\\u003e\\u003e # to the background\\n\\u003e\\u003e\\u003e\",\"position\":[613,698]}]},{\"clone_length\":2,\"clones\":[{\"psi\":\"[PsiElement(Py:IDENTIFIER), PsiElement(Py:LPAR)]\",\"text\":\"Image(\",\"position\":[1670,1675]},{\"psi\":\"[PsiElement(Py:IDENTIFIER), PsiElement(Py:LPAR)]\",\"text\":\"Image(\",\"position\":[1764,1769]}]},{\"clone_length\":4,\"clones\":[{\"psi\":\"[PsiElement(Py:IDENTIFIER), PsiElement(Py:EQ), PsiElement(Py:IDENTIFIER), PsiElement(Py:LPAR)]\",\"text\":\"markers \\u003d label(\",\"position\":[880,895]},{\"psi\":\"[PsiElement(Py:IDENTIFIER), PsiElement(Py:EQ), PsiElement(Py:IDENTIFIER), PsiElement(Py:LPAR)]\",\"text\":\"markers \\u003d label(\",\"position\":[1148,1163]}]},{\"clone_length\":3,\"clones\":[{\"psi\":\"[PsiElement(Py:IDENTIFIER), PsiElement(Py:EQ), PsiElement(Py:IDENTIFIER)]\",\"text\":\"image_ws_rgb \\u003d image_ws_rgb\",\"position\":[1475,1490]},{\"psi\":\"[PsiElement(Py:IDENTIFIER), PsiElement(Py:EQ), PsiElement(Py:IDENTIFIER)]\",\"text\":\"image_ws_rgb \\u003d image_ws_rgb\",\"position\":[1475,1490]}]},{\"clone_length\":7,\"clones\":[{\"psi\":\"[PsiElement(Py:IDENTIFIER), PsiElement(Py:EQ), PsiElement(Py:IDENTIFIER), PsiElement(Py:DOT), PsiElement(Py:IDENTIFIER), PsiElement(Py:LPAR), PsiElement(Py:IDENTIFIER)]\",\"text\":\"image_ws_rgb \\u003d image_ws_rgb.astype(np\",\"position\":[1375,1410]},{\"psi\":\"[PsiElement(Py:IDENTIFIER), PsiElement(Py:DOT), PsiElement(Py:IDENTIFIER), PsiElement(Py:LPAR), PsiElement(Py:IDENTIFIER)]\",\"text\":\"image_ws_rgb.view(np\",\"position\":[1490,1508]}]},{\"clone_length\":9,\"clones\":[{\"psi\":\"[PsiElement(Py:IDENTIFIER), PsiElement(Py:DOT), PsiElement(Py:IDENTIFIER), PsiElement(Py:IMPORT_KEYWORD), PsiElement(Py:IDENTIFIER), PsiElement(Py:GTGT), PsiElement(Py:GT), PsiElement(Py:FROM_KEYWORD), PsiElement(Py:IDENTIFIER)]\",\"text\":\"skimage.morphology import watershed\\n# [___CELL_SEPARATOR___]\\n\\u003e\\u003e\\u003e from skimage\",\"position\":[54,124]},{\"psi\":\"[PsiElement(Py:IDENTIFIER), PsiElement(Py:DOT), PsiElement(Py:IDENTIFIER), PsiElement(Py:IMPORT_KEYWORD), PsiElement(Py:IDENTIFIER), PsiElement(Py:GTGT), PsiElement(Py:GT), PsiElement(Py:FROM_KEYWORD), PsiElement(Py:IDENTIFIER)]\",\"text\":\"skimage.morphology import watershed\\n\\u003e\\u003e\\u003e from skimage\",\"position\":[124,169]}]}]}","initial_tree_length":432,"project_name":"b977fdc5f5b69d556056f0857330bec6d20b7876","file_name":"b977fdc5f5b69d556056f0857330bec6d20b7876.ipynb.py"}