{"3":"{\"totalGroups\":32,\"totalClones\":119,\"groups\":[{\"clone_length\":4,\"clones\":[{\"psi\":\"[PsiElement(Py:IDENTIFIER), PsiElement(Py:DOT), PsiElement(Py:IDENTIFIER), PsiElement(Py:LPAR)]\",\"text\":\"re.findall(r\\\"\\\\b\\\\w+\\\\b\\\"\",\"position\":[6564,6574]},{\"psi\":\"[PsiElement(Py:IDENTIFIER), PsiElement(Py:DOT), PsiElement(Py:IDENTIFIER), PsiElement(Py:LPAR)]\",\"text\":\"re.findall(r\\\"\\\\b\\\\w+\\\\b\\\"\",\"position\":[8671,8681]}]},{\"clone_length\":4,\"clones\":[{\"psi\":\"[PsiElement(Py:IDENTIFIER), PsiElement(Py:DOT), PsiElement(Py:IDENTIFIER), PsiElement(Py:LPAR)]\",\"text\":\"re.findall(r\\\"(\\\\w)\\\\1\\\"\",\"position\":[7022,7032]},{\"psi\":\"[PsiElement(Py:IDENTIFIER), PsiElement(Py:DOT), PsiElement(Py:IDENTIFIER), PsiElement(Py:LPAR)]\",\"text\":\"re.sub(r\\\"(\\\\w)\\\\1\\\"\",\"position\":[7235,7241]}]},{\"clone_length\":4,\"clones\":[{\"psi\":\"[PsiElement(Py:IDENTIFIER), PsiElement(Py:DOT), PsiElement(Py:IDENTIFIER), PsiElement(Py:LPAR)]\",\"text\":\"re.search(r\\\"(\\\\w)(\\\\w+)(\\\\w)\\\"\",\"position\":[7317,7326]},{\"psi\":\"[PsiElement(Py:IDENTIFIER), PsiElement(Py:DOT), PsiElement(Py:IDENTIFIER), PsiElement(Py:LPAR)]\",\"text\":\"re.sub(r\\\"(\\\\w)(\\\\w+)(\\\\w)\\\"\",\"position\":[7955,7961]}]},{\"clone_length\":8,\"clones\":[{\"psi\":\"[PsiElement(Py:IDENTIFIER), PsiElement(Py:DOT), PsiElement(Py:IDENTIFIER), PsiElement(Py:LPAR), PsiElement(Py:COMMA), PsiElement(Py:IDENTIFIER), PsiElement(Py:COMMA), PsiElement(Py:IDENTIFIER)]\",\"text\":\"re.findall(r\\\"^.+$\\\", text, re\",\"position\":[4142,4168]},{\"psi\":\"[PsiElement(Py:IDENTIFIER), PsiElement(Py:DOT), PsiElement(Py:IDENTIFIER), PsiElement(Py:LPAR), PsiElement(Py:COMMA), PsiElement(Py:IDENTIFIER), PsiElement(Py:COMMA), PsiElement(Py:IDENTIFIER)]\",\"text\":\"re.findall(r\\\"^.+$\\\", text, re\",\"position\":[5138,5164]}]},{\"clone_length\":4,\"clones\":[{\"psi\":\"[PsiElement(Py:IDENTIFIER), PsiElement(Py:DOT), PsiElement(Py:IDENTIFIER), PsiElement(Py:LPAR)]\",\"text\":\"re.findall(r\\\"\\\\b\\\\w*ü\\\\w\\\\b\\\"\",\"position\":[2612,2622]},{\"psi\":\"[PsiElement(Py:IDENTIFIER), PsiElement(Py:DOT), PsiElement(Py:IDENTIFIER), PsiElement(Py:LPAR)]\",\"text\":\"re.sub(r\\\"\\\\b\\\\w*ü\\\\w\\\\b\\\"\",\"position\":[2928,2934]}]},{\"clone_length\":6,\"clones\":[{\"psi\":\"[PsiElement(Py:IDENTIFIER), PsiElement(Py:DOT), PsiElement(Py:IDENTIFIER), PsiElement(Py:LPAR), PsiElement(Py:COMMA), PsiElement(Py:IDENTIFIER)]\",\"text\":\"re.findall(r\\\"\\\\b[iu]\\\\b\\\", text\",\"position\":[1726,1750]},{\"psi\":\"[PsiElement(Py:IDENTIFIER), PsiElement(Py:DOT), PsiElement(Py:IDENTIFIER), PsiElement(Py:LPAR), PsiElement(Py:COMMA), PsiElement(Py:IDENTIFIER)]\",\"text\":\"re.split(r\\\"\\\\b[iu]\\\\b\\\", text\",\"position\":[1947,1969]}]},{\"clone_length\":5,\"clones\":[{\"psi\":\"[PsiElement(Py:IDENTIFIER), PsiElement(Py:DOT), PsiElement(Py:IDENTIFIER), PsiElement(Py:RPAR), PsiElement(Py:IDENTIFIER)]\",\"text\":\"re.IGNORECASE)\\n# [___CELL_SEPARATOR___]\\n# Erstelle eine Liste aller Zeilen im Text\\nre\",\"position\":[4059,4142]},{\"psi\":\"[PsiElement(Py:IDENTIFIER)]\",\"text\":\"re\",\"position\":[5002,5002]},{\"psi\":\"[PsiElement(Py:IDENTIFIER), PsiElement(Py:DOT), PsiElement(Py:IDENTIFIER), PsiElement(Py:RPAR), PsiElement(Py:IDENTIFIER)]\",\"text\":\"re.IGNORECASE)\\n# [___CELL_SEPARATOR___]\\n# Finde alle Wörter, die ein b enthalten, unabhängig von Gross-/Kleinschreibung\\nre\",\"position\":[3910,4030]},{\"psi\":\"[PsiElement(Py:IDENTIFIER), PsiElement(Py:DOT), PsiElement(Py:IDENTIFIER), PsiElement(Py:RPAR), PsiElement(Py:IDENTIFIER)]\",\"text\":\"re.MULTILINE)\\n# [___CELL_SEPARATOR___]\\n# eine Liste aller Wörter, die mit Grossbuchstaben beginnen\\nre\",\"position\":[4168,4267]},{\"psi\":\"[PsiElement(Py:IDENTIFIER), PsiElement(Py:DOT), PsiElement(Py:IDENTIFIER), PsiElement(Py:RPAR), PsiElement(Py:IDENTIFIER)]\",\"text\":\"re.MULTILINE)\\n# [___CELL_SEPARATOR___]\\nre\",\"position\":[1516,1555]},{\"psi\":\"[PsiElement(Py:IDENTIFIER), PsiElement(Py:DOT), PsiElement(Py:IDENTIFIER), PsiElement(Py:RPAR), PsiElement(Py:IDENTIFIER)]\",\"text\":\"re.IGNORECASE)\\n# [___CELL_SEPARATOR___]\\n# Erstelle eine Liste aller Zeilen im Text\\nre\",\"position\":[4059,4142]},{\"psi\":\"[PsiElement(Py:IDENTIFIER)]\",\"text\":\"re\",\"position\":[5002,5002]},{\"psi\":\"[PsiElement(Py:IDENTIFIER), PsiElement(Py:DOT), PsiElement(Py:IDENTIFIER), PsiElement(Py:RPAR), PsiElement(Py:IDENTIFIER)]\",\"text\":\"re.IGNORECASE)\\n# [___CELL_SEPARATOR___]\\n# Finde alle Wörter, die ein b enthalten, unabhängig von Gross-/Kleinschreibung\\nre\",\"position\":[3910,4030]},{\"psi\":\"[PsiElement(Py:IDENTIFIER), PsiElement(Py:DOT), PsiElement(Py:IDENTIFIER), PsiElement(Py:RPAR), PsiElement(Py:IDENTIFIER)]\",\"text\":\"re.MULTILINE)\\n# [___CELL_SEPARATOR___]\\n# eine Liste aller Wörter, die mit Grossbuchstaben beginnen\\nre\",\"position\":[4168,4267]},{\"psi\":\"[PsiElement(Py:IDENTIFIER), PsiElement(Py:DOT), PsiElement(Py:IDENTIFIER), PsiElement(Py:RPAR), PsiElement(Py:IDENTIFIER)]\",\"text\":\"re.MULTILINE)\\n# [___CELL_SEPARATOR___]\\nre\",\"position\":[1516,1555]}]},{\"clone_length\":2,\"clones\":[{\"psi\":\"[PsiElement(Py:IDENTIFIER), PsiElement(Py:IDENTIFIER)]\",\"text\":\"resultat \\n# [___CELL_SEPARATOR___]\\nresultat\",\"position\":[1219,1254]},{\"psi\":\"[PsiElement(Py:IDENTIFIER), PsiElement(Py:IDENTIFIER)]\",\"text\":\"resultat \\n# [___CELL_SEPARATOR___]\\nresultat\",\"position\":[1219,1254]}]},{\"clone_length\":9,\"clones\":[{\"psi\":\"[PsiElement(Py:IDENTIFIER), PsiElement(Py:DOT), PsiElement(Py:IDENTIFIER), PsiElement(Py:LPAR), PsiElement(Py:RPAR), PsiElement(Py:IDENTIFIER), PsiElement(Py:DOT), PsiElement(Py:IDENTIFIER), PsiElement(Py:LPAR)]\",\"text\":\"resultat.group() #Der gefundene String\\n# [___CELL_SEPARATOR___]\\nresultat.start(\",\"position\":[1254,1332]},{\"psi\":\"[PsiElement(Py:IDENTIFIER), PsiElement(Py:DOT), PsiElement(Py:IDENTIFIER), PsiElement(Py:LPAR), PsiElement(Py:RPAR), PsiElement(Py:IDENTIFIER), PsiElement(Py:DOT), PsiElement(Py:IDENTIFIER), PsiElement(Py:LPAR)]\",\"text\":\"resultat.start() #die Startposition des gefundenen Strings\\n# [___CELL_SEPARATOR___]\\nresultat.end(\",\"position\":[1318,1414]}]},{\"clone_length\":8,\"clones\":[{\"psi\":\"[PsiElement(Py:IDENTIFIER), PsiElement(Py:RPAR), PsiElement(Py:IDENTIFIER), PsiElement(Py:EQ), PsiElement(Py:IDENTIFIER), PsiElement(Py:DOT), PsiElement(Py:IDENTIFIER), PsiElement(Py:LPAR)]\",\"text\":\"neuer_text) #Ersetzt alle u durch i\\nneuer_text \\u003d re.sub(\",\"position\":[2313,2368]},{\"psi\":\"[PsiElement(Py:IDENTIFIER), PsiElement(Py:RPAR), PsiElement(Py:IDENTIFIER), PsiElement(Py:EQ), PsiElement(Py:IDENTIFIER), PsiElement(Py:DOT), PsiElement(Py:IDENTIFIER), PsiElement(Py:LPAR)]\",\"text\":\"neuer_text) #Grossbuchstaben separat\\n\\nneuer_text \\u003d re.sub(\",\"position\":[2384,2441]},{\"psi\":\"[PsiElement(Py:IDENTIFIER), PsiElement(Py:RPAR), PsiElement(Py:IDENTIFIER), PsiElement(Py:EQ), PsiElement(Py:IDENTIFIER), PsiElement(Py:DOT), PsiElement(Py:IDENTIFIER), PsiElement(Py:LPAR)]\",\"text\":\"neuer_text) #Ersetzt alle çu durch i\\nneuer_text \\u003d re.sub(\",\"position\":[2458,2514]},{\"psi\":\"[PsiElement(Py:IDENTIFIER), PsiElement(Py:RPAR), PsiElement(Py:IDENTIFIER), PsiElement(Py:EQ), PsiElement(Py:IDENTIFIER), PsiElement(Py:DOT), PsiElement(Py:IDENTIFIER), PsiElement(Py:LPAR)]\",\"text\":\"neuer_text) #Grossbuchstaben separat\\n\\nneuer_text \\u003d re.sub(\",\"position\":[2240,2297]}]},{\"clone_length\":3,\"clones\":[{\"psi\":\"[PsiElement(Py:IDENTIFIER), PsiElement(Py:EQ), PsiElement(Py:IDENTIFIER)]\",\"text\":\"neuer_text \\u003d re\",\"position\":[2137,2150]},{\"psi\":\"[PsiElement(Py:IDENTIFIER), PsiElement(Py:EQ), PsiElement(Py:IDENTIFIER)]\",\"text\":\"neuer_text \\u003d re\",\"position\":[2204,2217]},{\"psi\":\"[PsiElement(Py:IDENTIFIER), PsiElement(Py:EQ), PsiElement(Py:IDENTIFIER)]\",\"text\":\"neuer_text \\u003d re\",\"position\":[2422,2435]},{\"psi\":\"[PsiElement(Py:IDENTIFIER), PsiElement(Py:EQ), PsiElement(Py:IDENTIFIER)]\",\"text\":\"neuer_text \\u003d re\",\"position\":[2495,2508]},{\"psi\":\"[PsiElement(Py:IDENTIFIER), PsiElement(Py:EQ), PsiElement(Py:IDENTIFIER)]\",\"text\":\"neuer_text \\u003d re\",\"position\":[2349,2362]},{\"psi\":\"[PsiElement(Py:IDENTIFIER), PsiElement(Py:EQ), PsiElement(Py:IDENTIFIER)]\",\"text\":\"neuer_text \\u003d re\",\"position\":[2278,2291]},{\"psi\":\"[PsiElement(Py:IDENTIFIER), PsiElement(Py:EQ), PsiElement(Py:IDENTIFIER)]\",\"text\":\"neuer_text \\u003d re\",\"position\":[2915,2928]},{\"psi\":\"[PsiElement(Py:IDENTIFIER), PsiElement(Py:RPAR), PsiElement(Py:IDENTIFIER)]\",\"text\":\"neuer_text)\\n# [___CELL_SEPARATOR___]\\nre\",\"position\":[2575,2612]},{\"psi\":\"[PsiElement(Py:IDENTIFIER), PsiElement(Py:RPAR), PsiElement(Py:IDENTIFIER)]\",\"text\":\"neuer_text)\\n# [___CELL_SEPARATOR___]\\nre\",\"position\":[3041,3078]}]},{\"clone_length\":3,\"clones\":[{\"psi\":\"[PsiElement(Py:IDENTIFIER), PsiElement(Py:EQ), PsiElement(Py:IDENTIFIER)]\",\"text\":\"buchstaben \\u003d re\",\"position\":[6833,6846]},{\"psi\":\"[PsiElement(Py:IDENTIFIER), PsiElement(Py:DOT), PsiElement(Py:IDENTIFIER), PsiElement(Py:RPAR), PsiElement(Py:IDENTIFIER)]\",\"text\":\"buchstaben.count)\\n# [___CELL_SEPARATOR___]\\n# Liste aller Buchstaben, die nochmals vom selben Buchstaben gefolgt werden\\nre\",\"position\":[6903,7022]}]},{\"clone_length\":3,\"clones\":[{\"psi\":\"[PsiElement(Py:LPAR), PsiElement(Py:RPAR), PsiElement(Py:IDENTIFIER)]\",\"text\":\"() #die Endposition des gefundenen Strings\\n# [___CELL_SEPARATOR___]\\nre\",\"position\":[1414,1482]},{\"psi\":\"[PsiElement(Py:LPAR), PsiElement(Py:IDENTIFIER)]\",\"text\":\"(re\",\"position\":[5679,5680]},{\"psi\":\"[PsiElement(Py:LPAR), PsiElement(Py:IDENTIFIER)]\",\"text\":\"(re\",\"position\":[5358,5359]},{\"psi\":\"[PsiElement(Py:LPAR), PsiElement(Py:IDENTIFIER)]\",\"text\":\"(re\",\"position\":[6319,6320]},{\"psi\":\"[PsiElement(Py:LPAR), PsiElement(Py:IDENTIFIER)]\",\"text\":\"(re\",\"position\":[7234,7235]},{\"psi\":\"[PsiElement(Py:LPAR), PsiElement(Py:IDENTIFIER)]\",\"text\":\"(re\",\"position\":[7954,7955]},{\"psi\":\"[PsiElement(Py:LPAR), PsiElement(Py:IDENTIFIER)]\",\"text\":\"(re\",\"position\":[5137,5138]},{\"psi\":\"[PsiElement(Py:LPAR), PsiElement(Py:IDENTIFIER)]\",\"text\":\"(re\",\"position\":[4756,4757]},{\"psi\":\"[PsiElement(Py:LPAR), PsiElement(Py:IDENTIFIER)]\",\"text\":\"(re\",\"position\":[5507,5508]},{\"psi\":\"[PsiElement(Py:LPAR), PsiElement(Py:IDENTIFIER)]\",\"text\":\"(re\",\"position\":[4709,4710]}]},{\"clone_length\":7,\"clones\":[{\"psi\":\"[PsiElement(Py:LPAR), PsiElement(Py:IDENTIFIER), PsiElement(Py:RPAR), PsiElement(Py:FOR_KEYWORD), PsiElement(Py:IDENTIFIER), PsiElement(Py:IN_KEYWORD), PsiElement(Py:IDENTIFIER)]\",\"text\":\"(word_line) for word_line in word_lines\",\"position\":[8727,8756]},{\"psi\":\"[PsiElement(Py:LPAR), PsiElement(Py:IDENTIFIER), PsiElement(Py:RPAR), PsiElement(Py:FOR_KEYWORD), PsiElement(Py:IDENTIFIER), PsiElement(Py:IN_KEYWORD), PsiElement(Py:IDENTIFIER)]\",\"text\":\"(word_line) for word_line in word_lines\",\"position\":[8785,8814]}]},{\"clone_length\":10,\"clones\":[{\"psi\":\"[PsiElement(Py:COMMA), PsiElement(Py:IDENTIFIER), PsiElement(Py:RPAR), PsiElement(Py:RPAR), PsiElement(Py:IDENTIFIER), PsiElement(Py:EQ), PsiElement(Py:IDENTIFIER), PsiElement(Py:DOT), PsiElement(Py:IDENTIFIER), PsiElement(Py:LPAR)]\",\"text\":\"\\\"\\\", text))\\n# [___CELL_SEPARATOR___]\\n# Entfernen Sie alle Wörter, die weniger als 4 Buchstaben lang sind, sowie alle Sonderzeichen aus dem Text\\n# Dann reduzieren Sie alle doppelten und dreifachen Leerschläge auf einen Leerschlag (die Strophen intakt lassen)\\n# Dann entfernen Sie alle Leerschläge am Anfang von Zeilen. (Achtung, hier braucht es flags\\u003dre.MULTILINE)\\n\\nnewtext \\u003d re.sub(\",\"position\":[5711,6089]},{\"psi\":\"[PsiElement(Py:COMMA), PsiElement(Py:IDENTIFIER), PsiElement(Py:RPAR), PsiElement(Py:IDENTIFIER), PsiElement(Py:EQ), PsiElement(Py:IDENTIFIER), PsiElement(Py:DOT), PsiElement(Py:IDENTIFIER), PsiElement(Py:LPAR)]\",\"text\":\"\\\"\\\", text)\\nnewtext \\u003d re.sub(\",\"position\":[6114,6138]}]},{\"clone_length\":3,\"clones\":[{\"psi\":\"[PsiElement(Py:IDENTIFIER), PsiElement(Py:COLON), PsiElement(Py:IDENTIFIER)]\",\"text\":\"m: m\",\"position\":[7260,7263]},{\"psi\":\"[PsiElement(Py:IDENTIFIER), PsiElement(Py:COLON), PsiElement(Py:IDENTIFIER)]\",\"text\":\"m: m\",\"position\":[7260,7263]}]},{\"clone_length\":3,\"clones\":[{\"psi\":\"[PsiElement(Py:DOT), PsiElement(Py:IDENTIFIER), PsiElement(Py:LPAR)]\",\"text\":\"\\\" \\\".join(\",\"position\":[8538,8543]},{\"psi\":\"[PsiElement(Py:DOT), PsiElement(Py:IDENTIFIER), PsiElement(Py:LPAR)]\",\"text\":\"\\\" \\\".join(\",\"position\":[8780,8785]}]},{\"clone_length\":6,\"clones\":[{\"psi\":\"[PsiElement(Py:IDENTIFIER), PsiElement(Py:LPAR), PsiElement(Py:IDENTIFIER), PsiElement(Py:DOT), PsiElement(Py:IDENTIFIER), PsiElement(Py:LPAR)]\",\"text\":\"len(re.findall(\",\"position\":[4706,4720]},{\"psi\":\"[PsiElement(Py:IDENTIFIER), PsiElement(Py:LPAR), PsiElement(Py:IDENTIFIER), PsiElement(Py:DOT), PsiElement(Py:IDENTIFIER), PsiElement(Py:LPAR)]\",\"text\":\"len(re.findall(\",\"position\":[4753,4767]}]},{\"clone_length\":2,\"clones\":[{\"psi\":\"[PsiElement(Py:IDENTIFIER), PsiElement(Py:LPAR)]\",\"text\":\"max(\",\"position\":[5269,5272]},{\"psi\":\"[PsiElement(Py:IDENTIFIER), PsiElement(Py:LPAR)]\",\"text\":\"max(\",\"position\":[6883,6886]}]},{\"clone_length\":5,\"clones\":[{\"psi\":\"[PsiElement(Py:IDENTIFIER), PsiElement(Py:LPAR), PsiElement(Py:IDENTIFIER), PsiElement(Py:LPAR), PsiElement(Py:IDENTIFIER)]\",\"text\":\"set(sorted(woerter\",\"position\":[6601,6612]},{\"psi\":\"[PsiElement(Py:IDENTIFIER), PsiElement(Py:LPAR), PsiElement(Py:IDENTIFIER), PsiElement(Py:LPAR), PsiElement(Py:IDENTIFIER)]\",\"text\":\"set(sorted(woerter\",\"position\":[6703,6714]}]},{\"clone_length\":4,\"clones\":[{\"psi\":\"[PsiElement(Py:IDENTIFIER), PsiElement(Py:DOT), PsiElement(Py:IDENTIFIER), PsiElement(Py:LPAR)]\",\"text\":\"text.lower(\",\"position\":[6587,6597]},{\"psi\":\"[PsiElement(Py:IDENTIFIER), PsiElement(Py:DOT), PsiElement(Py:IDENTIFIER), PsiElement(Py:LPAR)]\",\"text\":\"text.lower(\",\"position\":[6869,6879]}]},{\"clone_length\":3,\"clones\":[{\"psi\":\"[PsiElement(Py:IDENTIFIER), PsiElement(Py:RPAR), PsiElement(Py:IDENTIFIER)]\",\"text\":\"text) #Lookahead\\n# [___CELL_SEPARATOR___]\\nre\",\"position\":[3599,3641]},{\"psi\":\"[PsiElement(Py:IDENTIFIER), PsiElement(Py:RPAR), PsiElement(Py:IDENTIFIER)]\",\"text\":\"text) #Nun suchen wir alle Wörter, die zwei ss drin haben plus das nächste Wort\\n# [___CELL_SEPARATOR___]\\nre\",\"position\":[3238,3343]},{\"psi\":\"[PsiElement(Py:IDENTIFIER), PsiElement(Py:RPAR), PsiElement(Py:IDENTIFIER)]\",\"text\":\"text) #Jetzt wollen wir nur das nächste Wort einfangen\\n# [___CELL_SEPARATOR___]\\nre\",\"position\":[3377,3457]},{\"psi\":\"[PsiElement(Py:IDENTIFIER), PsiElement(Py:RPAR), PsiElement(Py:IDENTIFIER)]\",\"text\":\"text)\\n# [___CELL_SEPARATOR___]\\n# Finde alle Wörter, die mit b beginnen, unabhängig von Gross-/Kleinschreibung\\nre\",\"position\":[3772,3882]},{\"psi\":\"[PsiElement(Py:IDENTIFIER), PsiElement(Py:RPAR), PsiElement(Py:IDENTIFIER)]\",\"text\":\"text)\\n# [___CELL_SEPARATOR___]\\n# Eine Liste aller Wörter, die mehr als 8 Buchstaben haben\\nre\",\"position\":[4293,4383]},{\"psi\":\"[PsiElement(Py:IDENTIFIER), PsiElement(Py:RPAR), PsiElement(Py:IDENTIFIER)]\",\"text\":\"text)\\n# [___CELL_SEPARATOR___]\\n# Eine Liste aller Wörte, die einen Doppelvokal enthalten (z.B. \\\"geit\\\")\\nre\",\"position\":[4409,4512]},{\"psi\":\"[PsiElement(Py:IDENTIFIER), PsiElement(Py:RPAR), PsiElement(Py:IDENTIFIER)]\",\"text\":\"text) #Hier suchen wir zuerst mal nur alle Wörter, die zwei ss drin haben\\n# [___CELL_SEPARATOR___]\\nre\",\"position\":[3107,3206]},{\"psi\":\"[PsiElement(Py:IDENTIFIER), PsiElement(Py:RPAR), PsiElement(Py:IDENTIFIER)]\",\"text\":\"text) #Jetzt fangen wir die beiden Wörter separat ein\\n# [___CELL_SEPARATOR___]\\nre\",\"position\":[3493,3572]},{\"psi\":\"[PsiElement(Py:IDENTIFIER), PsiElement(Py:RPAR), PsiElement(Py:IDENTIFIER)]\",\"text\":\"text) #Lookbehind\\n# [___CELL_SEPARATOR___]\\n# Finde alle b\\u0027s im Text (Liste erstellen)\\nre\",\"position\":[3669,3755]},{\"psi\":\"[PsiElement(Py:IDENTIFIER), PsiElement(Py:COMMA), PsiElement(Py:IDENTIFIER), PsiElement(Py:DOT), PsiElement(Py:IDENTIFIER), PsiElement(Py:RPAR), PsiElement(Py:IDENTIFIER)]\",\"text\":\"text, re.MULTILINE)\\n# [___CELL_SEPARATOR___]\\nre\",\"position\":[1510,1555]},{\"psi\":\"[PsiElement(Py:IDENTIFIER), PsiElement(Py:COMMA), PsiElement(Py:IDENTIFIER), PsiElement(Py:DOT), PsiElement(Py:IDENTIFIER), PsiElement(Py:RPAR), PsiElement(Py:IDENTIFIER)]\",\"text\":\"text, re.IGNORECASE)\\n# [___CELL_SEPARATOR___]\\n# Finde alle Wörter, die ein b enthalten, unabhängig von Gross-/Kleinschreibung\\nre\",\"position\":[3904,4030]},{\"psi\":\"[PsiElement(Py:IDENTIFIER), PsiElement(Py:COMMA), PsiElement(Py:IDENTIFIER), PsiElement(Py:DOT), PsiElement(Py:IDENTIFIER), PsiElement(Py:RPAR), PsiElement(Py:IDENTIFIER)]\",\"text\":\"text, re.IGNORECASE)\\n# [___CELL_SEPARATOR___]\\n# Erstelle eine Liste aller Zeilen im Text\\nre\",\"position\":[4053,4142]},{\"psi\":\"[PsiElement(Py:IDENTIFIER), PsiElement(Py:COMMA), PsiElement(Py:IDENTIFIER), PsiElement(Py:DOT), PsiElement(Py:IDENTIFIER), PsiElement(Py:RPAR), PsiElement(Py:IDENTIFIER)]\",\"text\":\"text, re.MULTILINE)\\n# [___CELL_SEPARATOR___]\\n# eine Liste aller Wörter, die mit Grossbuchstaben beginnen\\nre\",\"position\":[4162,4267]}]},{\"clone_length\":6,\"clones\":[{\"psi\":\"[PsiElement(Py:IDENTIFIER), PsiElement(Py:RPAR), PsiElement(Py:IDENTIFIER), PsiElement(Py:DOT), PsiElement(Py:IDENTIFIER), PsiElement(Py:LPAR)]\",\"text\":\"text) #Lookahead\\n# [___CELL_SEPARATOR___]\\nre.findall(\",\"position\":[3599,3651]},{\"psi\":\"[PsiElement(Py:IDENTIFIER), PsiElement(Py:RPAR), PsiElement(Py:IDENTIFIER), PsiElement(Py:DOT), PsiElement(Py:IDENTIFIER), PsiElement(Py:LPAR)]\",\"text\":\"text) #Nun suchen wir alle Wörter, die zwei ss drin haben plus das nächste Wort\\n# [___CELL_SEPARATOR___]\\nre.findall(\",\"position\":[3238,3353]},{\"psi\":\"[PsiElement(Py:IDENTIFIER), PsiElement(Py:RPAR), PsiElement(Py:IDENTIFIER), PsiElement(Py:DOT), PsiElement(Py:IDENTIFIER), PsiElement(Py:LPAR)]\",\"text\":\"text) #Jetzt wollen wir nur das nächste Wort einfangen\\n# [___CELL_SEPARATOR___]\\nre.findall(\",\"position\":[3377,3467]},{\"psi\":\"[PsiElement(Py:IDENTIFIER), PsiElement(Py:RPAR), PsiElement(Py:IDENTIFIER), PsiElement(Py:DOT), PsiElement(Py:IDENTIFIER), PsiElement(Py:LPAR)]\",\"text\":\"text)\\n# [___CELL_SEPARATOR___]\\n# Finde alle Wörter, die mit b beginnen, unabhängig von Gross-/Kleinschreibung\\nre.findall(\",\"position\":[3772,3892]},{\"psi\":\"[PsiElement(Py:IDENTIFIER), PsiElement(Py:RPAR), PsiElement(Py:IDENTIFIER), PsiElement(Py:DOT), PsiElement(Py:IDENTIFIER), PsiElement(Py:LPAR)]\",\"text\":\"text)\\n# [___CELL_SEPARATOR___]\\n# Eine Liste aller Wörter, die mehr als 8 Buchstaben haben\\nre.findall(\",\"position\":[4293,4393]},{\"psi\":\"[PsiElement(Py:IDENTIFIER), PsiElement(Py:RPAR), PsiElement(Py:IDENTIFIER), PsiElement(Py:DOT), PsiElement(Py:IDENTIFIER), PsiElement(Py:LPAR)]\",\"text\":\"text)\\n# [___CELL_SEPARATOR___]\\n# Eine Liste aller Wörte, die einen Doppelvokal enthalten (z.B. \\\"geit\\\")\\nre.findall(\",\"position\":[4409,4522]},{\"psi\":\"[PsiElement(Py:IDENTIFIER), PsiElement(Py:RPAR), PsiElement(Py:IDENTIFIER), PsiElement(Py:DOT), PsiElement(Py:IDENTIFIER), PsiElement(Py:LPAR)]\",\"text\":\"text) #Hier suchen wir zuerst mal nur alle Wörter, die zwei ss drin haben\\n# [___CELL_SEPARATOR___]\\nre.findall(\",\"position\":[3107,3216]},{\"psi\":\"[PsiElement(Py:IDENTIFIER), PsiElement(Py:RPAR), PsiElement(Py:IDENTIFIER), PsiElement(Py:DOT), PsiElement(Py:IDENTIFIER), PsiElement(Py:LPAR)]\",\"text\":\"text) #Jetzt fangen wir die beiden Wörter separat ein\\n# [___CELL_SEPARATOR___]\\nre.findall(\",\"position\":[3493,3582]},{\"psi\":\"[PsiElement(Py:IDENTIFIER), PsiElement(Py:RPAR), PsiElement(Py:IDENTIFIER), PsiElement(Py:DOT), PsiElement(Py:IDENTIFIER), PsiElement(Py:LPAR)]\",\"text\":\"text) #Lookbehind\\n# [___CELL_SEPARATOR___]\\n# Finde alle b\\u0027s im Text (Liste erstellen)\\nre.findall(\",\"position\":[3669,3765]}]},{\"clone_length\":10,\"clones\":[{\"psi\":\"[PsiElement(Py:IDENTIFIER), PsiElement(Py:COMMA), PsiElement(Py:IDENTIFIER), PsiElement(Py:DOT), PsiElement(Py:IDENTIFIER), PsiElement(Py:RPAR), PsiElement(Py:IDENTIFIER), PsiElement(Py:DOT), PsiElement(Py:IDENTIFIER), PsiElement(Py:LPAR)]\",\"text\":\"text, re.MULTILINE)\\n# [___CELL_SEPARATOR___]\\nre.match(\",\"position\":[1510,1563]},{\"psi\":\"[PsiElement(Py:IDENTIFIER), PsiElement(Py:COMMA), PsiElement(Py:IDENTIFIER), PsiElement(Py:DOT), PsiElement(Py:IDENTIFIER), PsiElement(Py:RPAR), PsiElement(Py:IDENTIFIER), PsiElement(Py:DOT), PsiElement(Py:IDENTIFIER), PsiElement(Py:LPAR)]\",\"text\":\"text, re.IGNORECASE)\\n# [___CELL_SEPARATOR___]\\n# Finde alle Wörter, die ein b enthalten, unabhängig von Gross-/Kleinschreibung\\nre.findall(\",\"position\":[3904,4040]},{\"psi\":\"[PsiElement(Py:IDENTIFIER), PsiElement(Py:COMMA), PsiElement(Py:IDENTIFIER), PsiElement(Py:DOT), PsiElement(Py:IDENTIFIER), PsiElement(Py:RPAR), PsiElement(Py:IDENTIFIER), PsiElement(Py:DOT), PsiElement(Py:IDENTIFIER), PsiElement(Py:LPAR)]\",\"text\":\"text, re.IGNORECASE)\\n# [___CELL_SEPARATOR___]\\n# Erstelle eine Liste aller Zeilen im Text\\nre.findall(\",\"position\":[4053,4152]},{\"psi\":\"[PsiElement(Py:IDENTIFIER), PsiElement(Py:COMMA), PsiElement(Py:IDENTIFIER), PsiElement(Py:DOT), PsiElement(Py:IDENTIFIER), PsiElement(Py:RPAR), PsiElement(Py:IDENTIFIER), PsiElement(Py:DOT), PsiElement(Py:IDENTIFIER), PsiElement(Py:LPAR)]\",\"text\":\"text, re.MULTILINE)\\n# [___CELL_SEPARATOR___]\\n# eine Liste aller Wörter, die mit Grossbuchstaben beginnen\\nre.findall(\",\"position\":[4162,4277]}]},{\"clone_length\":4,\"clones\":[{\"psi\":\"[PsiElement(Py:IDENTIFIER), PsiElement(Py:RPAR), PsiElement(Py:IDENTIFIER), PsiElement(Py:LPAR)]\",\"text\":\"text) #Hier rufen wir unsere replace-Funktion auf\\n# [___CELL_SEPARATOR___]\\nprint (\",\"position\":[2959,3040]},{\"psi\":\"[PsiElement(Py:IDENTIFIER), PsiElement(Py:RPAR), PsiElement(Py:RPAR), PsiElement(Py:IDENTIFIER), PsiElement(Py:LPAR)]\",\"text\":\"text))\\n# [___CELL_SEPARATOR___]\\n# Entfernen Sie alle Wörter, die weniger als 3 Buchstaben lang sind, aus dem Text\\nprint(\",\"position\":[5388,5507]},{\"psi\":\"[PsiElement(Py:IDENTIFIER), PsiElement(Py:RPAR), PsiElement(Py:RPAR), PsiElement(Py:IDENTIFIER), PsiElement(Py:LPAR)]\",\"text\":\"text))\\n# [___CELL_SEPARATOR___]\\n# Entfernen Sie alle Wörter, die weniger als 3 Buchstaben lang sind, sowie alle Sonderzeichen aus dem Text\\nprint(\",\"position\":[5535,5679]},{\"psi\":\"[PsiElement(Py:IDENTIFIER), PsiElement(Py:RPAR), PsiElement(Py:IDENTIFIER), PsiElement(Py:LPAR)]\",\"text\":\"text)\\n# [___CELL_SEPARATOR___]\\n# Ersetzen Sie sämtliche Doppelbuchstaben (zB \\\"aa\\\") durch einfache Buchstaben (\\\"a)\\n# Achtung: Sie müssen eine separate (Lambda-)Funktion dafür schreiben\\n\\nprint(\",\"position\":[7044,7234]}]},{\"clone_length\":9,\"clones\":[{\"psi\":\"[PsiElement(Py:IDENTIFIER), PsiElement(Py:RPAR), PsiElement(Py:RPAR), PsiElement(Py:IDENTIFIER), PsiElement(Py:LPAR), PsiElement(Py:IDENTIFIER), PsiElement(Py:DOT), PsiElement(Py:IDENTIFIER), PsiElement(Py:LPAR)]\",\"text\":\"text))\\n# [___CELL_SEPARATOR___]\\n# Entfernen Sie alle Wörter, die weniger als 3 Buchstaben lang sind, aus dem Text\\nprint(re.sub(\",\"position\":[5388,5514]},{\"psi\":\"[PsiElement(Py:IDENTIFIER), PsiElement(Py:RPAR), PsiElement(Py:RPAR), PsiElement(Py:IDENTIFIER), PsiElement(Py:LPAR), PsiElement(Py:IDENTIFIER), PsiElement(Py:DOT), PsiElement(Py:IDENTIFIER), PsiElement(Py:LPAR)]\",\"text\":\"text))\\n# [___CELL_SEPARATOR___]\\n# Entfernen Sie alle Wörter, die weniger als 3 Buchstaben lang sind, sowie alle Sonderzeichen aus dem Text\\nprint(re.sub(\",\"position\":[5535,5686]},{\"psi\":\"[PsiElement(Py:IDENTIFIER), PsiElement(Py:RPAR), PsiElement(Py:IDENTIFIER), PsiElement(Py:LPAR), PsiElement(Py:IDENTIFIER), PsiElement(Py:DOT), PsiElement(Py:IDENTIFIER), PsiElement(Py:LPAR)]\",\"text\":\"text)\\n# [___CELL_SEPARATOR___]\\n# Ersetzen Sie sämtliche Doppelbuchstaben (zB \\\"aa\\\") durch einfache Buchstaben (\\\"a)\\n# Achtung: Sie müssen eine separate (Lambda-)Funktion dafür schreiben\\n\\nprint(re.sub(\",\"position\":[7044,7241]}]},{\"clone_length\":1,\"clones\":[{\"psi\":\"[PsiElement(Py:IDENTIFIER)]\",\"text\":\"match\",\"position\":[7447,7447]},{\"psi\":\"[PsiElement(Py:IDENTIFIER)]\",\"text\":\"match\",\"position\":[7514,7514]},{\"psi\":\"[PsiElement(Py:IDENTIFIER)]\",\"text\":\"match\",\"position\":[7592,7592]},{\"psi\":\"[PsiElement(Py:IDENTIFIER)]\",\"text\":\"match\",\"position\":[7875,7875]},{\"psi\":\"[PsiElement(Py:IDENTIFIER)]\",\"text\":\"match\",\"position\":[2840,2840]},{\"psi\":\"[PsiElement(Py:IDENTIFIER)]\",\"text\":\"match\",\"position\":[7875,7875]}]},{\"clone_length\":4,\"clones\":[{\"psi\":\"[PsiElement(Py:IDENTIFIER), PsiElement(Py:DOT), PsiElement(Py:IDENTIFIER), PsiElement(Py:LPAR)]\",\"text\":\"match.group(\",\"position\":[7447,7458]},{\"psi\":\"[PsiElement(Py:IDENTIFIER), PsiElement(Py:DOT), PsiElement(Py:IDENTIFIER), PsiElement(Py:LPAR)]\",\"text\":\"match.group(\",\"position\":[7514,7525]},{\"psi\":\"[PsiElement(Py:IDENTIFIER), PsiElement(Py:DOT), PsiElement(Py:IDENTIFIER), PsiElement(Py:LPAR)]\",\"text\":\"match.group(\",\"position\":[7592,7603]},{\"psi\":\"[PsiElement(Py:IDENTIFIER), PsiElement(Py:DOT), PsiElement(Py:IDENTIFIER), PsiElement(Py:LPAR)]\",\"text\":\"match.group(\",\"position\":[7875,7886]},{\"psi\":\"[PsiElement(Py:IDENTIFIER), PsiElement(Py:DOT), PsiElement(Py:IDENTIFIER), PsiElement(Py:LPAR)]\",\"text\":\"match.group(\",\"position\":[2840,2851]}]},{\"clone_length\":5,\"clones\":[{\"psi\":\"[PsiElement(Py:IDENTIFIER), PsiElement(Py:DOT), PsiElement(Py:IDENTIFIER), PsiElement(Py:LPAR), PsiElement(Py:INTEGER_LITERAL)]\",\"text\":\"match.group(3\",\"position\":[7592,7604]},{\"psi\":\"[PsiElement(Py:IDENTIFIER), PsiElement(Py:DOT), PsiElement(Py:IDENTIFIER), PsiElement(Py:LPAR), PsiElement(Py:INTEGER_LITERAL)]\",\"text\":\"match.group(3\",\"position\":[7875,7887]}]},{\"clone_length\":5,\"clones\":[{\"psi\":\"[PsiElement(Py:IDENTIFIER), PsiElement(Py:DOT), PsiElement(Py:IDENTIFIER), PsiElement(Py:LPAR), PsiElement(Py:INTEGER_LITERAL)]\",\"text\":\"match.group(1\",\"position\":[7514,7526]},{\"psi\":\"[PsiElement(Py:IDENTIFIER), PsiElement(Py:DOT), PsiElement(Py:IDENTIFIER), PsiElement(Py:LPAR), PsiElement(Py:INTEGER_LITERAL)]\",\"text\":\"match.group(1\",\"position\":[7909,7921]}]},{\"clone_length\":8,\"clones\":[{\"psi\":\"[PsiElement(Py:IDENTIFIER), PsiElement(Py:LPAR), PsiElement(Py:IDENTIFIER), PsiElement(Py:RPAR), PsiElement(Py:IDENTIFIER), PsiElement(Py:DOT), PsiElement(Py:IDENTIFIER), PsiElement(Py:LPAR)]\",\"text\":\"print(neuer_text)\\n# [___CELL_SEPARATOR___]\\nre.findall(\",\"position\":[2569,2622]},{\"psi\":\"[PsiElement(Py:IDENTIFIER), PsiElement(Py:LPAR), PsiElement(Py:IDENTIFIER), PsiElement(Py:RPAR), PsiElement(Py:IDENTIFIER), PsiElement(Py:DOT), PsiElement(Py:IDENTIFIER), PsiElement(Py:LPAR)]\",\"text\":\"print (neuer_text)\\n# [___CELL_SEPARATOR___]\\nre.findall(\",\"position\":[3034,3088]}]},{\"clone_length\":6,\"clones\":[{\"psi\":\"[PsiElement(Py:IDENTIFIER), PsiElement(Py:GT), PsiElement(Py:IDENTIFIER), PsiElement(Py:COLON), PsiElement(Py:IDENTIFIER), PsiElement(Py:LPAR)]\",\"text\":\"n_wnuss \\u003e n_buempliz:\\n    print(\",\"position\":[4790,4821]},{\"psi\":\"[PsiElement(Py:IDENTIFIER), PsiElement(Py:EQEQ), PsiElement(Py:IDENTIFIER), PsiElement(Py:COLON), PsiElement(Py:IDENTIFIER), PsiElement(Py:LPAR)]\",\"text\":\"n_wnuss \\u003d\\u003d n_buempliz:\\n    print(\",\"position\":[4838,4870]}]}]}","initial_tree_length":944,"project_name":"baa56e800c30357738ce56d728246c3ab3472e7b","file_name":"baa56e800c30357738ce56d728246c3ab3472e7b.ipynb.py"}