{"3":"{\"totalGroups\":7,\"totalClones\":19,\"groups\":[{\"clone_length\":1,\"clones\":[{\"psi\":\"[PsiElement(Py:IDENTIFIER)]\",\"text\":\"storage\",\"position\":[880,880]},{\"psi\":\"[PsiElement(Py:IDENTIFIER)]\",\"text\":\"storage\",\"position\":[880,880]}]},{\"clone_length\":1,\"clones\":[{\"psi\":\"[PsiElement(Py:IDENTIFIER)]\",\"text\":\"googlebooks\",\"position\":[1017,1017]},{\"psi\":\"[PsiElement(Py:IDENTIFIER)]\",\"text\":\"googlebooks\",\"position\":[1068,1068]},{\"psi\":\"[PsiElement(Py:IDENTIFIER)]\",\"text\":\"googlebooks\",\"position\":[1141,1141]},{\"psi\":\"[PsiElement(Py:IDENTIFIER)]\",\"text\":\"googlebooks\",\"position\":[1017,1017]},{\"psi\":\"[PsiElement(Py:IDENTIFIER)]\",\"text\":\"googlebooks\",\"position\":[1068,1068]},{\"psi\":\"[PsiElement(Py:IDENTIFIER)]\",\"text\":\"googlebooks\",\"position\":[1141,1141]}]},{\"clone_length\":10,\"clones\":[{\"psi\":\"[PsiElement(Py:IDENTIFIER), PsiElement(Py:MINUS), PsiElement(Py:IDENTIFIER), PsiElement(Py:MINUS), PsiElement(Py:IDENTIFIER), PsiElement(Py:MINUS), PsiElement(Py:INTEGER_LITERAL), PsiElement(Py:IDENTIFIER), PsiElement(Py:MINUS), PsiElement(Py:INTEGER_LITERAL)]\",\"text\":\"googlebooks-eng-all-5gram-20120701\",\"position\":[1017,1043]},{\"psi\":\"[PsiElement(Py:IDENTIFIER), PsiElement(Py:MINUS), PsiElement(Py:IDENTIFIER), PsiElement(Py:MINUS), PsiElement(Py:IDENTIFIER), PsiElement(Py:MINUS), PsiElement(Py:INTEGER_LITERAL), PsiElement(Py:IDENTIFIER), PsiElement(Py:MINUS), PsiElement(Py:INTEGER_LITERAL)]\",\"text\":\"googlebooks-eng-all-5gram-20120701\",\"position\":[1068,1094]},{\"psi\":\"[PsiElement(Py:IDENTIFIER), PsiElement(Py:MINUS), PsiElement(Py:IDENTIFIER), PsiElement(Py:MINUS), PsiElement(Py:IDENTIFIER), PsiElement(Py:MINUS), PsiElement(Py:INTEGER_LITERAL), PsiElement(Py:IDENTIFIER), PsiElement(Py:MINUS), PsiElement(Py:INTEGER_LITERAL)]\",\"text\":\"googlebooks-eng-all-5gram-20120701\",\"position\":[1141,1167]}]},{\"clone_length\":12,\"clones\":[{\"psi\":\"[PsiElement(Py:IDENTIFIER), PsiElement(Py:MINUS), PsiElement(Py:IDENTIFIER), PsiElement(Py:MINUS), PsiElement(Py:IDENTIFIER), PsiElement(Py:MINUS), PsiElement(Py:INTEGER_LITERAL), PsiElement(Py:IDENTIFIER), PsiElement(Py:MINUS), PsiElement(Py:INTEGER_LITERAL), PsiElement(Py:MINUS), PsiElement(Py:IDENTIFIER)]\",\"text\":\"googlebooks-eng-all-5gram-20120701-_ADJ_\",\"position\":[1017,1052]},{\"psi\":\"[PsiElement(Py:IDENTIFIER), PsiElement(Py:MINUS), PsiElement(Py:IDENTIFIER), PsiElement(Py:MINUS), PsiElement(Py:IDENTIFIER), PsiElement(Py:MINUS), PsiElement(Py:INTEGER_LITERAL), PsiElement(Py:IDENTIFIER), PsiElement(Py:MINUS), PsiElement(Py:INTEGER_LITERAL), PsiElement(Py:MINUS), PsiElement(Py:IDENTIFIER)]\",\"text\":\"googlebooks-eng-all-5gram-20120701-_ADJ_\",\"position\":[1068,1103]}]},{\"clone_length\":15,\"clones\":[{\"psi\":\"[PsiElement(Py:IDENTIFIER), PsiElement(Py:MINUS), PsiElement(Py:IDENTIFIER), PsiElement(Py:MINUS), PsiElement(Py:IDENTIFIER), PsiElement(Py:MINUS), PsiElement(Py:INTEGER_LITERAL), PsiElement(Py:IDENTIFIER), PsiElement(Py:MINUS), PsiElement(Py:INTEGER_LITERAL), PsiElement(Py:MINUS), PsiElement(Py:IDENTIFIER), PsiElement(Py:DOT), PsiElement(Py:IDENTIFIER), PsiElement(BAD_CHARACTER)]\",\"text\":\"googlebooks-eng-all-5gram-20120701-_ADJ_.gz\\n# [___CELL_SEPARATOR___]\\n!\",\"position\":[922,991]},{\"psi\":\"[PsiElement(Py:IDENTIFIER), PsiElement(Py:MINUS), PsiElement(Py:IDENTIFIER), PsiElement(Py:MINUS), PsiElement(Py:IDENTIFIER), PsiElement(Py:MINUS), PsiElement(Py:INTEGER_LITERAL), PsiElement(Py:IDENTIFIER), PsiElement(Py:MINUS), PsiElement(Py:INTEGER_LITERAL), PsiElement(Py:MINUS), PsiElement(Py:IDENTIFIER), PsiElement(Py:DOT), PsiElement(Py:IDENTIFIER), PsiElement(BAD_CHARACTER)]\",\"text\":\"googlebooks-eng-all-5gram-20120701-_ADJ_.gz\\n!\",\"position\":[1017,1061]}]},{\"clone_length\":1,\"clones\":[{\"psi\":\"[PsiElement(Py:IDENTIFIER)]\",\"text\":\"resp\",\"position\":[402,402]},{\"psi\":\"[PsiElement(Py:IDENTIFIER)]\",\"text\":\"resp\",\"position\":[402,402]}]},{\"clone_length\":1,\"clones\":[{\"psi\":\"[PsiElement(Py:IDENTIFIER)]\",\"text\":\"links\",\"position\":[565,565]},{\"psi\":\"[PsiElement(Py:IDENTIFIER)]\",\"text\":\"links\",\"position\":[565,565]}]}]}","initial_tree_length":226,"project_name":"be1d5a22b57a3aa8ca29f74022a4b259e3075d3a","file_name":"be1d5a22b57a3aa8ca29f74022a4b259e3075d3a.ipynb.py"}