{"3":"{\"totalGroups\":10,\"totalClones\":21,\"groups\":[{\"clone_length\":3,\"clones\":[{\"psi\":\"[PsiElement(Py:NONE_KEYWORD), PsiElement(Py:IDENTIFIER), PsiElement(Py:LPAR)]\",\"text\":\"None\\nprint(\",\"position\":[477,487]},{\"psi\":\"[PsiElement(Py:NONE_KEYWORD), PsiElement(Py:IDENTIFIER), PsiElement(Py:LPAR)]\",\"text\":\"None\\nprint(\",\"position\":[600,610]}]},{\"clone_length\":5,\"clones\":[{\"psi\":\"[PsiElement(Py:NONE_KEYWORD), PsiElement(Py:COMMA), PsiElement(Py:NONE_KEYWORD), PsiElement(Py:COMMA), PsiElement(Py:NONE_KEYWORD)]\",\"text\":\"None, None, None\",\"position\":[1259,1271]},{\"psi\":\"[PsiElement(Py:NONE_KEYWORD), PsiElement(Py:COMMA), PsiElement(Py:NONE_KEYWORD), PsiElement(Py:COMMA), PsiElement(Py:NONE_KEYWORD), PsiElement(Py:COMMA), PsiElement(Py:NONE_KEYWORD)]\",\"text\":\"None, None, None, None\",\"position\":[1259,1277]}]},{\"clone_length\":7,\"clones\":[{\"psi\":\"[PsiElement(Py:LPAR), PsiElement(Py:IDENTIFIER), PsiElement(Py:COMMA), PsiElement(Py:IDENTIFIER), PsiElement(Py:RPAR), PsiElement(Py:IDENTIFIER), PsiElement(Py:LPAR)]\",\"text\":\"(Y_test,prediction_test)\\nprint(\",\"position\":[1931,1961]},{\"psi\":\"[PsiElement(Py:LPAR), PsiElement(Py:IDENTIFIER), PsiElement(Py:COMMA), PsiElement(Py:IDENTIFIER), PsiElement(Py:RPAR), PsiElement(Py:IDENTIFIER), PsiElement(Py:LPAR)]\",\"text\":\"(Y_test,prediction_test)\\nprint(\",\"position\":[2032,2062]}]},{\"clone_length\":3,\"clones\":[{\"psi\":\"[PsiElement(Py:IDENTIFIER), PsiElement(Py:EQ), PsiElement(Py:IDENTIFIER)]\",\"text\":\"y\\u003dy\",\"position\":[1097,1099]},{\"psi\":\"[PsiElement(Py:IDENTIFIER), PsiElement(Py:EQ), PsiElement(Py:IDENTIFIER)]\",\"text\":\"y\\u003dy\",\"position\":[1097,1099]}]},{\"clone_length\":3,\"clones\":[{\"psi\":\"[PsiElement(Py:IDENTIFIER), PsiElement(Py:EQ), PsiElement(Py:IDENTIFIER)]\",\"text\":\"x\\u003dx\",\"position\":[1061,1063]},{\"psi\":\"[PsiElement(Py:IDENTIFIER), PsiElement(Py:EQ), PsiElement(Py:IDENTIFIER)]\",\"text\":\"x\\u003dx\",\"position\":[1061,1063]}]},{\"clone_length\":2,\"clones\":[{\"psi\":\"[PsiElement(Py:IDENTIFIER), PsiElement(Py:IDENTIFIER)]\",\"text\":\"df\\nprint\",\"position\":[877,880]},{\"psi\":\"[PsiElement(Py:IDENTIFIER), PsiElement(Py:DOT), PsiElement(Py:IDENTIFIER), PsiElement(Py:RPAR), PsiElement(Py:RPAR), PsiElement(Py:COLON), PsiElement(Py:IDENTIFIER)]\",\"text\":\"df.columns)):\\n    print\",\"position\":[1536,1554]}]},{\"clone_length\":4,\"clones\":[{\"psi\":\"[PsiElement(Py:IDENTIFIER), PsiElement(Py:DOT), PsiElement(Py:IDENTIFIER), PsiElement(Py:LPAR)]\",\"text\":\"plt.figure(\",\"position\":[2190,2200]},{\"psi\":\"[PsiElement(Py:IDENTIFIER), PsiElement(Py:DOT), PsiElement(Py:IDENTIFIER), PsiElement(Py:LPAR)]\",\"text\":\"plt.hist(\",\"position\":[2203,2211]},{\"psi\":\"[PsiElement(Py:IDENTIFIER), PsiElement(Py:DOT), PsiElement(Py:IDENTIFIER), PsiElement(Py:LPAR)]\",\"text\":\"plt.show(\",\"position\":[2230,2238]}]},{\"clone_length\":5,\"clones\":[{\"psi\":\"[PsiElement(Py:IDENTIFIER), PsiElement(Py:DOT), PsiElement(Py:IDENTIFIER), PsiElement(Py:AS_KEYWORD), PsiElement(Py:IDENTIFIER)]\",\"text\":\"matplotlib.pyplot as plt\",\"position\":[21,42]},{\"psi\":\"[PsiElement(Py:IDENTIFIER), PsiElement(Py:DOT), PsiElement(Py:IDENTIFIER), PsiElement(Py:AS_KEYWORD), PsiElement(Py:IDENTIFIER)]\",\"text\":\"matplotlib.pyplot as plt\",\"position\":[2109,2130]}]},{\"clone_length\":3,\"clones\":[{\"psi\":\"[PsiElement(Py:IDENTIFIER), PsiElement(Py:LPAR), PsiElement(Py:IDENTIFIER)]\",\"text\":\"print(erreur_train\",\"position\":[1818,1824]},{\"psi\":\"[PsiElement(Py:IDENTIFIER), PsiElement(Py:LPAR), PsiElement(Py:IDENTIFIER)]\",\"text\":\"print(erreur_train\",\"position\":[2057,2063]}]},{\"clone_length\":4,\"clones\":[{\"psi\":\"[PsiElement(Py:IDENTIFIER), PsiElement(Py:DOT), PsiElement(Py:IDENTIFIER), PsiElement(Py:LPAR)]\",\"text\":\"model.predict(\",\"position\":[1737,1750]},{\"psi\":\"[PsiElement(Py:IDENTIFIER), PsiElement(Py:DOT), PsiElement(Py:IDENTIFIER), PsiElement(Py:LPAR)]\",\"text\":\"model.predict(\",\"position\":[1879,1892]}]}]}","initial_tree_length":334,"project_name":"c45fe85a1908c68adffa2245df30f21faa118a08","file_name":"c45fe85a1908c68adffa2245df30f21faa118a08.ipynb.py"}