{"3":"{\"totalGroups\":14,\"totalClones\":34,\"groups\":[{\"clone_length\":5,\"clones\":[{\"psi\":\"[PsiElement(Py:LBRACE), PsiElement(Py:IDENTIFIER), PsiElement(Py:COLON), PsiElement(Py:COMMA), PsiElement(Py:IDENTIFIER)]\",\"text\":\"{ _id: \\u0027\\u0027, points\",\"position\":[1632,1643]},{\"psi\":\"[PsiElement(Py:LBRACE), PsiElement(Py:IDENTIFIER), PsiElement(Py:COLON), PsiElement(Py:COMMA), PsiElement(Py:IDENTIFIER)]\",\"text\":\"{ _id: \\u0027\\u0027, points\",\"position\":[1692,1703]},{\"psi\":\"[PsiElement(Py:LBRACE), PsiElement(Py:IDENTIFIER), PsiElement(Py:COLON), PsiElement(Py:COMMA), PsiElement(Py:IDENTIFIER)]\",\"text\":\"{ _id: \\u0027\\u0027, points\",\"position\":[1811,1822]},{\"psi\":\"[PsiElement(Py:LBRACE), PsiElement(Py:IDENTIFIER), PsiElement(Py:COLON), PsiElement(Py:COMMA), PsiElement(Py:IDENTIFIER)]\",\"text\":\"{ _id: \\u0027\\u0027, points\",\"position\":[1750,1761]}]},{\"clone_length\":3,\"clones\":[{\"psi\":\"[PsiElement(Py:LBRACE), PsiElement(Py:IDENTIFIER), PsiElement(Py:COLON)]\",\"text\":\"{ type: \\u0027string\\u0027\",\"position\":[784,790]},{\"psi\":\"[PsiElement(Py:LBRACE), PsiElement(Py:IDENTIFIER), PsiElement(Py:COLON)]\",\"text\":\"{ type: \\u0027string\\u0027\",\"position\":[814,820]}]},{\"clone_length\":5,\"clones\":[{\"psi\":\"[PsiElement(Py:IDENTIFIER), PsiElement(Py:LPAR), PsiElement(Py:LBRACE), PsiElement(Py:IDENTIFIER), PsiElement(Py:COLON)]\",\"text\":\"Player({ _id: \\u0027\\u0027\",\"position\":[1215,1227]},{\"psi\":\"[PsiElement(Py:IDENTIFIER), PsiElement(Py:DOT), PsiElement(Py:IDENTIFIER), PsiElement(Py:LPAR), PsiElement(Py:LBRACE), PsiElement(Py:IDENTIFIER), PsiElement(Py:COLON)]\",\"text\":\"Player.insert(\\n  { _id: \\u0027\\u0027\",\"position\":[1615,1637]}]},{\"clone_length\":4,\"clones\":[{\"psi\":\"[PsiElement(Py:COMMA), PsiElement(Py:RBRACE), PsiElement(Py:COMMA), PsiElement(Py:RBRACE)]\",\"text\":\",\\n    },\\n  }\",\"position\":[912,923]},{\"psi\":\"[PsiElement(Py:COMMA), PsiElement(Py:RBRACE), PsiElement(Py:COMMA), PsiElement(Py:RBRACE)]\",\"text\":\",\\n  },\\n}\",\"position\":[919,926]}]},{\"clone_length\":3,\"clones\":[{\"psi\":\"[PsiElement(Py:COMMA), PsiElement(Py:RBRACE), PsiElement(Py:IDENTIFIER)]\",\"text\":\",\\n}\\nconst\",\"position\":[924,928]},{\"psi\":\"[PsiElement(Py:COMMA), PsiElement(Py:RBRACE), PsiElement(Py:IDENTIFIER)]\",\"text\":\",\\n}\\nconst\",\"position\":[1106,1110]}]},{\"clone_length\":10,\"clones\":[{\"psi\":\"[PsiElement(Py:IDENTIFIER), PsiElement(Py:FROM_KEYWORD), PsiElement(Py:IDENTIFIER), PsiElement(Py:IDENTIFIER), PsiElement(Py:AWAIT_KEYWORD), PsiElement(Py:IDENTIFIER), PsiElement(Py:DOT), PsiElement(Py:IDENTIFIER), PsiElement(Py:LPAR), PsiElement(Py:IDENTIFIER)]\",\"text\":\"it from the Collection\\nawait Player.save(beth\",\"position\":[1464,1505]},{\"psi\":\"[PsiElement(Py:IDENTIFIER), PsiElement(Py:FROM_KEYWORD), PsiElement(Py:IDENTIFIER), PsiElement(Py:IDENTIFIER), PsiElement(Py:AWAIT_KEYWORD), PsiElement(Py:IDENTIFIER), PsiElement(Py:DOT), PsiElement(Py:IDENTIFIER), PsiElement(Py:LPAR), PsiElement(Py:IDENTIFIER)]\",\"text\":\"it from the Collection\\nawait Player.delete(beth\",\"position\":[1522,1565]}]},{\"clone_length\":14,\"clones\":[{\"psi\":\"[PsiElement(Py:IDENTIFIER), PsiElement(Py:DOT), PsiElement(Py:IDENTIFIER), PsiElement(Py:LPAR), PsiElement(Py:COMMA), PsiElement(Py:LPAR), PsiElement(Py:RPAR), PsiElement(Py:EQ), PsiElement(Py:GT), PsiElement(Py:LBRACE), PsiElement(Py:RETURN_KEYWORD), PsiElement(Py:RBRACE), PsiElement(Py:RPAR), PsiElement(Py:RBRACE)]\",\"text\":\"level.destroy(\\u0027./threads.db\\u0027, () \\u003d\\u003e {\\n    return\\n  })\\n}\",\"position\":[159,213]},{\"psi\":\"[PsiElement(Py:IDENTIFIER), PsiElement(Py:DOT), PsiElement(Py:IDENTIFIER), PsiElement(Py:LPAR), PsiElement(Py:COMMA), PsiElement(Py:LPAR), PsiElement(Py:RPAR), PsiElement(Py:EQ), PsiElement(Py:GT), PsiElement(Py:LBRACE), PsiElement(Py:RETURN_KEYWORD), PsiElement(Py:RBRACE), PsiElement(Py:RPAR), PsiElement(Py:RBRACE)]\",\"text\":\"level.destroy(\\u0027./threads.db\\u0027, () \\u003d\\u003e {\\n    return\\n  })\\n}\",\"position\":[2387,2441]}]},{\"clone_length\":5,\"clones\":[{\"psi\":\"[PsiElement(Py:AWAIT_KEYWORD), PsiElement(Py:IDENTIFIER), PsiElement(Py:DOT), PsiElement(Py:IDENTIFIER), PsiElement(Py:LPAR)]\",\"text\":\"await db.open(\",\"position\":[517,530]},{\"psi\":\"[PsiElement(Py:AWAIT_KEYWORD), PsiElement(Py:IDENTIFIER), PsiElement(Py:DOT), PsiElement(Py:IDENTIFIER), PsiElement(Py:LPAR)]\",\"text\":\"await db.newCollection(\",\"position\":[943,965]},{\"psi\":\"[PsiElement(Py:AWAIT_KEYWORD), PsiElement(Py:IDENTIFIER), PsiElement(Py:DOT), PsiElement(Py:IDENTIFIER), PsiElement(Py:LPAR)]\",\"text\":\"await db.newCollectionFromObject(\",\"position\":[1125,1157]}]},{\"clone_length\":5,\"clones\":[{\"psi\":\"[PsiElement(Py:AWAIT_KEYWORD), PsiElement(Py:IDENTIFIER), PsiElement(Py:DOT), PsiElement(Py:IDENTIFIER), PsiElement(Py:LPAR)]\",\"text\":\"await beth.save(\",\"position\":[1270,1285]},{\"psi\":\"[PsiElement(Py:AWAIT_KEYWORD), PsiElement(Py:IDENTIFIER), PsiElement(Py:DOT), PsiElement(Py:IDENTIFIER), PsiElement(Py:LPAR)]\",\"text\":\"await beth.save(\",\"position\":[1360,1375]}]},{\"clone_length\":5,\"clones\":[{\"psi\":\"[PsiElement(Py:AWAIT_KEYWORD), PsiElement(Py:IDENTIFIER), PsiElement(Py:DOT), PsiElement(Py:IDENTIFIER), PsiElement(Py:LPAR)]\",\"text\":\"await Player.save(\",\"position\":[1487,1504]},{\"psi\":\"[PsiElement(Py:AWAIT_KEYWORD), PsiElement(Py:IDENTIFIER), PsiElement(Py:DOT), PsiElement(Py:IDENTIFIER), PsiElement(Py:LPAR)]\",\"text\":\"await Player.delete(\",\"position\":[1545,1564]},{\"psi\":\"[PsiElement(Py:AWAIT_KEYWORD), PsiElement(Py:IDENTIFIER), PsiElement(Py:DOT), PsiElement(Py:IDENTIFIER), PsiElement(Py:LPAR)]\",\"text\":\"await Player.insert(\",\"position\":[1609,1628]}]},{\"clone_length\":4,\"clones\":[{\"psi\":\"[PsiElement(Py:IDENTIFIER), PsiElement(Py:COLON), PsiElement(Py:COMMA), PsiElement(Py:IDENTIFIER)]\",\"text\":\"team: \\u0027Astronauts\\u0027, name\",\"position\":[1714,1734]},{\"psi\":\"[PsiElement(Py:IDENTIFIER), PsiElement(Py:COLON), PsiElement(Py:COMMA), PsiElement(Py:IDENTIFIER)]\",\"text\":\"team: \\u0027Astronauts\\u0027, name\",\"position\":[1773,1793]},{\"psi\":\"[PsiElement(Py:IDENTIFIER), PsiElement(Py:COLON), PsiElement(Py:COMMA), PsiElement(Py:IDENTIFIER)]\",\"text\":\"team: \\u0027Astronauts\\u0027, name\",\"position\":[1655,1675]},{\"psi\":\"[PsiElement(Py:IDENTIFIER), PsiElement(Py:COLON), PsiElement(Py:COMMA), PsiElement(Py:IDENTIFIER)]\",\"text\":\"team: \\u0027Astronauts\\u0027, name\",\"position\":[1833,1853]}]},{\"clone_length\":5,\"clones\":[{\"psi\":\"[PsiElement(Py:IDENTIFIER), PsiElement(Py:COLON), PsiElement(Py:COMMA), PsiElement(Py:IDENTIFIER), PsiElement(Py:COLON)]\",\"text\":\"team: \\u0027Astronauts\\u0027, name: \\u0027beth\\u0027\",\"position\":[1655,1679]},{\"psi\":\"[PsiElement(Py:IDENTIFIER), PsiElement(Py:COLON), PsiElement(Py:COMMA), PsiElement(Py:IDENTIFIER), PsiElement(Py:COLON)]\",\"text\":\"team: \\u0027Astronauts\\u0027, name: \\u0027beth\\u0027\",\"position\":[1833,1857]}]},{\"clone_length\":1,\"clones\":[{\"psi\":\"[PsiElement(Py:IDENTIFIER)]\",\"text\":\"console\",\"position\":[545,545]},{\"psi\":\"[PsiElement(Py:IDENTIFIER)]\",\"text\":\"console\",\"position\":[545,545]}]},{\"clone_length\":4,\"clones\":[{\"psi\":\"[PsiElement(Py:IDENTIFIER), PsiElement(Py:DOT), PsiElement(Py:IDENTIFIER), PsiElement(Py:LPAR)]\",\"text\":\"console.log(\",\"position\":[545,556]},{\"psi\":\"[PsiElement(Py:IDENTIFIER), PsiElement(Py:DOT), PsiElement(Py:IDENTIFIER), PsiElement(Py:LPAR)]\",\"text\":\"console.log(\",\"position\":[2294,2305]}]}]}","initial_tree_length":877,"project_name":"c93e8118b20ca2643862eb4c201924c83528f56b","file_name":"c93e8118b20ca2643862eb4c201924c83528f56b.ipynb.py"}