{"3":"{\"totalGroups\":2,\"totalClones\":7,\"groups\":[{\"clone_length\":4,\"clones\":[{\"psi\":\"[PsiElement(Py:IDENTIFIER), PsiElement(Py:DOT), PsiElement(Py:IDENTIFIER), PsiElement(Py:LPAR)]\",\"text\":\"sa_service.assign_module(\",\"position\":[819,843]},{\"psi\":\"[PsiElement(Py:IDENTIFIER), PsiElement(Py:DOT), PsiElement(Py:IDENTIFIER), PsiElement(Py:LPAR)]\",\"text\":\"sa_service.assign_logger(\",\"position\":[870,894]}]},{\"clone_length\":1,\"clones\":[{\"psi\":\"[PsiElement(Py:IDENTIFIER)]\",\"text\":\"pylabnet\",\"position\":[73,73]},{\"psi\":\"[PsiElement(Py:IDENTIFIER)]\",\"text\":\"pylabnet\",\"position\":[198,198]},{\"psi\":\"[PsiElement(Py:IDENTIFIER)]\",\"text\":\"pylabnet\",\"position\":[19,19]},{\"psi\":\"[PsiElement(Py:IDENTIFIER)]\",\"text\":\"pylabnet\",\"position\":[135,135]},{\"psi\":\"[PsiElement(Py:IDENTIFIER)]\",\"text\":\"pylabnet\",\"position\":[73,73]}]}]}","initial_tree_length":140,"project_name":"c98d083a637cf788670a3d5f07d041f9b1b4e373","file_name":"c98d083a637cf788670a3d5f07d041f9b1b4e373.ipynb.py"}