{"3":"{\"totalGroups\":6,\"totalClones\":12,\"groups\":[{\"clone_length\":9,\"clones\":[{\"psi\":\"[PsiElement(Py:LPAR), PsiElement(Py:IDENTIFIER), PsiElement(Py:LPAR), PsiElement(Py:IDENTIFIER), PsiElement(Py:RPAR), PsiElement(Py:FOR_KEYWORD), PsiElement(Py:IDENTIFIER), PsiElement(Py:IN_KEYWORD), PsiElement(Py:IDENTIFIER)]\",\"text\":\"(tuple(alist) for aline in alist\",\"position\":[1783,1810]},{\"psi\":\"[PsiElement(Py:LPAR), PsiElement(Py:IDENTIFIER), PsiElement(Py:LPAR), PsiElement(Py:IDENTIFIER), PsiElement(Py:RPAR), PsiElement(Py:FOR_KEYWORD), PsiElement(Py:IDENTIFIER), PsiElement(Py:IN_KEYWORD), PsiElement(Py:IDENTIFIER)]\",\"text\":\"(tuple(alist) for aline in alist\",\"position\":[1943,1970]}]},{\"clone_length\":9,\"clones\":[{\"psi\":\"[PsiElement(Py:LBRACKET), PsiElement(Py:IDENTIFIER), PsiElement(Py:LPAR), PsiElement(Py:IDENTIFIER), PsiElement(Py:RPAR), PsiElement(Py:FOR_KEYWORD), PsiElement(Py:IDENTIFIER), PsiElement(Py:IN_KEYWORD), PsiElement(Py:IDENTIFIER)]\",\"text\":\"[tuple(alist) for aline in alist\",\"position\":[1661,1688]},{\"psi\":\"[PsiElement(Py:LBRACKET), PsiElement(Py:IDENTIFIER), PsiElement(Py:LPAR), PsiElement(Py:IDENTIFIER), PsiElement(Py:RPAR), PsiElement(Py:FOR_KEYWORD), PsiElement(Py:IDENTIFIER), PsiElement(Py:IN_KEYWORD), PsiElement(Py:IDENTIFIER)]\",\"text\":\"[tuple(alist) for aline in alist\",\"position\":[2135,2162]}]},{\"clone_length\":8,\"clones\":[{\"psi\":\"[PsiElement(Py:IDENTIFIER), PsiElement(Py:LPAR), PsiElement(Py:INTEGER_LITERAL), PsiElement(Py:RPAR), PsiElement(Py:IDENTIFIER), PsiElement(Py:LPAR), PsiElement(Py:IDENTIFIER), PsiElement(Py:LPAR)]\",\"text\":\"range(20)  # Calling range directly (under Python 3) creates a range object and not a list as you might want/expect\\n# [___CELL_SEPARATOR___]\\nlist(range(\",\"position\":[233,384]},{\"psi\":\"[PsiElement(Py:IDENTIFIER), PsiElement(Py:LPAR), PsiElement(Py:INTEGER_LITERAL), PsiElement(Py:RPAR), PsiElement(Py:RPAR), PsiElement(Py:IDENTIFIER), PsiElement(Py:LPAR), PsiElement(Py:IDENTIFIER), PsiElement(Py:LPAR)]\",\"text\":\"range(20))  # Simply wrap the range in a list to turn it into one.\\n# [___CELL_SEPARATOR___]\\nlist(range(\",\"position\":[379,481]}]},{\"clone_length\":7,\"clones\":[{\"psi\":\"[PsiElement(Py:IDENTIFIER), PsiElement(Py:FOR_KEYWORD), PsiElement(Py:IDENTIFIER), PsiElement(Py:IN_KEYWORD), PsiElement(Py:IDENTIFIER), PsiElement(Py:RBRACKET), PsiElement(Py:LBRACKET)]\",\"text\":\"aline for aline in alist]  # For starters, \\\"x for x in\\\" is arbitrary. You can name it to make more sense.\\n# [___CELL_SEPARATOR___]\\n[\",\"position\":[1101,1232]},{\"psi\":\"[PsiElement(Py:IDENTIFIER), PsiElement(Py:FOR_KEYWORD), PsiElement(Py:IDENTIFIER), PsiElement(Py:IN_KEYWORD), PsiElement(Py:IDENTIFIER), PsiElement(Py:RBRACKET), PsiElement(Py:LBRACKET)]\",\"text\":\"aline for aline in alist]  # Using string replacement, you can combine strings with variable values.\\n# [___CELL_SEPARATOR___]\\n[\",\"position\":[1395,1521]}]},{\"clone_length\":7,\"clones\":[{\"psi\":\"[PsiElement(Py:IDENTIFIER), PsiElement(Py:LPAR), PsiElement(Py:IDENTIFIER), PsiElement(Py:LPAR), PsiElement(Py:INTEGER_LITERAL), PsiElement(Py:COMMA), PsiElement(Py:INTEGER_LITERAL)]\",\"text\":\"list(range(1, 21\",\"position\":[471,485]},{\"psi\":\"[PsiElement(Py:IDENTIFIER), PsiElement(Py:LPAR), PsiElement(Py:IDENTIFIER), PsiElement(Py:LPAR), PsiElement(Py:INTEGER_LITERAL), PsiElement(Py:COMMA), PsiElement(Py:INTEGER_LITERAL)]\",\"text\":\"list(range(1, 21\",\"position\":[584,598]}]},{\"clone_length\":3,\"clones\":[{\"psi\":\"[PsiElement(Py:IDENTIFIER), PsiElement(Py:LBRACKET), PsiElement(Py:IDENTIFIER)]\",\"text\":\"alist\\n# [___CELL_SEPARATOR___]\\n[alist\",\"position\":[808,840]},{\"psi\":\"[PsiElement(Py:IDENTIFIER), PsiElement(Py:RBRACKET), PsiElement(Py:LBRACKET), PsiElement(Py:IDENTIFIER)]\",\"text\":\"alist]  # Using string replacement, you can combine strings with variable values.\\n# [___CELL_SEPARATOR___]\\n[alist\",\"position\":[1414,1522]}]}]}","initial_tree_length":179,"project_name":"cab87d768276efdf261b0865737da13ed8c58c02","file_name":"cab87d768276efdf261b0865737da13ed8c58c02.ipynb.py"}