{"3":"{\"totalGroups\":49,\"totalClones\":145,\"groups\":[{\"clone_length\":4,\"clones\":[{\"psi\":\"[PsiElement(Py:IDENTIFIER), PsiElement(Py:RPAR), PsiElement(Py:RPAR), PsiElement(Py:LPAR)]\",\"text\":\"x))(\",\"position\":[1407,1410]},{\"psi\":\"[PsiElement(Py:IDENTIFIER), PsiElement(Py:RPAR), PsiElement(Py:LPAR)]\",\"text\":\"x)(\",\"position\":[2595,2597]}]},{\"clone_length\":4,\"clones\":[{\"psi\":\"[PsiElement(Py:IDENTIFIER), PsiElement(Py:RPAR), PsiElement(Py:PERC), PsiElement(Py:IDENTIFIER)]\",\"text\":\"x) # forces narrowing of the argument type\\n# [___CELL_SEPARATOR___]\\n%te\",\"position\":[1227,1296]},{\"psi\":\"[PsiElement(Py:IDENTIFIER), PsiElement(Py:EQ), PsiElement(Py:PERC), PsiElement(Py:IDENTIFIER)]\",\"text\":\"x \\u003d %te\",\"position\":[1585,1590]}]},{\"clone_length\":2,\"clones\":[{\"psi\":\"[PsiElement(Py:IDENTIFIER), PsiElement(Py:IDENTIFIER)]\",\"text\":\"x\\n# [___CELL_SEPARATOR___]\\nx\",\"position\":[1620,1647]},{\"psi\":\"[PsiElement(Py:IDENTIFIER)]\",\"text\":\"x\",\"position\":[1755,1755]},{\"psi\":\"[PsiElement(Py:IDENTIFIER), PsiElement(Py:IDENTIFIER)]\",\"text\":\"x\\n# [___CELL_SEPARATOR___]\\nx\",\"position\":[1620,1647]},{\"psi\":\"[PsiElement(Py:IDENTIFIER)]\",\"text\":\"x\",\"position\":[1755,1755]}]},{\"clone_length\":7,\"clones\":[{\"psi\":\"[PsiElement(Py:IDENTIFIER), PsiElement(Py:IDENTIFIER), PsiElement(Py:DOT), PsiElement(Py:IDENTIFIER), PsiElement(Py:LPAR), PsiElement(Py:IDENTIFIER), PsiElement(Py:LPAR)]\",\"text\":\"x\\n# [___CELL_SEPARATOR___]\\nx.try_adjust_type(tp(\",\"position\":[1620,1667]},{\"psi\":\"[PsiElement(Py:IDENTIFIER), PsiElement(Py:DOT), PsiElement(Py:IDENTIFIER), PsiElement(Py:LPAR), PsiElement(Py:IDENTIFIER), PsiElement(Py:LPAR)]\",\"text\":\"x.try_adjust_type(tp(\",\"position\":[1755,1775]}]},{\"clone_length\":6,\"clones\":[{\"psi\":\"[PsiElement(Py:IDENTIFIER), PsiElement(Py:DOT), PsiElement(Py:IDENTIFIER), PsiElement(Py:LPAR), PsiElement(Py:IDENTIFIER), PsiElement(Py:LPAR)]\",\"text\":\"x.try_adjust_type(tp(\\\"[e|t]\\\"\",\"position\":[1699,1719]},{\"psi\":\"[PsiElement(Py:IDENTIFIER), PsiElement(Py:DOT), PsiElement(Py:IDENTIFIER), PsiElement(Py:LPAR), PsiElement(Py:IDENTIFIER), PsiElement(Py:LPAR)]\",\"text\":\"x.try_adjust_type(tp(\\\"[e|t]\\\"\",\"position\":[1755,1775]}]},{\"clone_length\":1,\"clones\":[{\"psi\":\"[PsiElement(Py:IDENTIFIER)]\",\"text\":\"equals\",\"position\":[1142,1142]},{\"psi\":\"[PsiElement(Py:IDENTIFIER)]\",\"text\":\"equals\",\"position\":[1212,1212]}]},{\"clone_length\":10,\"clones\":[{\"psi\":\"[PsiElement(Py:EXCEPT_KEYWORD), PsiElement(Py:IDENTIFIER), PsiElement(Py:DOT), PsiElement(Py:IDENTIFIER), PsiElement(Py:AS_KEYWORD), PsiElement(Py:IDENTIFIER), PsiElement(Py:COLON), PsiElement(Py:IDENTIFIER), PsiElement(Py:LPAR), PsiElement(Py:IDENTIFIER)]\",\"text\":\"except types.TypeParseError as e:\\n    print(e\",\"position\":[327,371]},{\"psi\":\"[PsiElement(Py:EXCEPT_KEYWORD), PsiElement(Py:IDENTIFIER), PsiElement(Py:DOT), PsiElement(Py:IDENTIFIER), PsiElement(Py:AS_KEYWORD), PsiElement(Py:IDENTIFIER), PsiElement(Py:COLON), PsiElement(Py:IDENTIFIER), PsiElement(Py:LPAR), PsiElement(Py:IDENTIFIER)]\",\"text\":\"except types.TypeParseError as e:\\n    print(e\",\"position\":[420,464]}]},{\"clone_length\":2,\"clones\":[{\"psi\":\"[PsiElement(Py:IDENTIFIER), PsiElement(Py:LPAR)]\",\"text\":\"reduce (\",\"position\":[2568,2575]},{\"psi\":\"[PsiElement(Py:IDENTIFIER), PsiElement(Py:LPAR)]\",\"text\":\"reduce (\",\"position\":[2491,2498]},{\"psi\":\"[PsiElement(Py:IDENTIFIER), PsiElement(Py:LPAR)]\",\"text\":\"reduce (\",\"position\":[2669,2676]},{\"psi\":\"[PsiElement(Py:IDENTIFIER), PsiElement(Py:LPAR)]\",\"text\":\"reduce (\",\"position\":[3003,3010]},{\"psi\":\"[PsiElement(Py:IDENTIFIER), PsiElement(Py:LPAR)]\",\"text\":\"reduce (\",\"position\":[3080,3087]},{\"psi\":\"[PsiElement(Py:IDENTIFIER), PsiElement(Py:LPAR)]\",\"text\":\"reduce (\",\"position\":[3157,3164]},{\"psi\":\"[PsiElement(Py:IDENTIFIER), PsiElement(Py:LPAR)]\",\"text\":\"reduce (\",\"position\":[3230,3237]}]},{\"clone_length\":12,\"clones\":[{\"psi\":\"[PsiElement(Py:COLON), PsiElement(Py:IDENTIFIER), PsiElement(Py:RPAR), PsiElement(Py:COMMA), PsiElement(Py:IDENTIFIER), PsiElement(Py:RPAR), PsiElement(Py:RPAR), PsiElement(Py:LPAR), PsiElement(Py:IDENTIFIER), PsiElement(Py:RPAR), PsiElement(Py:PERC), PsiElement(Py:IDENTIFIER)]\",\"text\":\": x), P_n))(A_e)\\n# [___CELL_SEPARATOR___]\\n%te\",\"position\":[3184,3227]},{\"psi\":\"[PsiElement(Py:COLON), PsiElement(Py:IDENTIFIER), PsiElement(Py:RPAR), PsiElement(Py:COMMA), PsiElement(Py:IDENTIFIER), PsiElement(Py:RPAR), PsiElement(Py:RPAR), PsiElement(Py:LPAR), PsiElement(Py:IDENTIFIER), PsiElement(Py:RPAR), PsiElement(Py:PERC), PsiElement(Py:IDENTIFIER)]\",\"text\":\": x), P_n))(A_e)\\n# [___CELL_SEPARATOR___]\\n\\n# [___CELL_SEPARATOR___]\\n%te\",\"position\":[3257,3326]}]},{\"clone_length\":3,\"clones\":[{\"psi\":\"[PsiElement(Py:LPAR), PsiElement(Py:IDENTIFIER), PsiElement(Py:LPAR)]\",\"text\":\"(tp(\\\"n\\\"\",\"position\":[1801,1804]},{\"psi\":\"[PsiElement(Py:LPAR), PsiElement(Py:IDENTIFIER), PsiElement(Py:LPAR)]\",\"text\":\"(tp(\\\"n\\\"\",\"position\":[2176,2179]}]},{\"clone_length\":5,\"clones\":[{\"psi\":\"[PsiElement(Py:LPAR), PsiElement(Py:LPAR), PsiElement(Py:IDENTIFIER), PsiElement(Py:IDENTIFIER), PsiElement(Py:COLON)]\",\"text\":\"((L x_e :\",\"position\":[2597,2605]},{\"psi\":\"[PsiElement(Py:LPAR), PsiElement(Py:LPAR), PsiElement(Py:IDENTIFIER), PsiElement(Py:IDENTIFIER), PsiElement(Py:COLON)]\",\"text\":\"((L x_e :\",\"position\":[2730,2738]},{\"psi\":\"[PsiElement(Py:LPAR), PsiElement(Py:LPAR), PsiElement(Py:IDENTIFIER), PsiElement(Py:IDENTIFIER), PsiElement(Py:COLON)]\",\"text\":\"((L x_e :\",\"position\":[3022,3030]},{\"psi\":\"[PsiElement(Py:LPAR), PsiElement(Py:LPAR), PsiElement(Py:IDENTIFIER), PsiElement(Py:IDENTIFIER), PsiElement(Py:COLON)]\",\"text\":\"((L x_e :\",\"position\":[3099,3107]},{\"psi\":\"[PsiElement(Py:LPAR), PsiElement(Py:LPAR), PsiElement(Py:IDENTIFIER), PsiElement(Py:IDENTIFIER), PsiElement(Py:COLON)]\",\"text\":\"((L x_e :\",\"position\":[3176,3184]}]},{\"clone_length\":10,\"clones\":[{\"psi\":\"[PsiElement(Py:LPAR), PsiElement(Py:LPAR), PsiElement(Py:IDENTIFIER), PsiElement(Py:IDENTIFIER), PsiElement(Py:LT), PsiElement(Py:IDENTIFIER), PsiElement(Py:COMMA), PsiElement(Py:IDENTIFIER), PsiElement(Py:GT), PsiElement(Py:COLON)]\",\"text\":\"((L f_\\u003ce,t\\u003e :\",\"position\":[2847,2859]},{\"psi\":\"[PsiElement(Py:LPAR), PsiElement(Py:IDENTIFIER), PsiElement(Py:IDENTIFIER), PsiElement(Py:LT), PsiElement(Py:IDENTIFIER), PsiElement(Py:COMMA), PsiElement(Py:IDENTIFIER), PsiElement(Py:GT), PsiElement(Py:COLON)]\",\"text\":\"(L f_\\u003ce,t\\u003e :\",\"position\":[2865,2876]}]},{\"clone_length\":14,\"clones\":[{\"psi\":\"[PsiElement(Py:LPAR), PsiElement(Py:LPAR), PsiElement(Py:IDENTIFIER), PsiElement(Py:IDENTIFIER), PsiElement(Py:COLON), PsiElement(Py:IDENTIFIER), PsiElement(Py:LPAR), PsiElement(Py:IDENTIFIER), PsiElement(Py:LBRACKET), PsiElement(Py:IDENTIFIER), PsiElement(Py:OR), PsiElement(Py:IDENTIFIER), PsiElement(Py:RBRACKET), PsiElement(Py:COMMA)]\",\"text\":\"((L x_e : Disjunctive(x_[e|n],\",\"position\":[2597,2626]},{\"psi\":\"[PsiElement(Py:LPAR), PsiElement(Py:LPAR), PsiElement(Py:IDENTIFIER), PsiElement(Py:IDENTIFIER), PsiElement(Py:COLON), PsiElement(Py:IDENTIFIER), PsiElement(Py:LPAR), PsiElement(Py:IDENTIFIER), PsiElement(Py:LBRACKET), PsiElement(Py:IDENTIFIER), PsiElement(Py:OR), PsiElement(Py:IDENTIFIER), PsiElement(Py:RBRACKET), PsiElement(Py:COMMA)]\",\"text\":\"((L x_e : Disjunctive(x_[e|n],\",\"position\":[2730,2759]}]},{\"clone_length\":5,\"clones\":[{\"psi\":\"[PsiElement(Py:LPAR), PsiElement(Py:IDENTIFIER), PsiElement(Py:IDENTIFIER), PsiElement(Py:LBRACKET), PsiElement(Py:IDENTIFIER)]\",\"text\":\"(L x_[e\",\"position\":[1382,1388]},{\"psi\":\"[PsiElement(Py:LPAR), PsiElement(Py:IDENTIFIER), PsiElement(Py:IDENTIFIER), PsiElement(Py:LBRACKET), PsiElement(Py:IDENTIFIER)]\",\"text\":\"(L x_[e\",\"position\":[2575,2581]}]},{\"clone_length\":5,\"clones\":[{\"psi\":\"[PsiElement(Py:LPAR), PsiElement(Py:IDENTIFIER), PsiElement(Py:IDENTIFIER), PsiElement(Py:COLON), PsiElement(Py:IDENTIFIER)]\",\"text\":\"(L x_e : Disjunctive\",\"position\":[2498,2507]},{\"psi\":\"[PsiElement(Py:LPAR), PsiElement(Py:IDENTIFIER), PsiElement(Py:IDENTIFIER), PsiElement(Py:COLON), PsiElement(Py:IDENTIFIER)]\",\"text\":\"(L x_e : Disjunctive\",\"position\":[2676,2685]},{\"psi\":\"[PsiElement(Py:LPAR), PsiElement(Py:IDENTIFIER), PsiElement(Py:IDENTIFIER), PsiElement(Py:COLON), PsiElement(Py:IDENTIFIER)]\",\"text\":\"(L x_e : Disjunctive\",\"position\":[2598,2607]},{\"psi\":\"[PsiElement(Py:LPAR), PsiElement(Py:IDENTIFIER), PsiElement(Py:IDENTIFIER), PsiElement(Py:COLON), PsiElement(Py:IDENTIFIER)]\",\"text\":\"(L x_e : Disjunctive\",\"position\":[2731,2740]}]},{\"clone_length\":6,\"clones\":[{\"psi\":\"[PsiElement(Py:LPAR), PsiElement(Py:IDENTIFIER), PsiElement(Py:RPAR), PsiElement(Py:PERC), PsiElement(Py:IDENTIFIER), PsiElement(Py:IDENTIFIER)]\",\"text\":\"(A_e)\\n# [___CELL_SEPARATOR___]\\n%te reduce\",\"position\":[2533,2568]},{\"psi\":\"[PsiElement(Py:LPAR), PsiElement(Py:IDENTIFIER), PsiElement(Py:RPAR), PsiElement(Py:PERC), PsiElement(Py:IDENTIFIER), PsiElement(Py:IDENTIFIER)]\",\"text\":\"(A_e)\\n# [___CELL_SEPARATOR___]\\n%te reduce\",\"position\":[3045,3080]},{\"psi\":\"[PsiElement(Py:LPAR), PsiElement(Py:IDENTIFIER), PsiElement(Py:RPAR), PsiElement(Py:PERC), PsiElement(Py:IDENTIFIER), PsiElement(Py:IDENTIFIER)]\",\"text\":\"(A_e)\\n# [___CELL_SEPARATOR___]\\n%te reduce\",\"position\":[3122,3157]},{\"psi\":\"[PsiElement(Py:LPAR), PsiElement(Py:IDENTIFIER), PsiElement(Py:RPAR), PsiElement(Py:PERC), PsiElement(Py:IDENTIFIER), PsiElement(Py:IDENTIFIER)]\",\"text\":\"(A_e)\\n# [___CELL_SEPARATOR___]\\n%te reduce\",\"position\":[3195,3230]}]},{\"clone_length\":11,\"clones\":[{\"psi\":\"[PsiElement(Py:LPAR), PsiElement(Py:IDENTIFIER), PsiElement(Py:RPAR), PsiElement(Py:PERC), PsiElement(Py:IDENTIFIER), PsiElement(Py:IDENTIFIER), PsiElement(Py:LPAR), PsiElement(Py:IDENTIFIER), PsiElement(Py:LPAR), PsiElement(Py:LPAR), PsiElement(Py:IDENTIFIER)]\",\"text\":\"(A_e)\\n# [___CELL_SEPARATOR___]\\n%te reduce (Disjunctive((L\",\"position\":[3045,3101]},{\"psi\":\"[PsiElement(Py:LPAR), PsiElement(Py:IDENTIFIER), PsiElement(Py:RPAR), PsiElement(Py:PERC), PsiElement(Py:IDENTIFIER), PsiElement(Py:IDENTIFIER), PsiElement(Py:LPAR), PsiElement(Py:IDENTIFIER), PsiElement(Py:LPAR), PsiElement(Py:LPAR), PsiElement(Py:IDENTIFIER)]\",\"text\":\"(A_e)\\n# [___CELL_SEPARATOR___]\\n%te reduce (Disjunctive((L\",\"position\":[3122,3178]},{\"psi\":\"[PsiElement(Py:LPAR), PsiElement(Py:IDENTIFIER), PsiElement(Py:RPAR), PsiElement(Py:PERC), PsiElement(Py:IDENTIFIER), PsiElement(Py:IDENTIFIER), PsiElement(Py:LPAR), PsiElement(Py:IDENTIFIER), PsiElement(Py:LPAR), PsiElement(Py:LPAR), PsiElement(Py:IDENTIFIER)]\",\"text\":\"(A_e)\\n# [___CELL_SEPARATOR___]\\n%te reduce (Disjunctive((L\",\"position\":[3195,3251]}]},{\"clone_length\":5,\"clones\":[{\"psi\":\"[PsiElement(Py:PERC), PsiElement(Py:IDENTIFIER), PsiElement(Py:IDENTIFIER), PsiElement(Py:LPAR), PsiElement(Py:IDENTIFIER)]\",\"text\":\"%te reduce (L\",\"position\":[2564,2576]},{\"psi\":\"[PsiElement(Py:PERC), PsiElement(Py:IDENTIFIER), PsiElement(Py:IDENTIFIER), PsiElement(Py:LPAR), PsiElement(Py:IDENTIFIER)]\",\"text\":\"%te reduce (L\",\"position\":[2487,2499]},{\"psi\":\"[PsiElement(Py:PERC), PsiElement(Py:IDENTIFIER), PsiElement(Py:IDENTIFIER), PsiElement(Py:LPAR), PsiElement(Py:IDENTIFIER)]\",\"text\":\"%te reduce (L\",\"position\":[2665,2677]}]},{\"clone_length\":14,\"clones\":[{\"psi\":\"[PsiElement(Py:PERC), PsiElement(Py:IDENTIFIER), PsiElement(Py:IDENTIFIER), PsiElement(Py:LPAR), PsiElement(Py:IDENTIFIER), PsiElement(Py:IDENTIFIER), PsiElement(Py:COLON), PsiElement(Py:IDENTIFIER), PsiElement(Py:LPAR), PsiElement(Py:IDENTIFIER), PsiElement(Py:LBRACKET), PsiElement(Py:IDENTIFIER), PsiElement(Py:OR), PsiElement(Py:IDENTIFIER)]\",\"text\":\"%te reduce (L x_e : Disjunctive(x_[e|n\",\"position\":[2487,2524]},{\"psi\":\"[PsiElement(Py:PERC), PsiElement(Py:IDENTIFIER), PsiElement(Py:IDENTIFIER), PsiElement(Py:LPAR), PsiElement(Py:IDENTIFIER), PsiElement(Py:IDENTIFIER), PsiElement(Py:COLON), PsiElement(Py:IDENTIFIER), PsiElement(Py:LPAR), PsiElement(Py:IDENTIFIER), PsiElement(Py:LBRACKET), PsiElement(Py:IDENTIFIER), PsiElement(Py:OR), PsiElement(Py:IDENTIFIER)]\",\"text\":\"%te reduce (L x_e : Disjunctive(x_[e|n\",\"position\":[2665,2702]}]},{\"clone_length\":14,\"clones\":[{\"psi\":\"[PsiElement(Py:PERC), PsiElement(Py:IDENTIFIER), PsiElement(Py:IDENTIFIER), PsiElement(Py:LPAR), PsiElement(Py:IDENTIFIER), PsiElement(Py:LPAR), PsiElement(Py:LPAR), PsiElement(Py:IDENTIFIER), PsiElement(Py:IDENTIFIER), PsiElement(Py:COLON), PsiElement(Py:IDENTIFIER), PsiElement(Py:RPAR), PsiElement(Py:COMMA), PsiElement(Py:IDENTIFIER)]\",\"text\":\"%te reduce (Disjunctive((L x_e : x), P_\",\"position\":[2999,3036]},{\"psi\":\"[PsiElement(Py:PERC), PsiElement(Py:IDENTIFIER), PsiElement(Py:IDENTIFIER), PsiElement(Py:LPAR), PsiElement(Py:IDENTIFIER), PsiElement(Py:LPAR), PsiElement(Py:LPAR), PsiElement(Py:IDENTIFIER), PsiElement(Py:IDENTIFIER), PsiElement(Py:COLON), PsiElement(Py:IDENTIFIER), PsiElement(Py:RPAR), PsiElement(Py:COMMA), PsiElement(Py:IDENTIFIER)]\",\"text\":\"%te reduce (Disjunctive((L x_e : x), P_\",\"position\":[3076,3113]}]},{\"clone_length\":3,\"clones\":[{\"psi\":\"[PsiElement(Py:PERC), PsiElement(Py:IDENTIFIER), PsiElement(Py:IDENTIFIER)]\",\"text\":\"%te L\",\"position\":[2386,2390]},{\"psi\":\"[PsiElement(Py:PERC), PsiElement(Py:IDENTIFIER), PsiElement(Py:IDENTIFIER)]\",\"text\":\"%te L\",\"position\":[3325,3329]},{\"psi\":\"[PsiElement(Py:PERC), PsiElement(Py:IDENTIFIER), PsiElement(Py:IDENTIFIER)]\",\"text\":\"%te L\",\"position\":[3388,3392]}]},{\"clone_length\":12,\"clones\":[{\"psi\":\"[PsiElement(Py:PERC), PsiElement(Py:IDENTIFIER), PsiElement(Py:IDENTIFIER), PsiElement(Py:IDENTIFIER), PsiElement(Py:LBRACKET), PsiElement(Py:IDENTIFIER), PsiElement(Py:OR), PsiElement(Py:IDENTIFIER), PsiElement(Py:RBRACKET), PsiElement(Py:COLON), PsiElement(Py:IDENTIFIER), PsiElement(Py:LPAR)]\",\"text\":\"%te L x_[e|n] : Disjunctive(\",\"position\":[3325,3352]},{\"psi\":\"[PsiElement(Py:PERC), PsiElement(Py:IDENTIFIER), PsiElement(Py:IDENTIFIER), PsiElement(Py:IDENTIFIER), PsiElement(Py:LBRACKET), PsiElement(Py:IDENTIFIER), PsiElement(Py:OR), PsiElement(Py:IDENTIFIER), PsiElement(Py:RBRACKET), PsiElement(Py:COLON), PsiElement(Py:IDENTIFIER), PsiElement(Py:LPAR)]\",\"text\":\"%te L x_[e|n] : Disjunctive(\",\"position\":[3388,3415]}]},{\"clone_length\":3,\"clones\":[{\"psi\":\"[PsiElement(Py:PERC), PsiElement(Py:IDENTIFIER), PsiElement(Py:IDENTIFIER)]\",\"text\":\"%te Disjunctive\",\"position\":[1589,1593]},{\"psi\":\"[PsiElement(Py:PERC), PsiElement(Py:IDENTIFIER), PsiElement(Py:IDENTIFIER)]\",\"text\":\"%te Disjunctive\",\"position\":[2832,2836]},{\"psi\":\"[PsiElement(Py:PERC), PsiElement(Py:IDENTIFIER), PsiElement(Py:IDENTIFIER)]\",\"text\":\"%te Disjunctive\",\"position\":[1973,1977]},{\"psi\":\"[PsiElement(Py:PERC), PsiElement(Py:IDENTIFIER), PsiElement(Py:IDENTIFIER)]\",\"text\":\"%te Disjunctive\",\"position\":[2024,2028]},{\"psi\":\"[PsiElement(Py:PERC), PsiElement(Py:IDENTIFIER), PsiElement(Py:IDENTIFIER)]\",\"text\":\"%te Disjunctive\",\"position\":[2088,2092]},{\"psi\":\"[PsiElement(Py:PERC), PsiElement(Py:IDENTIFIER), PsiElement(Py:IDENTIFIER)]\",\"text\":\"%te Disjunctive\",\"position\":[2323,2327]}]},{\"clone_length\":4,\"clones\":[{\"psi\":\"[PsiElement(Py:PERC), PsiElement(Py:IDENTIFIER), PsiElement(Py:IDENTIFIER), PsiElement(Py:LPAR)]\",\"text\":\"%te Disjunctive(\",\"position\":[1589,1604]},{\"psi\":\"[PsiElement(Py:PERC), PsiElement(Py:IDENTIFIER), PsiElement(Py:IDENTIFIER), PsiElement(Py:LPAR)]\",\"text\":\"%te Disjunctive(\",\"position\":[2832,2847]},{\"psi\":\"[PsiElement(Py:PERC), PsiElement(Py:IDENTIFIER), PsiElement(Py:IDENTIFIER), PsiElement(Py:LPAR)]\",\"text\":\"%te Disjunctive(\",\"position\":[1973,1988]},{\"psi\":\"[PsiElement(Py:PERC), PsiElement(Py:IDENTIFIER), PsiElement(Py:IDENTIFIER), PsiElement(Py:LPAR)]\",\"text\":\"%te Disjunctive(\",\"position\":[2024,2039]},{\"psi\":\"[PsiElement(Py:PERC), PsiElement(Py:IDENTIFIER), PsiElement(Py:IDENTIFIER), PsiElement(Py:LPAR)]\",\"text\":\"%te Disjunctive(\",\"position\":[2088,2103]}]},{\"clone_length\":5,\"clones\":[{\"psi\":\"[PsiElement(Py:PERC), PsiElement(Py:IDENTIFIER), PsiElement(Py:IDENTIFIER), PsiElement(Py:LPAR), PsiElement(Py:IDENTIFIER)]\",\"text\":\"%te Disjunctive(x_e\",\"position\":[1973,1989]},{\"psi\":\"[PsiElement(Py:PERC), PsiElement(Py:IDENTIFIER), PsiElement(Py:IDENTIFIER), PsiElement(Py:LPAR), PsiElement(Py:IDENTIFIER)]\",\"text\":\"%te Disjunctive(x_e\",\"position\":[2024,2040]},{\"psi\":\"[PsiElement(Py:PERC), PsiElement(Py:IDENTIFIER), PsiElement(Py:IDENTIFIER), PsiElement(Py:LPAR), PsiElement(Py:IDENTIFIER)]\",\"text\":\"%te Disjunctive(x_e\",\"position\":[2088,2104]}]},{\"clone_length\":7,\"clones\":[{\"psi\":\"[PsiElement(Py:PERC), PsiElement(Py:IDENTIFIER), PsiElement(Py:IDENTIFIER), PsiElement(Py:LPAR), PsiElement(Py:IDENTIFIER), PsiElement(Py:COMMA), PsiElement(Py:IDENTIFIER)]\",\"text\":\"%te Disjunctive(x_e, y_e\",\"position\":[1973,1994]},{\"psi\":\"[PsiElement(Py:PERC), PsiElement(Py:IDENTIFIER), PsiElement(Py:IDENTIFIER), PsiElement(Py:LPAR), PsiElement(Py:IDENTIFIER), PsiElement(Py:COMMA), PsiElement(Py:IDENTIFIER)]\",\"text\":\"%te Disjunctive(x_e, y_e\",\"position\":[2024,2045]}]},{\"clone_length\":3,\"clones\":[{\"psi\":\"[PsiElement(Py:RPAR), PsiElement(Py:LPAR), PsiElement(Py:LPAR)]\",\"text\":\")((\",\"position\":[2596,2598]},{\"psi\":\"[PsiElement(Py:RPAR), PsiElement(Py:LPAR)]\",\"text\":\")(\",\"position\":[2714,2715]}]},{\"clone_length\":5,\"clones\":[{\"psi\":\"[PsiElement(Py:RPAR), PsiElement(Py:IDENTIFIER), PsiElement(Py:EQ), PsiElement(Py:PERC), PsiElement(Py:IDENTIFIER)]\",\"text\":\")\\n# [___CELL_SEPARATOR___]\\nf \\u003d %te\",\"position\":[2355,2387]},{\"psi\":\"[PsiElement(Py:RPAR), PsiElement(Py:IDENTIFIER), PsiElement(Py:EQ), PsiElement(Py:PERC), PsiElement(Py:IDENTIFIER)]\",\"text\":\")\\n# [___CELL_SEPARATOR___]\\n\\n# [___CELL_SEPARATOR___]\\nf \\u003d %te\",\"position\":[2775,2833]}]},{\"clone_length\":13,\"clones\":[{\"psi\":\"[PsiElement(Py:IDENTIFIER), PsiElement(Py:IDENTIFIER), PsiElement(Py:COLON), PsiElement(Py:IDENTIFIER), PsiElement(Py:LPAR), PsiElement(Py:IDENTIFIER), PsiElement(Py:LBRACKET), PsiElement(Py:IDENTIFIER), PsiElement(Py:OR), PsiElement(Py:IDENTIFIER), PsiElement(Py:RBRACKET), PsiElement(Py:COMMA), PsiElement(Py:IDENTIFIER)]\",\"text\":\"L x_e : Disjunctive(x_[e|n], False_t\",\"position\":[2390,2419]},{\"psi\":\"[PsiElement(Py:IDENTIFIER), PsiElement(Py:IDENTIFIER), PsiElement(Py:COLON), PsiElement(Py:IDENTIFIER), PsiElement(Py:LPAR), PsiElement(Py:IDENTIFIER), PsiElement(Py:LBRACKET), PsiElement(Py:IDENTIFIER), PsiElement(Py:OR), PsiElement(Py:IDENTIFIER), PsiElement(Py:RBRACKET), PsiElement(Py:COMMA), PsiElement(Py:IDENTIFIER)]\",\"text\":\"L x_e : Disjunctive(x_[e|n], False_t\",\"position\":[2677,2706]}]},{\"clone_length\":8,\"clones\":[{\"psi\":\"[PsiElement(Py:IDENTIFIER), PsiElement(Py:IDENTIFIER), PsiElement(Py:LBRACKET), PsiElement(Py:IDENTIFIER), PsiElement(Py:OR), PsiElement(Py:IDENTIFIER), PsiElement(Py:RBRACKET), PsiElement(Py:COLON)]\",\"text\":\"L x_[e|n] :\",\"position\":[1153,1163]},{\"psi\":\"[PsiElement(Py:IDENTIFIER), PsiElement(Py:IDENTIFIER), PsiElement(Py:LBRACKET), PsiElement(Py:IDENTIFIER), PsiElement(Py:OR), PsiElement(Py:IDENTIFIER), PsiElement(Py:RBRACKET), PsiElement(Py:COLON)]\",\"text\":\"L x_[e|n] :\",\"position\":[1383,1393]},{\"psi\":\"[PsiElement(Py:IDENTIFIER), PsiElement(Py:IDENTIFIER), PsiElement(Py:LBRACKET), PsiElement(Py:IDENTIFIER), PsiElement(Py:OR), PsiElement(Py:IDENTIFIER), PsiElement(Py:RBRACKET), PsiElement(Py:COLON)]\",\"text\":\"L x_[e|n] :\",\"position\":[3329,3339]},{\"psi\":\"[PsiElement(Py:IDENTIFIER), PsiElement(Py:IDENTIFIER), PsiElement(Py:LBRACKET), PsiElement(Py:IDENTIFIER), PsiElement(Py:OR), PsiElement(Py:IDENTIFIER), PsiElement(Py:RBRACKET), PsiElement(Py:COLON)]\",\"text\":\"L x_[e|n] :\",\"position\":[3392,3402]}]},{\"clone_length\":4,\"clones\":[{\"psi\":\"[PsiElement(Py:IDENTIFIER), PsiElement(Py:GT), PsiElement(Py:LPAR), PsiElement(Py:IDENTIFIER)]\",\"text\":\"t\\u003e(x\",\"position\":[1404,1407]},{\"psi\":\"[PsiElement(Py:IDENTIFIER), PsiElement(Py:GT), PsiElement(Py:LPAR), PsiElement(Py:IDENTIFIER)]\",\"text\":\"t\\u003e(x\",\"position\":[3433,3436]}]},{\"clone_length\":18,\"clones\":[{\"psi\":\"[PsiElement(Py:IDENTIFIER), PsiElement(Py:GT), PsiElement(Py:RPAR), PsiElement(Py:RPAR), PsiElement(Py:LPAR), PsiElement(Py:IDENTIFIER), PsiElement(Py:RPAR), PsiElement(Py:PERC), PsiElement(Py:IDENTIFIER), PsiElement(Py:IDENTIFIER), PsiElement(Py:LPAR), PsiElement(Py:IDENTIFIER), PsiElement(Py:LPAR), PsiElement(Py:LPAR), PsiElement(Py:IDENTIFIER), PsiElement(Py:IDENTIFIER), PsiElement(Py:COLON), PsiElement(Py:IDENTIFIER)]\",\"text\":\"t\\u003e))(A_e)\\n# [___CELL_SEPARATOR___]\\n%te reduce (Disjunctive((L x_e : x\",\"position\":[3041,3109]},{\"psi\":\"[PsiElement(Py:IDENTIFIER), PsiElement(Py:GT), PsiElement(Py:RPAR), PsiElement(Py:RPAR), PsiElement(Py:LPAR), PsiElement(Py:IDENTIFIER), PsiElement(Py:RPAR), PsiElement(Py:PERC), PsiElement(Py:IDENTIFIER), PsiElement(Py:IDENTIFIER), PsiElement(Py:LPAR), PsiElement(Py:IDENTIFIER), PsiElement(Py:LPAR), PsiElement(Py:LPAR), PsiElement(Py:IDENTIFIER), PsiElement(Py:IDENTIFIER), PsiElement(Py:COLON), PsiElement(Py:IDENTIFIER)]\",\"text\":\"t\\u003e))(A_e)\\n# [___CELL_SEPARATOR___]\\n%te reduce (Disjunctive((L x_e : x\",\"position\":[3118,3186]}]},{\"clone_length\":6,\"clones\":[{\"psi\":\"[PsiElement(Py:IDENTIFIER), PsiElement(Py:RBRACKET), PsiElement(Py:COMMA), PsiElement(Py:IDENTIFIER), PsiElement(Py:GT), PsiElement(Py:LPAR)]\",\"text\":\"n],t\\u003e(\",\"position\":[1305,1310]},{\"psi\":\"[PsiElement(Py:IDENTIFIER), PsiElement(Py:COMMA), PsiElement(Py:IDENTIFIER), PsiElement(Py:GT), PsiElement(Py:LPAR)]\",\"text\":\"n,t\\u003e(\",\"position\":[3431,3435]},{\"psi\":\"[PsiElement(Py:IDENTIFIER), PsiElement(Py:COMMA), PsiElement(Py:IDENTIFIER), PsiElement(Py:GT), PsiElement(Py:RPAR), PsiElement(Py:RPAR), PsiElement(Py:LPAR)]\",\"text\":\"n,t\\u003e))(\",\"position\":[3116,3122]}]},{\"clone_length\":2,\"clones\":[{\"psi\":\"[PsiElement(Py:IDENTIFIER), PsiElement(Py:IDENTIFIER)]\",\"text\":\"f\\n# [___CELL_SEPARATOR___]\\nf\",\"position\":[2917,2944]},{\"psi\":\"[PsiElement(Py:IDENTIFIER), PsiElement(Py:IDENTIFIER)]\",\"text\":\"f\\n# [___CELL_SEPARATOR___]\\nf\",\"position\":[2917,2944]}]},{\"clone_length\":2,\"clones\":[{\"psi\":\"[PsiElement(Py:IDENTIFIER), PsiElement(Py:IDENTIFIER)]\",\"text\":\"r\\n# [___CELL_SEPARATOR___]\\nr\",\"position\":[2132,2159]},{\"psi\":\"[PsiElement(Py:IDENTIFIER), PsiElement(Py:IDENTIFIER)]\",\"text\":\"r\\n# [___CELL_SEPARATOR___]\\nr\",\"position\":[2132,2159]}]},{\"clone_length\":6,\"clones\":[{\"psi\":\"[PsiElement(Py:IDENTIFIER), PsiElement(Py:DOT), PsiElement(Py:IDENTIFIER), PsiElement(Py:LPAR), PsiElement(Py:IDENTIFIER), PsiElement(Py:LPAR)]\",\"text\":\"r.try_adjust_type(tp(\",\"position\":[2159,2179]},{\"psi\":\"[PsiElement(Py:IDENTIFIER), PsiElement(Py:DOT), PsiElement(Py:IDENTIFIER), PsiElement(Py:LPAR), PsiElement(Py:IDENTIFIER), PsiElement(Py:LPAR)]\",\"text\":\"r.try_adjust_type(tp(\",\"position\":[2211,2231]},{\"psi\":\"[PsiElement(Py:IDENTIFIER), PsiElement(Py:DOT), PsiElement(Py:IDENTIFIER), PsiElement(Py:LPAR), PsiElement(Py:IDENTIFIER), PsiElement(Py:LPAR)]\",\"text\":\"r.try_adjust_type(tp(\",\"position\":[2267,2287]}]},{\"clone_length\":2,\"clones\":[{\"psi\":\"[PsiElement(Py:IDENTIFIER), PsiElement(Py:LPAR)]\",\"text\":\"te (\",\"position\":[1379,1382]},{\"psi\":\"[PsiElement(Py:IDENTIFIER), PsiElement(Py:LPAR)]\",\"text\":\"te(\",\"position\":[1878,1880]},{\"psi\":\"[PsiElement(Py:IDENTIFIER), PsiElement(Py:LPAR)]\",\"text\":\"te(\",\"position\":[1518,1520]}]},{\"clone_length\":1,\"clones\":[{\"psi\":\"[PsiElement(Py:IDENTIFIER)]\",\"text\":\"te\",\"position\":[1878,1878]},{\"psi\":\"[PsiElement(Py:IDENTIFIER)]\",\"text\":\"te\",\"position\":[1878,1878]}]},{\"clone_length\":7,\"clones\":[{\"psi\":\"[PsiElement(Py:IDENTIFIER), PsiElement(Py:LT), PsiElement(Py:IDENTIFIER), PsiElement(Py:COMMA), PsiElement(Py:IDENTIFIER), PsiElement(Py:GT), PsiElement(Py:LPAR)]\",\"text\":\"P_\\u003ce,t\\u003e(\",\"position\":[2723,2730]},{\"psi\":\"[PsiElement(Py:IDENTIFIER), PsiElement(Py:LT), PsiElement(Py:IDENTIFIER), PsiElement(Py:COMMA), PsiElement(Py:IDENTIFIER), PsiElement(Py:GT), PsiElement(Py:RPAR), PsiElement(Py:RPAR), PsiElement(Py:LPAR)]\",\"text\":\"P_\\u003ce,t\\u003e))(\",\"position\":[3036,3045]}]},{\"clone_length\":6,\"clones\":[{\"psi\":\"[PsiElement(Py:IDENTIFIER), PsiElement(Py:LT), PsiElement(Py:LBRACKET), PsiElement(Py:IDENTIFIER), PsiElement(Py:OR), PsiElement(Py:IDENTIFIER)]\",\"text\":\"P_\\u003c[e|n\",\"position\":[1299,1305]},{\"psi\":\"[PsiElement(Py:IDENTIFIER), PsiElement(Py:LT), PsiElement(Py:LBRACKET), PsiElement(Py:IDENTIFIER), PsiElement(Py:OR), PsiElement(Py:IDENTIFIER)]\",\"text\":\"P_\\u003c[e|n\",\"position\":[1395,1401]}]},{\"clone_length\":5,\"clones\":[{\"psi\":\"[PsiElement(Py:IDENTIFIER), PsiElement(Py:LPAR), PsiElement(Py:RPAR), PsiElement(Py:RPAR), PsiElement(Py:IDENTIFIER)]\",\"text\":\"tp(\\\"[e|t]\\\"))\\n# [___CELL_SEPARATOR___]\\ntp\",\"position\":[58,96]},{\"psi\":\"[PsiElement(Py:IDENTIFIER), PsiElement(Py:LPAR), PsiElement(Py:RPAR), PsiElement(Py:COMMA), PsiElement(Py:IDENTIFIER)]\",\"text\":\"tp(\\\"[e|t]\\\"), tp\",\"position\":[45,58]},{\"psi\":\"[PsiElement(Py:IDENTIFIER), PsiElement(Py:LPAR), PsiElement(Py:RPAR), PsiElement(Py:COMMA), PsiElement(Py:IDENTIFIER)]\",\"text\":\"tp(\\\"[e|t]\\\"), tp\",\"position\":[204,217]},{\"psi\":\"[PsiElement(Py:IDENTIFIER), PsiElement(Py:LPAR), PsiElement(Py:RPAR), PsiElement(Py:COMMA), PsiElement(Py:IDENTIFIER)]\",\"text\":\"tp(\\\"[e|t]\\\"), tp\",\"position\":[257,270]},{\"psi\":\"[PsiElement(Py:IDENTIFIER), PsiElement(Py:LPAR), PsiElement(Py:RPAR), PsiElement(Py:COMMA), PsiElement(Py:IDENTIFIER)]\",\"text\":\"tp(\\\"[e|t]\\\"), tp\",\"position\":[578,591]}]},{\"clone_length\":2,\"clones\":[{\"psi\":\"[PsiElement(Py:IDENTIFIER), PsiElement(Py:LPAR)]\",\"text\":\"tp(\\\"[\\u003ce,t\\u003e|\\u003ce,n\\u003e]\\\"\",\"position\":[631,633]},{\"psi\":\"[PsiElement(Py:IDENTIFIER), PsiElement(Py:LPAR)]\",\"text\":\"tp(\\\"[\\u003ce,t\\u003e|\\u003ce,n\\u003e]\\\"\",\"position\":[859,861]},{\"psi\":\"[PsiElement(Py:IDENTIFIER), PsiElement(Py:LPAR)]\",\"text\":\"tp(\\\"[\\u003ce,t\\u003e|\\u003ce,n\\u003e]\\\"\",\"position\":[905,907]}]},{\"clone_length\":5,\"clones\":[{\"psi\":\"[PsiElement(Py:IDENTIFIER), PsiElement(Py:LPAR), PsiElement(Py:RPAR), PsiElement(Py:COMMA), PsiElement(Py:IDENTIFIER)]\",\"text\":\"tp(\\\"[\\u003ce,t\\u003e|\\u003ce,n\\u003e]\\\"), tp\",\"position\":[631,652]},{\"psi\":\"[PsiElement(Py:IDENTIFIER), PsiElement(Py:LPAR), PsiElement(Py:RPAR), PsiElement(Py:RPAR), PsiElement(Py:IDENTIFIER)]\",\"text\":\"tp(\\\"[\\u003ce,t\\u003e|\\u003ce,n\\u003e]\\\"))\\n# [___CELL_SEPARATOR___]\\ntp\",\"position\":[859,905]}]},{\"clone_length\":2,\"clones\":[{\"psi\":\"[PsiElement(Py:IDENTIFIER), PsiElement(Py:LPAR)]\",\"text\":\"tp(\\\"e\\\"\",\"position\":[217,219]},{\"psi\":\"[PsiElement(Py:IDENTIFIER), PsiElement(Py:LPAR)]\",\"text\":\"tp(\\\"e\\\"\",\"position\":[1665,1667]}]},{\"clone_length\":1,\"clones\":[{\"psi\":\"[PsiElement(Py:IDENTIFIER)]\",\"text\":\"tp\",\"position\":[1061,1061]},{\"psi\":\"[PsiElement(Py:IDENTIFIER)]\",\"text\":\"tp\",\"position\":[905,905]},{\"psi\":\"[PsiElement(Py:IDENTIFIER)]\",\"text\":\"tp\",\"position\":[408,408]},{\"psi\":\"[PsiElement(Py:IDENTIFIER)]\",\"text\":\"tp\",\"position\":[317,317]},{\"psi\":\"[PsiElement(Py:IDENTIFIER)]\",\"text\":\"tp\",\"position\":[905,905]},{\"psi\":\"[PsiElement(Py:IDENTIFIER)]\",\"text\":\"tp\",\"position\":[1061,1061]}]},{\"clone_length\":2,\"clones\":[{\"psi\":\"[PsiElement(Py:IDENTIFIER), PsiElement(Py:LPAR)]\",\"text\":\"tp(\",\"position\":[905,907]},{\"psi\":\"[PsiElement(Py:IDENTIFIER), PsiElement(Py:LPAR)]\",\"text\":\"tp(\",\"position\":[1061,1063]}]},{\"clone_length\":4,\"clones\":[{\"psi\":\"[PsiElement(Py:TRY_KEYWORD), PsiElement(Py:COLON), PsiElement(Py:IDENTIFIER), PsiElement(Py:LPAR)]\",\"text\":\"try:\\n    tp(\",\"position\":[308,319]},{\"psi\":\"[PsiElement(Py:TRY_KEYWORD), PsiElement(Py:COLON), PsiElement(Py:IDENTIFIER), PsiElement(Py:LPAR)]\",\"text\":\"try:\\n    tp(\",\"position\":[399,410]}]},{\"clone_length\":4,\"clones\":[{\"psi\":\"[PsiElement(Py:IDENTIFIER), PsiElement(Py:LPAR), PsiElement(Py:IDENTIFIER), PsiElement(Py:LPAR)]\",\"text\":\"unify(tp(\",\"position\":[625,633]},{\"psi\":\"[PsiElement(Py:IDENTIFIER), PsiElement(Py:LPAR), PsiElement(Py:IDENTIFIER), PsiElement(Py:LPAR)]\",\"text\":\"unify(tp(\",\"position\":[39,47]},{\"psi\":\"[PsiElement(Py:IDENTIFIER), PsiElement(Py:LPAR), PsiElement(Py:IDENTIFIER), PsiElement(Py:LPAR)]\",\"text\":\"unify(tp(\",\"position\":[198,206]},{\"psi\":\"[PsiElement(Py:IDENTIFIER), PsiElement(Py:LPAR), PsiElement(Py:IDENTIFIER), PsiElement(Py:LPAR)]\",\"text\":\"unify(tp(\",\"position\":[251,259]},{\"psi\":\"[PsiElement(Py:IDENTIFIER), PsiElement(Py:LPAR), PsiElement(Py:IDENTIFIER), PsiElement(Py:LPAR)]\",\"text\":\"unify(tp(\",\"position\":[572,580]},{\"psi\":\"[PsiElement(Py:IDENTIFIER), PsiElement(Py:LPAR), PsiElement(Py:IDENTIFIER), PsiElement(Py:LPAR)]\",\"text\":\"unify(tp(\",\"position\":[757,765]},{\"psi\":\"[PsiElement(Py:IDENTIFIER), PsiElement(Py:LPAR), PsiElement(Py:IDENTIFIER), PsiElement(Py:LPAR)]\",\"text\":\"unify(tp(\",\"position\":[133,141]},{\"psi\":\"[PsiElement(Py:IDENTIFIER), PsiElement(Py:LPAR), PsiElement(Py:IDENTIFIER), PsiElement(Py:LPAR)]\",\"text\":\"unify(tp(\",\"position\":[686,694]},{\"psi\":\"[PsiElement(Py:IDENTIFIER), PsiElement(Py:LPAR), PsiElement(Py:IDENTIFIER), PsiElement(Py:LPAR)]\",\"text\":\"unify(tp(\",\"position\":[836,844]}]},{\"clone_length\":8,\"clones\":[{\"psi\":\"[PsiElement(Py:IDENTIFIER), PsiElement(Py:LPAR), PsiElement(Py:IDENTIFIER), PsiElement(Py:LPAR), PsiElement(Py:RPAR), PsiElement(Py:COMMA), PsiElement(Py:IDENTIFIER), PsiElement(Py:LPAR)]\",\"text\":\"unify(tp(\\\"[e|t]\\\"), tp(\",\"position\":[39,60]},{\"psi\":\"[PsiElement(Py:IDENTIFIER), PsiElement(Py:LPAR), PsiElement(Py:IDENTIFIER), PsiElement(Py:LPAR), PsiElement(Py:RPAR), PsiElement(Py:COMMA), PsiElement(Py:IDENTIFIER), PsiElement(Py:LPAR)]\",\"text\":\"unify(tp(\\\"[e|t]\\\"), tp(\",\"position\":[198,219]},{\"psi\":\"[PsiElement(Py:IDENTIFIER), PsiElement(Py:LPAR), PsiElement(Py:IDENTIFIER), PsiElement(Py:LPAR), PsiElement(Py:RPAR), PsiElement(Py:COMMA), PsiElement(Py:IDENTIFIER), PsiElement(Py:LPAR)]\",\"text\":\"unify(tp(\\\"[e|t]\\\"), tp(\",\"position\":[251,272]},{\"psi\":\"[PsiElement(Py:IDENTIFIER), PsiElement(Py:LPAR), PsiElement(Py:IDENTIFIER), PsiElement(Py:LPAR), PsiElement(Py:RPAR), PsiElement(Py:COMMA), PsiElement(Py:IDENTIFIER), PsiElement(Py:LPAR)]\",\"text\":\"unify(tp(\\\"[e|t]\\\"), tp(\",\"position\":[572,593]}]}]}","initial_tree_length":1030,"project_name":"cae44eb9357ec55b05e1b643286ff5f01dfc57da","file_name":"cae44eb9357ec55b05e1b643286ff5f01dfc57da.ipynb.py"}