{"3":"{\"totalGroups\":113,\"totalClones\":300,\"groups\":[{\"clone_length\":19,\"clones\":[{\"psi\":\"[PsiElement(Py:RBRACKET), PsiElement(Py:COMMA), PsiElement(Py:IDENTIFIER), PsiElement(Py:EQ), PsiElement(Py:INTEGER_LITERAL), PsiElement(Py:RPAR), PsiElement(Py:DOT), PsiElement(Py:IDENTIFIER), PsiElement(Py:LBRACKET), PsiElement(Py:INTEGER_LITERAL), PsiElement(Py:RBRACKET), PsiElement(Py:LBRACKET), PsiElement(Py:LBRACKET), PsiElement(Py:IDENTIFIER), PsiElement(Py:COMMA), PsiElement(Py:RBRACKET), PsiElement(Py:RBRACKET), PsiElement(Py:RPAR), PsiElement(Py:IDENTIFIER)]\",\"text\":\"\\\"fold_type\\\"], axis\\u003d1)\\n                .iloc[0][[m, \\\"estimator\\\"]])\\n            msg\",\"position\":[12176,12243]},{\"psi\":\"[PsiElement(Py:RBRACKET), PsiElement(Py:COMMA), PsiElement(Py:IDENTIFIER), PsiElement(Py:EQ), PsiElement(Py:INTEGER_LITERAL), PsiElement(Py:RPAR), PsiElement(Py:DOT), PsiElement(Py:IDENTIFIER), PsiElement(Py:LBRACKET), PsiElement(Py:INTEGER_LITERAL), PsiElement(Py:RBRACKET), PsiElement(Py:LBRACKET), PsiElement(Py:LBRACKET), PsiElement(Py:IDENTIFIER), PsiElement(Py:COMMA), PsiElement(Py:RBRACKET), PsiElement(Py:RBRACKET), PsiElement(Py:RPAR), PsiElement(Py:IDENTIFIER)]\",\"text\":\"\\\"fold_type\\\"], axis\\u003d1)\\n                .iloc[0][[m, \\\"estimator\\\"]])\\n            msg\",\"position\":[12732,12799]}]},{\"clone_length\":10,\"clones\":[{\"psi\":\"[PsiElement(Py:IDENTIFIER), PsiElement(Py:DOT), PsiElement(Py:IDENTIFIER), PsiElement(Py:LPAR), PsiElement(Py:LBRACKET), PsiElement(Py:IDENTIFIER), PsiElement(Py:COMMA), PsiElement(Py:IDENTIFIER), PsiElement(Py:COMMA), PsiElement(Py:IDENTIFIER)]\",\"text\":\"performance_scores.append([\\n                s_name, e_name, i\",\"position\":[7606,7666]},{\"psi\":\"[PsiElement(Py:IDENTIFIER), PsiElement(Py:DOT), PsiElement(Py:IDENTIFIER), PsiElement(Py:LPAR), PsiElement(Py:LBRACKET), PsiElement(Py:IDENTIFIER), PsiElement(Py:COMMA), PsiElement(Py:IDENTIFIER), PsiElement(Py:COMMA), PsiElement(Py:IDENTIFIER)]\",\"text\":\"performance_scores.append([\\n                s_name, e_name, i\",\"position\":[7915,7975]}]},{\"clone_length\":4,\"clones\":[{\"psi\":\"[PsiElement(Py:IDENTIFIER), PsiElement(Py:DOT), PsiElement(Py:IDENTIFIER), PsiElement(Py:LPAR)]\",\"text\":\"experiment_acf_summary.query(\",\"position\":[21302,21330]},{\"psi\":\"[PsiElement(Py:IDENTIFIER), PsiElement(Py:DOT), PsiElement(Py:IDENTIFIER), PsiElement(Py:LPAR)]\",\"text\":\"experiment_acf_summary.query(\",\"position\":[21568,21596]},{\"psi\":\"[PsiElement(Py:IDENTIFIER), PsiElement(Py:DOT), PsiElement(Py:IDENTIFIER), PsiElement(Py:LPAR)]\",\"text\":\"experiment_acf_summary.reset_index(\",\"position\":[21735,21769]}]},{\"clone_length\":1,\"clones\":[{\"psi\":\"[PsiElement(Py:IDENTIFIER)]\",\"text\":\"exp_df\",\"position\":[12523,12523]},{\"psi\":\"[PsiElement(Py:IDENTIFIER)]\",\"text\":\"exp_df\",\"position\":[12523,12523]}]},{\"clone_length\":4,\"clones\":[{\"psi\":\"[PsiElement(Py:IDENTIFIER), PsiElement(Py:DOT), PsiElement(Py:IDENTIFIER), PsiElement(Py:LPAR)]\",\"text\":\"exp_df\\n                .sort_values(\",\"position\":[12086,12121]},{\"psi\":\"[PsiElement(Py:IDENTIFIER), PsiElement(Py:DOT), PsiElement(Py:IDENTIFIER), PsiElement(Py:LPAR)]\",\"text\":\"exp_df\\n                # score closer to zero is better\\n                .assign(\",\"position\":[12523,12602]}]},{\"clone_length\":4,\"clones\":[{\"psi\":\"[PsiElement(Py:LAMBDA_KEYWORD), PsiElement(Py:IDENTIFIER), PsiElement(Py:COLON), PsiElement(Py:IDENTIFIER)]\",\"text\":\"lambda df:\\n            df\",\"position\":[859,882]},{\"psi\":\"[PsiElement(Py:LAMBDA_KEYWORD), PsiElement(Py:IDENTIFIER), PsiElement(Py:COLON), PsiElement(Py:IDENTIFIER)]\",\"text\":\"lambda df: df\",\"position\":[1120,1131]},{\"psi\":\"[PsiElement(Py:LAMBDA_KEYWORD), PsiElement(Py:IDENTIFIER), PsiElement(Py:COLON), PsiElement(Py:IDENTIFIER)]\",\"text\":\"lambda df: df\",\"position\":[12615,12626]},{\"psi\":\"[PsiElement(Py:LAMBDA_KEYWORD), PsiElement(Py:IDENTIFIER), PsiElement(Py:COLON), PsiElement(Py:IDENTIFIER)]\",\"text\":\"lambda df: df\",\"position\":[19324,19335]},{\"psi\":\"[PsiElement(Py:LAMBDA_KEYWORD), PsiElement(Py:IDENTIFIER), PsiElement(Py:COLON), PsiElement(Py:IDENTIFIER)]\",\"text\":\"lambda df: df\",\"position\":[23430,23441]},{\"psi\":\"[PsiElement(Py:LAMBDA_KEYWORD), PsiElement(Py:IDENTIFIER), PsiElement(Py:COLON), PsiElement(Py:IDENTIFIER)]\",\"text\":\"lambda df: df\",\"position\":[19392,19403]},{\"psi\":\"[PsiElement(Py:LAMBDA_KEYWORD), PsiElement(Py:IDENTIFIER), PsiElement(Py:COLON), PsiElement(Py:IDENTIFIER)]\",\"text\":\"lambda df: df\",\"position\":[23994,24005]}]},{\"clone_length\":4,\"clones\":[{\"psi\":\"[PsiElement(Py:LAMBDA_KEYWORD), PsiElement(Py:IDENTIFIER), PsiElement(Py:COLON), PsiElement(Py:IDENTIFIER)]\",\"text\":\"lambda df: df\",\"position\":[1120,1131]},{\"psi\":\"[PsiElement(Py:LAMBDA_KEYWORD), PsiElement(Py:IDENTIFIER), PsiElement(Py:COLON), PsiElement(Py:IDENTIFIER)]\",\"text\":\"lambda df: df\",\"position\":[12615,12626]},{\"psi\":\"[PsiElement(Py:LAMBDA_KEYWORD), PsiElement(Py:IDENTIFIER), PsiElement(Py:COLON), PsiElement(Py:IDENTIFIER)]\",\"text\":\"lambda df: df\",\"position\":[19324,19335]},{\"psi\":\"[PsiElement(Py:LAMBDA_KEYWORD), PsiElement(Py:IDENTIFIER), PsiElement(Py:COLON), PsiElement(Py:IDENTIFIER)]\",\"text\":\"lambda df: df\",\"position\":[23430,23441]},{\"psi\":\"[PsiElement(Py:LAMBDA_KEYWORD), PsiElement(Py:IDENTIFIER), PsiElement(Py:COLON), PsiElement(Py:IDENTIFIER)]\",\"text\":\"lambda df: df\",\"position\":[19392,19403]},{\"psi\":\"[PsiElement(Py:LAMBDA_KEYWORD), PsiElement(Py:IDENTIFIER), PsiElement(Py:COLON), PsiElement(Py:IDENTIFIER)]\",\"text\":\"lambda df: df\",\"position\":[23994,24005]}]},{\"clone_length\":4,\"clones\":[{\"psi\":\"[PsiElement(Py:LAMBDA_KEYWORD), PsiElement(Py:IDENTIFIER), PsiElement(Py:COLON), PsiElement(Py:IDENTIFIER)]\",\"text\":\"lambda df: df\",\"position\":[12615,12626]},{\"psi\":\"[PsiElement(Py:LAMBDA_KEYWORD), PsiElement(Py:IDENTIFIER), PsiElement(Py:COLON), PsiElement(Py:IDENTIFIER)]\",\"text\":\"lambda df: df\",\"position\":[19324,19335]},{\"psi\":\"[PsiElement(Py:LAMBDA_KEYWORD), PsiElement(Py:IDENTIFIER), PsiElement(Py:COLON), PsiElement(Py:IDENTIFIER)]\",\"text\":\"lambda df: df\",\"position\":[23430,23441]},{\"psi\":\"[PsiElement(Py:LAMBDA_KEYWORD), PsiElement(Py:IDENTIFIER), PsiElement(Py:COLON), PsiElement(Py:IDENTIFIER)]\",\"text\":\"lambda df: df\",\"position\":[19392,19403]},{\"psi\":\"[PsiElement(Py:LAMBDA_KEYWORD), PsiElement(Py:IDENTIFIER), PsiElement(Py:COLON), PsiElement(Py:IDENTIFIER)]\",\"text\":\"lambda df: df\",\"position\":[23994,24005]}]},{\"clone_length\":2,\"clones\":[{\"psi\":\"[PsiElement(Py:IDENTIFIER), PsiElement(Py:LPAR)]\",\"text\":\"mean_difference(\",\"position\":[7821,7836]},{\"psi\":\"[PsiElement(Py:IDENTIFIER), PsiElement(Py:LPAR)]\",\"text\":\"mean_difference(\",\"position\":[8126,8141]}]},{\"clone_length\":9,\"clones\":[{\"psi\":\"[PsiElement(Py:IDENTIFIER), PsiElement(Py:EQ), PsiElement(Py:COMMA), PsiElement(Py:IDENTIFIER), PsiElement(Py:EQ), PsiElement(Py:RPAR), PsiElement(Py:DOT), PsiElement(Py:IDENTIFIER), PsiElement(Py:LPAR)]\",\"text\":\"var_name\\u003d\\\"metric\\\", value_name\\u003d\\\"score\\\")\\n        .pipe(\",\"position\":[11196,11248]},{\"psi\":\"[PsiElement(Py:IDENTIFIER), PsiElement(Py:EQ), PsiElement(Py:COMMA), PsiElement(Py:IDENTIFIER), PsiElement(Py:EQ), PsiElement(Py:RPAR), PsiElement(Py:DOT), PsiElement(Py:IDENTIFIER), PsiElement(Py:LPAR)]\",\"text\":\"var_name\\u003d\\\"metric\\\", value_name\\u003d\\\"score\\\")\\n        .assign(\",\"position\":[23919,23973]},{\"psi\":\"[PsiElement(Py:IDENTIFIER), PsiElement(Py:EQ), PsiElement(Py:COMMA), PsiElement(Py:IDENTIFIER), PsiElement(Py:EQ), PsiElement(Py:RPAR), PsiElement(Py:DOT), PsiElement(Py:IDENTIFIER), PsiElement(Py:LPAR)]\",\"text\":\"var_name\\u003d\\\"metric\\\", value_name\\u003d\\\"score\\\")\\n    .assign(\",\"position\":[19248,19298]}]},{\"clone_length\":3,\"clones\":[{\"psi\":\"[PsiElement(Py:COMMA), PsiElement(Py:COMMA), PsiElement(Py:COMMA)]\",\"text\":\"\\u0027personal_status_and_sex_female_divorced/separated/married\\u0027,\\n    \\u0027personal_status_and_sex_male_divorced/separated\\u0027,\\n    \\u0027personal_status_and_sex_male_married/widowed\\u0027,\\n    \\u0027personal_status_and_sex_male_single\\u0027\",\"position\":[4248,4355]},{\"psi\":\"[PsiElement(Py:COMMA), PsiElement(Py:COMMA), PsiElement(Py:COMMA)]\",\"text\":\"\\u0027personal_status_and_sex_female_divorced/separated/married\\u0027,\\n        \\u0027personal_status_and_sex_male_divorced/separated\\u0027,\\n        \\u0027personal_status_and_sex_male_married/widowed\\u0027,\\n        \\u0027personal_status_and_sex_male_single\\u0027\",\"position\":[13289,13404]}]},{\"clone_length\":19,\"clones\":[{\"psi\":\"[PsiElement(Py:IDENTIFIER), PsiElement(Py:EQ), PsiElement(Py:LAMBDA_KEYWORD), PsiElement(Py:IDENTIFIER), PsiElement(Py:COLON), PsiElement(Py:IDENTIFIER), PsiElement(Py:DOT), PsiElement(Py:IDENTIFIER), PsiElement(Py:DOT), PsiElement(Py:IDENTIFIER), PsiElement(Py:DOT), PsiElement(Py:IDENTIFIER), PsiElement(Py:LPAR), PsiElement(Py:COMMA), PsiElement(Py:RPAR), PsiElement(Py:RPAR), PsiElement(Py:DOT), PsiElement(Py:IDENTIFIER), PsiElement(Py:LPAR)]\",\"text\":\"metric\\u003dlambda df: df.metric.str.replace(\\\"_\\\", \\\" \\\"))\\n    .rename(\",\"position\":[19385,19447]},{\"psi\":\"[PsiElement(Py:IDENTIFIER), PsiElement(Py:EQ), PsiElement(Py:LAMBDA_KEYWORD), PsiElement(Py:IDENTIFIER), PsiElement(Py:COLON), PsiElement(Py:IDENTIFIER), PsiElement(Py:DOT), PsiElement(Py:IDENTIFIER), PsiElement(Py:DOT), PsiElement(Py:IDENTIFIER), PsiElement(Py:DOT), PsiElement(Py:IDENTIFIER), PsiElement(Py:LPAR), PsiElement(Py:COMMA), PsiElement(Py:RPAR), PsiElement(Py:RPAR), PsiElement(Py:DOT), PsiElement(Py:IDENTIFIER), PsiElement(Py:LPAR)]\",\"text\":\"metric\\u003dlambda df: df.metric.str.replace(\\\"_\\\", \\\" \\\"))\\n        .pipe(\",\"position\":[23987,24051]}]},{\"clone_length\":4,\"clones\":[{\"psi\":\"[PsiElement(Py:IDENTIFIER), PsiElement(Py:EQ), PsiElement(Py:IDENTIFIER), PsiElement(Py:LPAR)]\",\"text\":\"experiment_relabel_foreign \\u003d cross_validation_experiment(\",\"position\":[15434,15490]},{\"psi\":\"[PsiElement(Py:IDENTIFIER), PsiElement(Py:EQ), PsiElement(Py:IDENTIFIER), PsiElement(Py:LPAR)]\",\"text\":\"experiment_relabel_foreign \\u003d cross_validation_experiment(\",\"position\":[16809,16865]}]},{\"clone_length\":1,\"clones\":[{\"psi\":\"[PsiElement(Py:IDENTIFIER)]\",\"text\":\"compare_experiments\",\"position\":[25936,25936]},{\"psi\":\"[PsiElement(Py:IDENTIFIER)]\",\"text\":\"compare_experiments\",\"position\":[26511,26511]},{\"psi\":\"[PsiElement(Py:IDENTIFIER)]\",\"text\":\"compare_experiments\",\"position\":[25936,25936]},{\"psi\":\"[PsiElement(Py:IDENTIFIER)]\",\"text\":\"compare_experiments\",\"position\":[26511,26511]}]},{\"clone_length\":4,\"clones\":[{\"psi\":\"[PsiElement(Py:IDENTIFIER), PsiElement(Py:DOT), PsiElement(Py:IDENTIFIER), PsiElement(Py:LPAR)]\",\"text\":\"compare_experiments.head(\",\"position\":[23491,23515]},{\"psi\":\"[PsiElement(Py:IDENTIFIER), PsiElement(Py:DOT), PsiElement(Py:IDENTIFIER), PsiElement(Py:LPAR)]\",\"text\":\"compare_experiments\\n        .drop(\",\"position\":[25936,25969]},{\"psi\":\"[PsiElement(Py:IDENTIFIER), PsiElement(Py:DOT), PsiElement(Py:IDENTIFIER), PsiElement(Py:LPAR)]\",\"text\":\"compare_experiments\\n        .drop(\",\"position\":[26511,26544]}]},{\"clone_length\":2,\"clones\":[{\"psi\":\"[PsiElement(Py:IDENTIFIER), PsiElement(Py:LPAR)]\",\"text\":\"report_metric(\",\"position\":[1585,1598]},{\"psi\":\"[PsiElement(Py:IDENTIFIER), PsiElement(Py:LPAR)]\",\"text\":\"report_metric(\",\"position\":[2327,2340]},{\"psi\":\"[PsiElement(Py:IDENTIFIER), PsiElement(Py:LPAR)]\",\"text\":\"report_metric(\",\"position\":[1954,1967]},{\"psi\":\"[PsiElement(Py:IDENTIFIER), PsiElement(Py:LPAR)]\",\"text\":\"report_metric(\",\"position\":[1693,1706]},{\"psi\":\"[PsiElement(Py:IDENTIFIER), PsiElement(Py:LPAR)]\",\"text\":\"report_metric(\",\"position\":[2438,2451]},{\"psi\":\"[PsiElement(Py:IDENTIFIER), PsiElement(Py:LPAR)]\",\"text\":\"report_metric(\",\"position\":[2063,2076]}]},{\"clone_length\":16,\"clones\":[{\"psi\":\"[PsiElement(Py:IDENTIFIER), PsiElement(Py:LPAR), PsiElement(Py:COMMA), PsiElement(Py:MULT), PsiElement(Py:IDENTIFIER), PsiElement(Py:LPAR), PsiElement(Py:LAMBDA_KEYWORD), PsiElement(Py:IDENTIFIER), PsiElement(Py:COLON), PsiElement(Py:IDENTIFIER), PsiElement(Py:MULT), PsiElement(Py:INTEGER_LITERAL), PsiElement(Py:COMMA), PsiElement(Py:IDENTIFIER), PsiElement(Py:LPAR), PsiElement(Py:IDENTIFIER)]\",\"text\":\"report_metric(\\n    \\\"normalized mean difference\\\",\\n    *map(lambda x: x * 100, normalized_mean_difference(credit_risk\",\"position\":[1693,1797]},{\"psi\":\"[PsiElement(Py:IDENTIFIER), PsiElement(Py:LPAR), PsiElement(Py:COMMA), PsiElement(Py:MULT), PsiElement(Py:IDENTIFIER), PsiElement(Py:LPAR), PsiElement(Py:LAMBDA_KEYWORD), PsiElement(Py:IDENTIFIER), PsiElement(Py:COLON), PsiElement(Py:IDENTIFIER), PsiElement(Py:MULT), PsiElement(Py:INTEGER_LITERAL), PsiElement(Py:COMMA), PsiElement(Py:IDENTIFIER), PsiElement(Py:LPAR), PsiElement(Py:IDENTIFIER)]\",\"text\":\"report_metric(\\n    \\\"normalized mean difference\\\",\\n    *map(lambda x: x * 100, normalized_mean_difference(credit_risk\",\"position\":[2438,2542]},{\"psi\":\"[PsiElement(Py:IDENTIFIER), PsiElement(Py:LPAR), PsiElement(Py:COMMA), PsiElement(Py:MULT), PsiElement(Py:IDENTIFIER), PsiElement(Py:LPAR), PsiElement(Py:LAMBDA_KEYWORD), PsiElement(Py:IDENTIFIER), PsiElement(Py:COLON), PsiElement(Py:IDENTIFIER), PsiElement(Py:MULT), PsiElement(Py:INTEGER_LITERAL), PsiElement(Py:COMMA), PsiElement(Py:IDENTIFIER), PsiElement(Py:LPAR), PsiElement(Py:IDENTIFIER)]\",\"text\":\"report_metric(\\n    \\\"normalized mean difference\\\",\\n    *map(lambda x: x * 100, normalized_mean_difference(credit_risk\",\"position\":[2063,2167]}]},{\"clone_length\":5,\"clones\":[{\"psi\":\"[PsiElement(Py:RETURN_KEYWORD), PsiElement(Py:IDENTIFIER), PsiElement(Py:DOT), PsiElement(Py:IDENTIFIER), PsiElement(Py:LPAR)]\",\"text\":\"return pd.DataFrame(\",\"position\":[8259,8278]},{\"psi\":\"[PsiElement(Py:RETURN_KEYWORD), PsiElement(Py:IDENTIFIER), PsiElement(Py:DOT), PsiElement(Py:IDENTIFIER), PsiElement(Py:LPAR)]\",\"text\":\"return pd.concat(\",\"position\":[17396,17412]}]},{\"clone_length\":4,\"clones\":[{\"psi\":\"[PsiElement(Py:IDENTIFIER), PsiElement(Py:DOT), PsiElement(Py:IDENTIFIER), PsiElement(Py:LPAR)]\",\"text\":\"sns_ax.annotate(\",\"position\":[25568,25583]},{\"psi\":\"[PsiElement(Py:IDENTIFIER), PsiElement(Py:DOT), PsiElement(Py:IDENTIFIER), PsiElement(Py:LPAR)]\",\"text\":\"sns_ax.set_ylim(\",\"position\":[25878,25893]}]},{\"clone_length\":25,\"clones\":[{\"psi\":\"[PsiElement(Py:IDENTIFIER), PsiElement(Py:EQ), PsiElement(Py:IDENTIFIER), PsiElement(Py:RPAR), PsiElement(Py:IDENTIFIER), PsiElement(Py:DOT), PsiElement(Py:IDENTIFIER), PsiElement(Py:LPAR), PsiElement(Py:IDENTIFIER), PsiElement(Py:COMMA), PsiElement(Py:COMMA), PsiElement(Py:RPAR), PsiElement(Py:IDENTIFIER), PsiElement(Py:DOT), PsiElement(Py:IDENTIFIER), PsiElement(Py:LPAR), PsiElement(Py:IDENTIFIER), PsiElement(Py:EQ), PsiElement(Py:RPAR), PsiElement(Py:IDENTIFIER), PsiElement(Py:DOT), PsiElement(Py:IDENTIFIER), PsiElement(Py:DOT), PsiElement(Py:IDENTIFIER), PsiElement(Py:LPAR)]\",\"text\":\"palette\\u003dblack_palette)\\ng.map_dataframe(plot_utility_fairness_tradeoff, \\\"auc\\\", \\\"mean diff\\\")\\ng.set_titles(template\\u003d\\\"{row_name}, {col_name}\\\")\\ng.fig.tight_layout(\",\"position\":[26236,26393]},{\"psi\":\"[PsiElement(Py:IDENTIFIER), PsiElement(Py:EQ), PsiElement(Py:IDENTIFIER), PsiElement(Py:RPAR), PsiElement(Py:IDENTIFIER), PsiElement(Py:DOT), PsiElement(Py:IDENTIFIER), PsiElement(Py:LPAR), PsiElement(Py:IDENTIFIER), PsiElement(Py:COMMA), PsiElement(Py:COMMA), PsiElement(Py:RPAR), PsiElement(Py:IDENTIFIER), PsiElement(Py:DOT), PsiElement(Py:IDENTIFIER), PsiElement(Py:LPAR), PsiElement(Py:IDENTIFIER), PsiElement(Py:EQ), PsiElement(Py:RPAR), PsiElement(Py:IDENTIFIER), PsiElement(Py:DOT), PsiElement(Py:IDENTIFIER), PsiElement(Py:DOT), PsiElement(Py:IDENTIFIER), PsiElement(Py:LPAR)]\",\"text\":\"palette\\u003dblack_palette)\\ng.map_dataframe(plot_utility_fairness_tradeoff, \\\"auc\\\", \\\"mean diff\\\")\\ng.set_titles(template\\u003d\\\"{row_name}, {col_name}\\\")\\ng.fig.tight_layout(\",\"position\":[26825,26982]}]},{\"clone_length\":4,\"clones\":[{\"psi\":\"[PsiElement(Py:IDENTIFIER), PsiElement(Py:EQ), PsiElement(Py:IDENTIFIER), PsiElement(Py:LPAR)]\",\"text\":\"relabeller \\u003d Relabeller(\",\"position\":[15166,15189]},{\"psi\":\"[PsiElement(Py:IDENTIFIER), PsiElement(Py:EQ), PsiElement(Py:IDENTIFIER), PsiElement(Py:LPAR)]\",\"text\":\"relabeller\\u003dRelabeller(\",\"position\":[17816,17837]}]},{\"clone_length\":4,\"clones\":[{\"psi\":\"[PsiElement(Py:IDENTIFIER), PsiElement(Py:EQ), PsiElement(Py:IDENTIFIER), PsiElement(Py:LPAR)]\",\"text\":\"estimator_pred_with_s \\u003d getattr(\",\"position\":[5747,5778]},{\"psi\":\"[PsiElement(Py:IDENTIFIER), PsiElement(Py:OR_KEYWORD), PsiElement(Py:IDENTIFIER), PsiElement(Py:LPAR)]\",\"text\":\"estimator_pred_with_s or \\\\\\n        getattr(\",\"position\":[5884,5926]}]},{\"clone_length\":16,\"clones\":[{\"psi\":\"[PsiElement(Py:RBRACKET), PsiElement(Py:COMMA), PsiElement(Py:IDENTIFIER), PsiElement(Py:EQ), PsiElement(Py:INTEGER_LITERAL), PsiElement(Py:RPAR), PsiElement(Py:DOT), PsiElement(Py:IDENTIFIER), PsiElement(Py:LPAR), PsiElement(Py:IDENTIFIER), PsiElement(Py:DOT), PsiElement(Py:IDENTIFIER), PsiElement(Py:COMMA), PsiElement(Py:IDENTIFIER), PsiElement(Py:EQ), PsiElement(Py:LBRACKET)]\",\"text\":\"\\\"cv_fold\\\"], axis\\u003d1)\\n        .pipe(pd.melt, id_vars\\u003d[\",\"position\":[11106,11148]},{\"psi\":\"[PsiElement(Py:RBRACKET), PsiElement(Py:COMMA), PsiElement(Py:IDENTIFIER), PsiElement(Py:EQ), PsiElement(Py:INTEGER_LITERAL), PsiElement(Py:RPAR), PsiElement(Py:DOT), PsiElement(Py:IDENTIFIER), PsiElement(Py:LPAR), PsiElement(Py:IDENTIFIER), PsiElement(Py:DOT), PsiElement(Py:IDENTIFIER), PsiElement(Py:COMMA), PsiElement(Py:IDENTIFIER), PsiElement(Py:EQ), PsiElement(Py:LBRACKET)]\",\"text\":\"\\\"cv_fold\\\"], axis\\u003d1)\\n        .pipe(pd.melt, id_vars\\u003d[\",\"position\":[23770,23812]}]},{\"clone_length\":1,\"clones\":[{\"psi\":\"[PsiElement(Py:IDENTIFIER)]\",\"text\":\"plot_df\",\"position\":[10717,10717]},{\"psi\":\"[PsiElement(Py:IDENTIFIER)]\",\"text\":\"plot_df\",\"position\":[10717,10717]}]},{\"clone_length\":1,\"clones\":[{\"psi\":\"[PsiElement(Py:IDENTIFIER)]\",\"text\":\"experiment_results\",\"position\":[23689,23689]},{\"psi\":\"[PsiElement(Py:IDENTIFIER)]\",\"text\":\"experiment_results\",\"position\":[23689,23689]}]},{\"clone_length\":9,\"clones\":[{\"psi\":\"[PsiElement(Py:IDENTIFIER), PsiElement(Py:DOT), PsiElement(Py:IDENTIFIER), PsiElement(Py:LPAR), PsiElement(Py:RPAR), PsiElement(Py:DOT), PsiElement(Py:IDENTIFIER), PsiElement(Py:LPAR), PsiElement(Py:LBRACKET)]\",\"text\":\"experiment_results\\n        .query(\\\"fold_type \\u003d\\u003d \\u0027test\\u0027\\\")\\n        .drop([\",\"position\":[11012,11083]},{\"psi\":\"[PsiElement(Py:IDENTIFIER), PsiElement(Py:DOT), PsiElement(Py:IDENTIFIER), PsiElement(Py:LPAR), PsiElement(Py:RPAR), PsiElement(Py:DOT), PsiElement(Py:IDENTIFIER), PsiElement(Py:LPAR), PsiElement(Py:LBRACKET)]\",\"text\":\"experiment_results\\n        .query(\\\"fold_type \\u003d\\u003d \\u0027test\\u0027\\\")\\n        .drop([\",\"position\":[23689,23760]}]},{\"clone_length\":4,\"clones\":[{\"psi\":\"[PsiElement(Py:IDENTIFIER), PsiElement(Py:DOT), PsiElement(Py:IDENTIFIER), PsiElement(Py:LPAR)]\",\"text\":\"experiment_baseline_summary.query(\",\"position\":[10229,10262]},{\"psi\":\"[PsiElement(Py:IDENTIFIER), PsiElement(Py:DOT), PsiElement(Py:IDENTIFIER), PsiElement(Py:LPAR)]\",\"text\":\"experiment_baseline_summary.reset_index(\",\"position\":[12957,12996]}]},{\"clone_length\":7,\"clones\":[{\"psi\":\"[PsiElement(Py:IDENTIFIER), PsiElement(Py:EQ), PsiElement(Py:INTEGER_LITERAL), PsiElement(Py:COMMA), PsiElement(Py:IDENTIFIER), PsiElement(Py:EQ), PsiElement(Py:INTEGER_LITERAL)]\",\"text\":\"max_depth\\u003d10, min_samples_leaf\\u003d10\",\"position\":[8923,8954]},{\"psi\":\"[PsiElement(Py:IDENTIFIER), PsiElement(Py:EQ), PsiElement(Py:INTEGER_LITERAL), PsiElement(Py:COMMA), PsiElement(Py:IDENTIFIER), PsiElement(Py:EQ), PsiElement(Py:INTEGER_LITERAL)]\",\"text\":\"max_depth\\u003d10, min_samples_leaf\\u003d10\",\"position\":[20324,20355]},{\"psi\":\"[PsiElement(Py:IDENTIFIER), PsiElement(Py:EQ), PsiElement(Py:INTEGER_LITERAL), PsiElement(Py:COMMA), PsiElement(Py:IDENTIFIER), PsiElement(Py:EQ), PsiElement(Py:INTEGER_LITERAL)]\",\"text\":\"max_depth\\u003d10, min_samples_leaf\\u003d10\",\"position\":[20423,20454]}]},{\"clone_length\":3,\"clones\":[{\"psi\":\"[PsiElement(Py:LBRACKET), PsiElement(Py:LPAR), PsiElement(Py:IDENTIFIER)]\",\"text\":\"[\\n    (name\",\"position\":[15217,15224]},{\"psi\":\"[PsiElement(Py:LBRACKET), PsiElement(Py:LPAR), PsiElement(Py:IDENTIFIER)]\",\"text\":\"[\\n    (name\",\"position\":[20579,20586]},{\"psi\":\"[PsiElement(Py:LBRACKET), PsiElement(Py:LPAR), PsiElement(Py:IDENTIFIER)]\",\"text\":\"[\\n    (name\",\"position\":[22064,22071]}]},{\"clone_length\":8,\"clones\":[{\"psi\":\"[PsiElement(Py:LBRACKET), PsiElement(Py:IDENTIFIER), PsiElement(Py:FOR_KEYWORD), PsiElement(Py:IDENTIFIER), PsiElement(Py:IN_KEYWORD), PsiElement(Py:IDENTIFIER), PsiElement(Py:IF_KEYWORD), PsiElement(Py:IDENTIFIER)]\",\"text\":\"[\\n    f for f in feature_set_1 if\\n    f\",\"position\":[13173,13211]},{\"psi\":\"[PsiElement(Py:LBRACKET), PsiElement(Py:IDENTIFIER), PsiElement(Py:FOR_KEYWORD), PsiElement(Py:IDENTIFIER), PsiElement(Py:IN_KEYWORD), PsiElement(Py:IDENTIFIER), PsiElement(Py:IF_KEYWORD), PsiElement(Py:IDENTIFIER)]\",\"text\":\"[f for f in feature_set_1 if f\",\"position\":[13479,13508]},{\"psi\":\"[PsiElement(Py:LBRACKET), PsiElement(Py:IDENTIFIER), PsiElement(Py:FOR_KEYWORD), PsiElement(Py:IDENTIFIER), PsiElement(Py:IN_KEYWORD), PsiElement(Py:IDENTIFIER), PsiElement(Py:IF_KEYWORD), PsiElement(Py:IDENTIFIER)]\",\"text\":\"[f for f in feature_set_1 if f\",\"position\":[13552,13581]}]},{\"clone_length\":4,\"clones\":[{\"psi\":\"[PsiElement(Py:LBRACKET), PsiElement(Py:COMMA), PsiElement(Py:COMMA), PsiElement(Py:COMMA)]\",\"text\":\"[\\n            \\\"protected_class\\\", \\\"estimator\\\", \\\"cv_fold\\\", \\\"fold_type\\\"\",\"position\":[8324,8379]},{\"psi\":\"[PsiElement(Py:LBRACKET), PsiElement(Py:COMMA), PsiElement(Py:COMMA), PsiElement(Py:COMMA)]\",\"text\":\"[\\\"protected_class\\\", \\\"estimator\\\", \\\"cv_fold\\\", \\\"fold_type\\\"\",\"position\":[19113,19155]}]},{\"clone_length\":6,\"clones\":[{\"psi\":\"[PsiElement(Py:LPAR), PsiElement(Py:EXP), PsiElement(Py:LBRACE), PsiElement(Py:IDENTIFIER), PsiElement(Py:COLON), PsiElement(Py:IDENTIFIER)]\",\"text\":\"(**{param_name: param\",\"position\":[17576,17592]},{\"psi\":\"[PsiElement(Py:LPAR), PsiElement(Py:EXP), PsiElement(Py:LBRACE), PsiElement(Py:IDENTIFIER), PsiElement(Py:COLON), PsiElement(Py:IDENTIFIER)]\",\"text\":\"(**{param_name: param\",\"position\":[17366,17382]},{\"psi\":\"[PsiElement(Py:LPAR), PsiElement(Py:EXP), PsiElement(Py:LBRACE), PsiElement(Py:IDENTIFIER), PsiElement(Py:COLON), PsiElement(Py:IDENTIFIER)]\",\"text\":\"(**{param_name: param\",\"position\":[17219,17235]},{\"psi\":\"[PsiElement(Py:LPAR), PsiElement(Py:EXP), PsiElement(Py:LBRACE), PsiElement(Py:IDENTIFIER), PsiElement(Py:COLON), PsiElement(Py:IDENTIFIER)]\",\"text\":\"(**{param_name: param\",\"position\":[17290,17306]}]},{\"clone_length\":2,\"clones\":[{\"psi\":\"[PsiElement(Py:LPAR), PsiElement(Py:IDENTIFIER)]\",\"text\":\"(\\n    compare_experiments\",\"position\":[24777,24783]},{\"psi\":\"[PsiElement(Py:LPAR), PsiElement(Py:IDENTIFIER)]\",\"text\":\"(\\n        compare_experiments\",\"position\":[25926,25936]},{\"psi\":\"[PsiElement(Py:LPAR), PsiElement(Py:IDENTIFIER)]\",\"text\":\"(\\n        compare_experiments\",\"position\":[26501,26511]}]},{\"clone_length\":18,\"clones\":[{\"psi\":\"[PsiElement(Py:LPAR), PsiElement(Py:RPAR), PsiElement(Py:IDENTIFIER), PsiElement(Py:LPAR), PsiElement(Py:COMMA), PsiElement(Py:MULT), PsiElement(Py:IDENTIFIER), PsiElement(Py:LPAR), PsiElement(Py:LAMBDA_KEYWORD), PsiElement(Py:IDENTIFIER), PsiElement(Py:COLON), PsiElement(Py:IDENTIFIER), PsiElement(Py:MULT), PsiElement(Py:INTEGER_LITERAL), PsiElement(Py:COMMA), PsiElement(Py:IDENTIFIER), PsiElement(Py:LPAR), PsiElement(Py:IDENTIFIER)]\",\"text\":\"()\\n# [___CELL_SEPARATOR___]\\nreport_metric(\\n    \\\"mean difference\\\",\\n    *map(lambda x: x * 100, mean_difference(credit_risk\",\"position\":[1926,2036]},{\"psi\":\"[PsiElement(Py:LPAR), PsiElement(Py:RPAR), PsiElement(Py:IDENTIFIER), PsiElement(Py:LPAR), PsiElement(Py:COMMA), PsiElement(Py:MULT), PsiElement(Py:IDENTIFIER), PsiElement(Py:LPAR), PsiElement(Py:LAMBDA_KEYWORD), PsiElement(Py:IDENTIFIER), PsiElement(Py:COLON), PsiElement(Py:IDENTIFIER), PsiElement(Py:MULT), PsiElement(Py:INTEGER_LITERAL), PsiElement(Py:COMMA), PsiElement(Py:IDENTIFIER), PsiElement(Py:LPAR), PsiElement(Py:IDENTIFIER)]\",\"text\":\"()\\n# [___CELL_SEPARATOR___]\\nreport_metric(\\n    \\\"mean difference\\\",\\n    *map(lambda x: x * 100, mean_difference(credit_risk\",\"position\":[2299,2409]}]},{\"clone_length\":2,\"clones\":[{\"psi\":\"[PsiElement(Py:LPAR), PsiElement(Py:IDENTIFIER)]\",\"text\":\"(experiment_results\",\"position\":[11775,11776]},{\"psi\":\"[PsiElement(Py:LPAR), PsiElement(Py:IDENTIFIER)]\",\"text\":\"(experiment_results\",\"position\":[11839,11840]},{\"psi\":\"[PsiElement(Py:LPAR), PsiElement(Py:IDENTIFIER)]\",\"text\":\"(\\n        experiment_results\",\"position\":[11002,11012]},{\"psi\":\"[PsiElement(Py:LPAR), PsiElement(Py:IDENTIFIER)]\",\"text\":\"(\\n        experiment_results\",\"position\":[23679,23689]}]},{\"clone_length\":2,\"clones\":[{\"psi\":\"[PsiElement(Py:LPAR), PsiElement(Py:IDENTIFIER)]\",\"text\":\"(\\n        experiment_results\",\"position\":[11002,11012]},{\"psi\":\"[PsiElement(Py:LPAR), PsiElement(Py:IDENTIFIER)]\",\"text\":\"(\\n        experiment_results\",\"position\":[23679,23689]}]},{\"clone_length\":9,\"clones\":[{\"psi\":\"[PsiElement(Py:LPAR), PsiElement(Py:COMMA), PsiElement(Py:IDENTIFIER), PsiElement(Py:EQ), PsiElement(Py:INTEGER_LITERAL), PsiElement(Py:RPAR), PsiElement(Py:DOT), PsiElement(Py:IDENTIFIER), PsiElement(Py:LPAR)]\",\"text\":\"(\\\"cv_fold\\\", axis\\u003d1)\\n        .groupby(\",\"position\":[9903,9939]},{\"psi\":\"[PsiElement(Py:LPAR), PsiElement(Py:COMMA), PsiElement(Py:IDENTIFIER), PsiElement(Py:EQ), PsiElement(Py:INTEGER_LITERAL), PsiElement(Py:RPAR), PsiElement(Py:DOT), PsiElement(Py:IDENTIFIER), PsiElement(Py:LPAR)]\",\"text\":\"(\\\"cv_fold\\\", axis\\u003d1)\\n        .reset_index(\",\"position\":[25969,26009]},{\"psi\":\"[PsiElement(Py:LPAR), PsiElement(Py:COMMA), PsiElement(Py:IDENTIFIER), PsiElement(Py:EQ), PsiElement(Py:INTEGER_LITERAL), PsiElement(Py:RPAR), PsiElement(Py:DOT), PsiElement(Py:IDENTIFIER), PsiElement(Py:LPAR)]\",\"text\":\"(\\\"cv_fold\\\", axis\\u003d1)\\n        .reset_index(\",\"position\":[26544,26584]}]},{\"clone_length\":9,\"clones\":[{\"psi\":\"[PsiElement(Py:LPAR), PsiElement(Py:LPAR), PsiElement(Py:IDENTIFIER), PsiElement(Py:DOT), PsiElement(Py:IDENTIFIER), PsiElement(Py:COMMA), PsiElement(Py:RPAR), PsiElement(Py:COMMA), PsiElement(Py:IDENTIFIER)]\",\"text\":\"((sns.factorplot, \\\"data\\\"), y\",\"position\":[11248,11275]},{\"psi\":\"[PsiElement(Py:LPAR), PsiElement(Py:LPAR), PsiElement(Py:IDENTIFIER), PsiElement(Py:DOT), PsiElement(Py:IDENTIFIER), PsiElement(Py:COMMA), PsiElement(Py:RPAR), PsiElement(Py:COMMA), PsiElement(Py:IDENTIFIER)]\",\"text\":\"((sns.factorplot, \\\"data\\\"), y\",\"position\":[24051,24078]}]},{\"clone_length\":6,\"clones\":[{\"psi\":\"[PsiElement(Py:LPAR), PsiElement(Py:IDENTIFIER), PsiElement(Py:COMMA), PsiElement(Py:IDENTIFIER), PsiElement(Py:COMMA), PsiElement(Py:IDENTIFIER)]\",\"text\":\"(e, param_name, param\",\"position\":[16586,16602]},{\"psi\":\"[PsiElement(Py:LPAR), PsiElement(Py:IDENTIFIER), PsiElement(Py:COMMA), PsiElement(Py:IDENTIFIER), PsiElement(Py:COMMA), PsiElement(Py:IDENTIFIER)]\",\"text\":\"(e, param_name, param\",\"position\":[17464,17480]}]},{\"clone_length\":6,\"clones\":[{\"psi\":\"[PsiElement(Py:LPAR), PsiElement(Py:RPAR), PsiElement(Py:COMMA), PsiElement(Py:LBRACKET), PsiElement(Py:COMMA), PsiElement(Py:COMMA)]\",\"text\":\"(),\\n    [\\\"female\\\", \\\"foreign_worker\\\", \\\"age_below_25\\\"\",\"position\":[12996,13031]},{\"psi\":\"[PsiElement(Py:LPAR), PsiElement(Py:RPAR), PsiElement(Py:COMMA), PsiElement(Py:LBRACKET), PsiElement(Py:COMMA), PsiElement(Py:COMMA)]\",\"text\":\"(),\\n    [\\\"female\\\", \\\"foreign_worker\\\", \\\"age_below_25\\\"\",\"position\":[14635,14670]},{\"psi\":\"[PsiElement(Py:LPAR), PsiElement(Py:RPAR), PsiElement(Py:COMMA), PsiElement(Py:LBRACKET), PsiElement(Py:COMMA), PsiElement(Py:COMMA)]\",\"text\":\"(),\\n    [\\\"female\\\", \\\"foreign_worker\\\", \\\"age_below_25\\\"\",\"position\":[16153,16188]},{\"psi\":\"[PsiElement(Py:LPAR), PsiElement(Py:RPAR), PsiElement(Py:COMMA), PsiElement(Py:LBRACKET), PsiElement(Py:COMMA), PsiElement(Py:COMMA)]\",\"text\":\"(),\\n    [\\\"female\\\", \\\"foreign_worker\\\", \\\"age_below_25\\\"\",\"position\":[21769,21804]},{\"psi\":\"[PsiElement(Py:LPAR), PsiElement(Py:RPAR), PsiElement(Py:COMMA), PsiElement(Py:LBRACKET), PsiElement(Py:COMMA), PsiElement(Py:COMMA)]\",\"text\":\"(),\\n    [\\\"female\\\", \\\"foreign_worker\\\", \\\"age_below_25\\\"\",\"position\":[23007,23042]}]},{\"clone_length\":15,\"clones\":[{\"psi\":\"[PsiElement(Py:LPAR), PsiElement(Py:IDENTIFIER), PsiElement(Py:COMMA), PsiElement(Py:IDENTIFIER), PsiElement(Py:COMMA), PsiElement(Py:EXP), PsiElement(Py:IDENTIFIER), PsiElement(Py:RPAR), PsiElement(Py:COLON), PsiElement(Py:IDENTIFIER), PsiElement(Py:EQ), PsiElement(Py:IDENTIFIER), PsiElement(Py:DOT), PsiElement(Py:IDENTIFIER), PsiElement(Py:LPAR)]\",\"text\":\"(x, y, **kwargs):\\n    ax \\u003d plt.gca(\",\"position\":[17937,17971]},{\"psi\":\"[PsiElement(Py:LPAR), PsiElement(Py:IDENTIFIER), PsiElement(Py:COMMA), PsiElement(Py:IDENTIFIER), PsiElement(Py:COMMA), PsiElement(Py:EXP), PsiElement(Py:IDENTIFIER), PsiElement(Py:RPAR), PsiElement(Py:COLON), PsiElement(Py:IDENTIFIER), PsiElement(Py:EQ), PsiElement(Py:IDENTIFIER), PsiElement(Py:DOT), PsiElement(Py:IDENTIFIER), PsiElement(Py:LPAR)]\",\"text\":\"(x, y, **kwargs):\\n    ax \\u003d plt.gca(\",\"position\":[25250,25284]}]},{\"clone_length\":9,\"clones\":[{\"psi\":\"[PsiElement(Py:LPAR), PsiElement(Py:IDENTIFIER), PsiElement(Py:DOT), PsiElement(Py:IDENTIFIER), PsiElement(Py:COMMA), PsiElement(Py:IDENTIFIER), PsiElement(Py:EQ), PsiElement(Py:LBRACKET), PsiElement(Py:COMMA)]\",\"text\":\"(pd.melt, id_vars\\u003d[\\\"protected_class\\\", \\\"estimator\\\"\",\"position\":[11130,11166]},{\"psi\":\"[PsiElement(Py:LPAR), PsiElement(Py:IDENTIFIER), PsiElement(Py:DOT), PsiElement(Py:IDENTIFIER), PsiElement(Py:COMMA), PsiElement(Py:IDENTIFIER), PsiElement(Py:EQ), PsiElement(Py:LBRACKET), PsiElement(Py:COMMA)]\",\"text\":\"(pd.melt,\\n          id_vars\\u003d[\\\"protected_class\\\", \\\"estimator\\\"\",\"position\":[19085,19131]}]},{\"clone_length\":3,\"clones\":[{\"psi\":\"[PsiElement(Py:LPAR), PsiElement(Py:RPAR), PsiElement(Py:IDENTIFIER)]\",\"text\":\"()\\n    ax\",\"position\":[18380,18387]},{\"psi\":\"[PsiElement(Py:LPAR), PsiElement(Py:RPAR), PsiElement(Py:COLON), PsiElement(Py:IDENTIFIER)]\",\"text\":\"():\\n        ax\",\"position\":[24392,24404]}]},{\"clone_length\":4,\"clones\":[{\"psi\":\"[PsiElement(Py:LPAR), PsiElement(Py:RPAR), PsiElement(Py:IDENTIFIER), PsiElement(Py:LPAR)]\",\"text\":\"(\\\"fold_type \\u003d\\u003d \\u0027test\\u0027\\\")\\n# [___CELL_SEPARATOR___]\\nplot_experiment_results(\",\"position\":[14458,14530]},{\"psi\":\"[PsiElement(Py:LPAR), PsiElement(Py:RPAR), PsiElement(Py:IDENTIFIER), PsiElement(Py:LPAR)]\",\"text\":\"(\\\"fold_type \\u003d\\u003d \\u0027test\\u0027\\\")\\n# [___CELL_SEPARATOR___]\\nplot_experiment_results(\",\"position\":[15972,16044]},{\"psi\":\"[PsiElement(Py:LPAR), PsiElement(Py:RPAR), PsiElement(Py:IDENTIFIER), PsiElement(Py:LPAR)]\",\"text\":\"(\\\"fold_type \\u003d\\u003d \\u0027test\\u0027\\\")\\n# [___CELL_SEPARATOR___]\\nplot_experiment_results(\",\"position\":[21596,21668]},{\"psi\":\"[PsiElement(Py:LPAR), PsiElement(Py:RPAR), PsiElement(Py:IDENTIFIER), PsiElement(Py:LPAR)]\",\"text\":\"(\\\"fold_type \\u003d\\u003d \\u0027test\\u0027\\\")\\n# [___CELL_SEPARATOR___]\\nplot_experiment_results(\",\"position\":[22842,22914]}]},{\"clone_length\":9,\"clones\":[{\"psi\":\"[PsiElement(Py:LPAR), PsiElement(Py:RPAR), PsiElement(Py:IDENTIFIER), PsiElement(Py:LPAR), PsiElement(Py:IDENTIFIER), PsiElement(Py:RPAR), PsiElement(Py:SEMICOLON), PsiElement(Py:IDENTIFIER), PsiElement(Py:LPAR)]\",\"text\":\"(\\\"fold_type \\u003d\\u003d \\u0027test\\u0027\\\")\\n# [___CELL_SEPARATOR___]\\nplot_experiment_results(experiment_acf);\\n# [___CELL_SEPARATOR___]\\nprint_best_metrics(\",\"position\":[21596,21729]},{\"psi\":\"[PsiElement(Py:LPAR), PsiElement(Py:RPAR), PsiElement(Py:IDENTIFIER), PsiElement(Py:LPAR), PsiElement(Py:IDENTIFIER), PsiElement(Py:RPAR), PsiElement(Py:SEMICOLON), PsiElement(Py:IDENTIFIER), PsiElement(Py:LPAR)]\",\"text\":\"(\\\"fold_type \\u003d\\u003d \\u0027test\\u0027\\\")\\n# [___CELL_SEPARATOR___]\\nplot_experiment_results(experiment_acf);\\n# [___CELL_SEPARATOR___]\\nprint_best_metrics(\",\"position\":[22842,22975]}]},{\"clone_length\":15,\"clones\":[{\"psi\":\"[PsiElement(Py:LPAR), PsiElement(Py:IDENTIFIER), PsiElement(Py:EQ), PsiElement(Py:LAMBDA_KEYWORD), PsiElement(Py:IDENTIFIER), PsiElement(Py:COLON), PsiElement(Py:IDENTIFIER), PsiElement(Py:DOT), PsiElement(Py:IDENTIFIER), PsiElement(Py:DOT), PsiElement(Py:IDENTIFIER), PsiElement(Py:DOT), PsiElement(Py:IDENTIFIER), PsiElement(Py:LPAR), PsiElement(Py:COMMA)]\",\"text\":\"(\\n        protected_class\\u003dlambda df: df.protected_class.str.replace(\\\"_\\\", \\\" \\\"\",\"position\":[19298,19369]},{\"psi\":\"[PsiElement(Py:LPAR), PsiElement(Py:IDENTIFIER), PsiElement(Py:EQ), PsiElement(Py:LAMBDA_KEYWORD), PsiElement(Py:IDENTIFIER), PsiElement(Py:COLON), PsiElement(Py:IDENTIFIER), PsiElement(Py:DOT), PsiElement(Py:IDENTIFIER), PsiElement(Py:DOT), PsiElement(Py:IDENTIFIER), PsiElement(Py:DOT), PsiElement(Py:IDENTIFIER), PsiElement(Py:LPAR), PsiElement(Py:COMMA)]\",\"text\":\"(\\n        protected_class\\u003dlambda df: df.protected_class.str.replace(\\\"_\\\", \\\" \\\"\",\"position\":[23404,23475]}]},{\"clone_length\":3,\"clones\":[{\"psi\":\"[PsiElement(Py:IDENTIFIER), PsiElement(Py:LPAR), PsiElement(Py:IDENTIFIER)]\",\"text\":\"getattr(estimator\",\"position\":[5433,5441]},{\"psi\":\"[PsiElement(Py:IDENTIFIER), PsiElement(Py:LPAR), PsiElement(Py:IDENTIFIER)]\",\"text\":\"getattr(estimator\",\"position\":[5835,5843]},{\"psi\":\"[PsiElement(Py:IDENTIFIER), PsiElement(Py:LPAR), PsiElement(Py:IDENTIFIER)]\",\"text\":\"getattr(estimator\",\"position\":[5498,5506]},{\"psi\":\"[PsiElement(Py:IDENTIFIER), PsiElement(Py:LPAR), PsiElement(Py:IDENTIFIER)]\",\"text\":\"getattr(estimator\",\"position\":[5360,5368]},{\"psi\":\"[PsiElement(Py:IDENTIFIER), PsiElement(Py:LPAR), PsiElement(Py:IDENTIFIER)]\",\"text\":\"getattr(estimator\",\"position\":[5771,5779]}]},{\"clone_length\":3,\"clones\":[{\"psi\":\"[PsiElement(Py:IDENTIFIER), PsiElement(Py:LPAR), PsiElement(Py:IDENTIFIER)]\",\"text\":\"getattr(child_estimator\",\"position\":[5569,5577]},{\"psi\":\"[PsiElement(Py:IDENTIFIER), PsiElement(Py:LPAR), PsiElement(Py:IDENTIFIER)]\",\"text\":\"getattr(child_estimator\",\"position\":[5919,5927]}]},{\"clone_length\":9,\"clones\":[{\"psi\":\"[PsiElement(Py:MULT), PsiElement(Py:IDENTIFIER), PsiElement(Py:LPAR), PsiElement(Py:LAMBDA_KEYWORD), PsiElement(Py:IDENTIFIER), PsiElement(Py:COLON), PsiElement(Py:IDENTIFIER), PsiElement(Py:MULT), PsiElement(Py:INTEGER_LITERAL)]\",\"text\":\"*map(lambda x: x * 100\",\"position\":[1627,1646]},{\"psi\":\"[PsiElement(Py:MULT), PsiElement(Py:IDENTIFIER), PsiElement(Py:LPAR), PsiElement(Py:LAMBDA_KEYWORD), PsiElement(Py:IDENTIFIER), PsiElement(Py:COLON), PsiElement(Py:IDENTIFIER), PsiElement(Py:MULT), PsiElement(Py:INTEGER_LITERAL)]\",\"text\":\"*map(lambda x: x * 100\",\"position\":[2369,2388]},{\"psi\":\"[PsiElement(Py:MULT), PsiElement(Py:IDENTIFIER), PsiElement(Py:LPAR), PsiElement(Py:LAMBDA_KEYWORD), PsiElement(Py:IDENTIFIER), PsiElement(Py:COLON), PsiElement(Py:IDENTIFIER), PsiElement(Py:MULT), PsiElement(Py:INTEGER_LITERAL)]\",\"text\":\"*map(lambda x: x * 100\",\"position\":[1996,2015]},{\"psi\":\"[PsiElement(Py:MULT), PsiElement(Py:IDENTIFIER), PsiElement(Py:LPAR), PsiElement(Py:LAMBDA_KEYWORD), PsiElement(Py:IDENTIFIER), PsiElement(Py:COLON), PsiElement(Py:IDENTIFIER), PsiElement(Py:MULT), PsiElement(Py:INTEGER_LITERAL)]\",\"text\":\"*map(lambda x: x * 100\",\"position\":[1746,1765]},{\"psi\":\"[PsiElement(Py:MULT), PsiElement(Py:IDENTIFIER), PsiElement(Py:LPAR), PsiElement(Py:LAMBDA_KEYWORD), PsiElement(Py:IDENTIFIER), PsiElement(Py:COLON), PsiElement(Py:IDENTIFIER), PsiElement(Py:MULT), PsiElement(Py:INTEGER_LITERAL)]\",\"text\":\"*map(lambda x: x * 100\",\"position\":[2491,2510]},{\"psi\":\"[PsiElement(Py:MULT), PsiElement(Py:IDENTIFIER), PsiElement(Py:LPAR), PsiElement(Py:LAMBDA_KEYWORD), PsiElement(Py:IDENTIFIER), PsiElement(Py:COLON), PsiElement(Py:IDENTIFIER), PsiElement(Py:MULT), PsiElement(Py:INTEGER_LITERAL)]\",\"text\":\"*map(lambda x: x * 100\",\"position\":[2116,2135]}]},{\"clone_length\":4,\"clones\":[{\"psi\":\"[PsiElement(Py:IDENTIFIER), PsiElement(Py:RPAR), PsiElement(Py:COLON), PsiElement(Py:IDENTIFIER)]\",\"text\":\"e):\\n                e\",\"position\":[6973,6993]},{\"psi\":\"[PsiElement(Py:IDENTIFIER)]\",\"text\":\"e\",\"position\":[6993,6993]},{\"psi\":\"[PsiElement(Py:IDENTIFIER)]\",\"text\":\"e\",\"position\":[7060,7060]}]},{\"clone_length\":7,\"clones\":[{\"psi\":\"[PsiElement(Py:IDENTIFIER), PsiElement(Py:DOT), PsiElement(Py:IDENTIFIER), PsiElement(Py:LPAR), PsiElement(Py:IDENTIFIER), PsiElement(Py:COMMA), PsiElement(Py:IDENTIFIER)]\",\"text\":\"e.fit(X_train, y_train\",\"position\":[6993,7008]},{\"psi\":\"[PsiElement(Py:IDENTIFIER), PsiElement(Py:DOT), PsiElement(Py:IDENTIFIER), PsiElement(Py:LPAR), PsiElement(Py:IDENTIFIER), PsiElement(Py:COMMA), PsiElement(Py:IDENTIFIER)]\",\"text\":\"e.fit(X_train, y_train\",\"position\":[7060,7075]}]},{\"clone_length\":4,\"clones\":[{\"psi\":\"[PsiElement(Py:IDENTIFIER), PsiElement(Py:DOT), PsiElement(Py:IDENTIFIER), PsiElement(Py:LPAR)]\",\"text\":\"e.fit(\",\"position\":[6993,6998]},{\"psi\":\"[PsiElement(Py:IDENTIFIER), PsiElement(Py:DOT), PsiElement(Py:IDENTIFIER), PsiElement(Py:LPAR)]\",\"text\":\"e.fit(\",\"position\":[7060,7065]},{\"psi\":\"[PsiElement(Py:IDENTIFIER), PsiElement(Py:DOT), PsiElement(Py:IDENTIFIER), PsiElement(Py:LPAR)]\",\"text\":\"e.predict_proba(\",\"position\":[7354,7369]},{\"psi\":\"[PsiElement(Py:IDENTIFIER), PsiElement(Py:DOT), PsiElement(Py:IDENTIFIER), PsiElement(Py:LPAR)]\",\"text\":\"e.predict_proba(\",\"position\":[7476,7491]},{\"psi\":\"[PsiElement(Py:IDENTIFIER), PsiElement(Py:DOT), PsiElement(Py:IDENTIFIER), PsiElement(Py:LPAR)]\",\"text\":\"e.set_params(\",\"position\":[17604,17616]}]},{\"clone_length\":5,\"clones\":[{\"psi\":\"[PsiElement(Py:IDENTIFIER), PsiElement(Py:DOT), PsiElement(Py:IDENTIFIER), PsiElement(Py:LPAR), PsiElement(Py:MULT)]\",\"text\":\"e.predict_proba(*\",\"position\":[7354,7370]},{\"psi\":\"[PsiElement(Py:IDENTIFIER), PsiElement(Py:DOT), PsiElement(Py:IDENTIFIER), PsiElement(Py:LPAR), PsiElement(Py:MULT)]\",\"text\":\"e.predict_proba(*\",\"position\":[7476,7492]}]},{\"clone_length\":6,\"clones\":[{\"psi\":\"[PsiElement(Py:IDENTIFIER), PsiElement(Py:DOT), PsiElement(Py:IDENTIFIER), PsiElement(Py:LPAR), PsiElement(Py:MULT), PsiElement(Py:IDENTIFIER)]\",\"text\":\"e.predict_proba(*train_pred_args\",\"position\":[7354,7371]},{\"psi\":\"[PsiElement(Py:IDENTIFIER), PsiElement(Py:DOT), PsiElement(Py:IDENTIFIER), PsiElement(Py:LPAR), PsiElement(Py:MULT), PsiElement(Py:IDENTIFIER)]\",\"text\":\"e.predict(*train_pred_args\",\"position\":[7419,7430]}]},{\"clone_length\":6,\"clones\":[{\"psi\":\"[PsiElement(Py:IDENTIFIER), PsiElement(Py:DOT), PsiElement(Py:IDENTIFIER), PsiElement(Py:LPAR), PsiElement(Py:MULT), PsiElement(Py:IDENTIFIER)]\",\"text\":\"e.predict_proba(*test_pred_args\",\"position\":[7476,7493]},{\"psi\":\"[PsiElement(Py:IDENTIFIER), PsiElement(Py:DOT), PsiElement(Py:IDENTIFIER), PsiElement(Py:LPAR), PsiElement(Py:MULT), PsiElement(Py:IDENTIFIER)]\",\"text\":\"e.predict(*test_pred_args\",\"position\":[7539,7550]}]},{\"clone_length\":4,\"clones\":[{\"psi\":\"[PsiElement(Py:IDENTIFIER), PsiElement(Py:EQ), PsiElement(Py:IDENTIFIER), PsiElement(Py:LPAR)]\",\"text\":\"e \\u003d clone(\",\"position\":[16542,16551]},{\"psi\":\"[PsiElement(Py:IDENTIFIER), PsiElement(Py:EQ), PsiElement(Py:IDENTIFIER), PsiElement(Py:LPAR)]\",\"text\":\"e \\u003d clone(\",\"position\":[17492,17501]}]},{\"clone_length\":8,\"clones\":[{\"psi\":\"[PsiElement(Py:IDENTIFIER), PsiElement(Py:DOT), PsiElement(Py:IDENTIFIER), PsiElement(Py:LPAR), PsiElement(Py:IDENTIFIER), PsiElement(Py:EQ), PsiElement(Py:RPAR), PsiElement(Py:IDENTIFIER)]\",\"text\":\"g.set_titles(template\\u003d\\\"{row_name}, {col_name}\\\")\\n# g.add_legend()\\n# g.add_legend(bbox_to_anchor\\u003d(0.275, 0.91))\\ng\",\"position\":[19754,19864]},{\"psi\":\"[PsiElement(Py:IDENTIFIER), PsiElement(Py:DOT), PsiElement(Py:IDENTIFIER), PsiElement(Py:LPAR), PsiElement(Py:IDENTIFIER), PsiElement(Py:EQ), PsiElement(Py:RPAR), PsiElement(Py:IDENTIFIER)]\",\"text\":\"g.set_titles(template\\u003d\\\"{row_name}, {col_name}\\\")\\ng\",\"position\":[26327,26375]},{\"psi\":\"[PsiElement(Py:IDENTIFIER), PsiElement(Py:DOT), PsiElement(Py:IDENTIFIER), PsiElement(Py:LPAR), PsiElement(Py:IDENTIFIER), PsiElement(Py:EQ), PsiElement(Py:RPAR), PsiElement(Py:IDENTIFIER)]\",\"text\":\"g.set_titles(template\\u003d\\\"{row_name}, {col_name}\\\")\\ng\",\"position\":[26916,26964]}]},{\"clone_length\":11,\"clones\":[{\"psi\":\"[PsiElement(Py:IDENTIFIER), PsiElement(Py:DOT), PsiElement(Py:IDENTIFIER), PsiElement(Py:DOT), PsiElement(Py:IDENTIFIER), PsiElement(Py:LPAR), PsiElement(Py:RPAR), PsiElement(Py:IDENTIFIER), PsiElement(Py:DOT), PsiElement(Py:IDENTIFIER), PsiElement(Py:LPAR)]\",\"text\":\"g.fig.tight_layout()\\ng.savefig(\",\"position\":[19905,19935]},{\"psi\":\"[PsiElement(Py:IDENTIFIER), PsiElement(Py:DOT), PsiElement(Py:IDENTIFIER), PsiElement(Py:DOT), PsiElement(Py:IDENTIFIER), PsiElement(Py:LPAR), PsiElement(Py:RPAR), PsiElement(Py:IDENTIFIER), PsiElement(Py:DOT), PsiElement(Py:IDENTIFIER), PsiElement(Py:LPAR)]\",\"text\":\"g.fig.tight_layout()\\n    g.savefig(\",\"position\":[24653,24687]},{\"psi\":\"[PsiElement(Py:IDENTIFIER), PsiElement(Py:DOT), PsiElement(Py:IDENTIFIER), PsiElement(Py:DOT), PsiElement(Py:IDENTIFIER), PsiElement(Py:LPAR), PsiElement(Py:RPAR), PsiElement(Py:IDENTIFIER), PsiElement(Py:DOT), PsiElement(Py:IDENTIFIER), PsiElement(Py:LPAR)]\",\"text\":\"g.fig.tight_layout()\\ng.savefig(\",\"position\":[26375,26405]}]},{\"clone_length\":6,\"clones\":[{\"psi\":\"[PsiElement(Py:IDENTIFIER), PsiElement(Py:EQ), PsiElement(Py:IDENTIFIER), PsiElement(Py:DOT), PsiElement(Py:IDENTIFIER), PsiElement(Py:LPAR)]\",\"text\":\"g \\u003d sns.FacetGrid(\",\"position\":[19524,19541]},{\"psi\":\"[PsiElement(Py:IDENTIFIER), PsiElement(Py:EQ), PsiElement(Py:IDENTIFIER), PsiElement(Py:DOT), PsiElement(Py:IDENTIFIER), PsiElement(Py:LPAR)]\",\"text\":\"g \\u003d sns.FacetGrid(\",\"position\":[25903,25920]},{\"psi\":\"[PsiElement(Py:IDENTIFIER), PsiElement(Py:EQ), PsiElement(Py:IDENTIFIER), PsiElement(Py:DOT), PsiElement(Py:IDENTIFIER), PsiElement(Py:LPAR)]\",\"text\":\"g \\u003d sns.FacetGrid(\",\"position\":[26478,26495]}]},{\"clone_length\":39,\"clones\":[{\"psi\":\"[PsiElement(Py:IDENTIFIER), PsiElement(Py:EQ), PsiElement(Py:IDENTIFIER), PsiElement(Py:DOT), PsiElement(Py:IDENTIFIER), PsiElement(Py:LPAR), PsiElement(Py:LPAR), PsiElement(Py:IDENTIFIER), PsiElement(Py:DOT), PsiElement(Py:IDENTIFIER), PsiElement(Py:LPAR), PsiElement(Py:COMMA), PsiElement(Py:IDENTIFIER), PsiElement(Py:EQ), PsiElement(Py:INTEGER_LITERAL), PsiElement(Py:RPAR), PsiElement(Py:DOT), PsiElement(Py:IDENTIFIER), PsiElement(Py:LPAR), PsiElement(Py:RPAR), PsiElement(Py:DOT), PsiElement(Py:IDENTIFIER), PsiElement(Py:LPAR), PsiElement(Py:RPAR), PsiElement(Py:DOT), PsiElement(Py:IDENTIFIER), PsiElement(Py:LPAR), PsiElement(Py:IDENTIFIER), PsiElement(Py:EQ), PsiElement(Py:LBRACE), PsiElement(Py:COLON), PsiElement(Py:RBRACE), PsiElement(Py:RPAR), PsiElement(Py:RPAR), PsiElement(Py:COMMA), PsiElement(Py:IDENTIFIER), PsiElement(Py:EQ), PsiElement(Py:COMMA), PsiElement(Py:IDENTIFIER)]\",\"text\":\"g \\u003d sns.FacetGrid(\\n    (\\n        compare_experiments\\n        .drop(\\\"cv_fold\\\", axis\\u003d1)\\n        .reset_index()\\n        .query(\\\"fold_type \\u003d\\u003d \\u0027test\\u0027\\\")\\n        .rename(\\n            columns\\u003d{\\\"mean_diff\\\": \\\"mean diff\\\"})\\n    ),\\n    col\\u003d\\\"protected_class\\\",\\n    row\",\"position\":[25903,26153]},{\"psi\":\"[PsiElement(Py:IDENTIFIER), PsiElement(Py:EQ), PsiElement(Py:IDENTIFIER), PsiElement(Py:DOT), PsiElement(Py:IDENTIFIER), PsiElement(Py:LPAR), PsiElement(Py:LPAR), PsiElement(Py:IDENTIFIER), PsiElement(Py:DOT), PsiElement(Py:IDENTIFIER), PsiElement(Py:LPAR), PsiElement(Py:COMMA), PsiElement(Py:IDENTIFIER), PsiElement(Py:EQ), PsiElement(Py:INTEGER_LITERAL), PsiElement(Py:RPAR), PsiElement(Py:DOT), PsiElement(Py:IDENTIFIER), PsiElement(Py:LPAR), PsiElement(Py:RPAR), PsiElement(Py:DOT), PsiElement(Py:IDENTIFIER), PsiElement(Py:LPAR), PsiElement(Py:RPAR), PsiElement(Py:DOT), PsiElement(Py:IDENTIFIER), PsiElement(Py:LPAR), PsiElement(Py:IDENTIFIER), PsiElement(Py:EQ), PsiElement(Py:LBRACE), PsiElement(Py:COLON), PsiElement(Py:RBRACE), PsiElement(Py:RPAR), PsiElement(Py:RPAR), PsiElement(Py:COMMA), PsiElement(Py:IDENTIFIER), PsiElement(Py:EQ), PsiElement(Py:COMMA), PsiElement(Py:IDENTIFIER)]\",\"text\":\"g \\u003d sns.FacetGrid(\\n    (\\n        compare_experiments\\n        .drop(\\\"cv_fold\\\", axis\\u003d1)\\n        .reset_index()\\n        .query(\\\"fold_type \\u003d\\u003d \\u0027test\\u0027\\\")\\n        .rename(\\n            columns\\u003d{\\\"mean_diff\\\": \\\"mean diff\\\"})\\n    ),\\n    col\\u003d\\\"protected_class\\\",\\n    row\",\"position\":[26478,26728]}]},{\"clone_length\":5,\"clones\":[{\"psi\":\"[PsiElement(Py:IDENTIFIER), PsiElement(Py:IDENTIFIER), PsiElement(Py:EQ), PsiElement(Py:LPAR), PsiElement(Py:IDENTIFIER)]\",\"text\":\"m\\n            best_model \\u003d (\\n                exp_df\",\"position\":[12041,12086]},{\"psi\":\"[PsiElement(Py:IDENTIFIER), PsiElement(Py:IDENTIFIER), PsiElement(Py:EQ), PsiElement(Py:LPAR), PsiElement(Py:IDENTIFIER)]\",\"text\":\"m\\n            best_model \\u003d (\\n                exp_df\",\"position\":[12478,12523]}]},{\"clone_length\":3,\"clones\":[{\"psi\":\"[PsiElement(Py:IDENTIFIER), PsiElement(Py:EQ), PsiElement(Py:IDENTIFIER)]\",\"text\":\"z \\u003d np\",\"position\":[24975,24979]},{\"psi\":\"[PsiElement(Py:IDENTIFIER), PsiElement(Py:PLUS), PsiElement(Py:IDENTIFIER)]\",\"text\":\"z + np\",\"position\":[25050,25054]}]},{\"clone_length\":9,\"clones\":[{\"psi\":\"[PsiElement(Py:IDENTIFIER), PsiElement(Py:DOT), PsiElement(Py:IDENTIFIER), PsiElement(Py:LPAR), PsiElement(Py:IDENTIFIER), PsiElement(Py:DOT), PsiElement(Py:IDENTIFIER), PsiElement(Py:COMMA), PsiElement(Py:IDENTIFIER)]\",\"text\":\"ax.semilogx(mean_data_train.index, mean_data_train\",\"position\":[18387,18422]},{\"psi\":\"[PsiElement(Py:IDENTIFIER), PsiElement(Py:DOT), PsiElement(Py:IDENTIFIER), PsiElement(Py:LPAR), PsiElement(Py:IDENTIFIER), PsiElement(Py:DOT), PsiElement(Py:IDENTIFIER), PsiElement(Py:COMMA), PsiElement(Py:IDENTIFIER)]\",\"text\":\"ax.fill_between(mean_data_train.index, mean_data_train\",\"position\":[18631,18670]}]},{\"clone_length\":4,\"clones\":[{\"psi\":\"[PsiElement(Py:IF_KEYWORD), PsiElement(Py:IDENTIFIER), PsiElement(Py:COLON), PsiElement(Py:IDENTIFIER)]\",\"text\":\"if verbose:\\n            print\",\"position\":[6503,6527]},{\"psi\":\"[PsiElement(Py:IF_KEYWORD), PsiElement(Py:IDENTIFIER), PsiElement(Py:COLON), PsiElement(Py:IDENTIFIER)]\",\"text\":\"if verbose:\\n                print\",\"position\":[6642,6670]},{\"psi\":\"[PsiElement(Py:IF_KEYWORD), PsiElement(Py:IDENTIFIER), PsiElement(Py:COLON), PsiElement(Py:IDENTIFIER)]\",\"text\":\"if verbose:\\n        print\",\"position\":[6107,6127]},{\"psi\":\"[PsiElement(Py:IF_KEYWORD), PsiElement(Py:IDENTIFIER), PsiElement(Py:COLON), PsiElement(Py:IDENTIFIER)]\",\"text\":\"if verbose:\\n            print\",\"position\":[8187,8211]},{\"psi\":\"[PsiElement(Py:IF_KEYWORD), PsiElement(Py:IDENTIFIER), PsiElement(Py:COLON), PsiElement(Py:IDENTIFIER)]\",\"text\":\"if verbose:\\n        print\",\"position\":[8225,8245]}]},{\"clone_length\":5,\"clones\":[{\"psi\":\"[PsiElement(Py:IF_KEYWORD), PsiElement(Py:IDENTIFIER), PsiElement(Py:COLON), PsiElement(Py:IDENTIFIER), PsiElement(Py:LPAR)]\",\"text\":\"if verbose:\\n        print(\",\"position\":[6107,6132]},{\"psi\":\"[PsiElement(Py:IF_KEYWORD), PsiElement(Py:IDENTIFIER), PsiElement(Py:COLON), PsiElement(Py:IDENTIFIER), PsiElement(Py:LPAR)]\",\"text\":\"if verbose:\\n            print(\",\"position\":[8187,8216]},{\"psi\":\"[PsiElement(Py:IF_KEYWORD), PsiElement(Py:IDENTIFIER), PsiElement(Py:COLON), PsiElement(Py:IDENTIFIER), PsiElement(Py:LPAR)]\",\"text\":\"if verbose:\\n        print(\",\"position\":[8225,8250]}]},{\"clone_length\":5,\"clones\":[{\"psi\":\"[PsiElement(Py:IF_KEYWORD), PsiElement(Py:IDENTIFIER), PsiElement(Py:COLON), PsiElement(Py:IDENTIFIER), PsiElement(Py:LPAR)]\",\"text\":\"if verbose:\\n            print(\\\"\\\"\",\"position\":[8187,8216]},{\"psi\":\"[PsiElement(Py:IF_KEYWORD), PsiElement(Py:IDENTIFIER), PsiElement(Py:COLON), PsiElement(Py:IDENTIFIER), PsiElement(Py:LPAR)]\",\"text\":\"if verbose:\\n        print(\\\"\\\"\",\"position\":[8225,8250]}]},{\"clone_length\":5,\"clones\":[{\"psi\":\"[PsiElement(Py:IF_KEYWORD), PsiElement(Py:IDENTIFIER), PsiElement(Py:COLON), PsiElement(Py:IDENTIFIER), PsiElement(Py:LPAR)]\",\"text\":\"if verbose:\\n            print(\",\"position\":[6503,6532]},{\"psi\":\"[PsiElement(Py:IF_KEYWORD), PsiElement(Py:IDENTIFIER), PsiElement(Py:COLON), PsiElement(Py:IDENTIFIER), PsiElement(Py:LPAR)]\",\"text\":\"if verbose:\\n                print(\",\"position\":[6642,6675]}]},{\"clone_length\":8,\"clones\":[{\"psi\":\"[PsiElement(Py:IDENTIFIER), PsiElement(Py:EQ), PsiElement(Py:IDENTIFIER), PsiElement(Py:RPAR), PsiElement(Py:IDENTIFIER), PsiElement(Py:DOT), PsiElement(Py:IDENTIFIER), PsiElement(Py:LPAR)]\",\"text\":\"lw\\u003dlw)\\n    # # Add error region\\n    ax.fill_between(\",\"position\":[18595,18646]},{\"psi\":\"[PsiElement(Py:IDENTIFIER), PsiElement(Py:EQ), PsiElement(Py:IDENTIFIER), PsiElement(Py:RPAR), PsiElement(Py:IDENTIFIER), PsiElement(Py:DOT), PsiElement(Py:IDENTIFIER), PsiElement(Py:LPAR)]\",\"text\":\"lw\\u003dlw)\\n    ax.semilogx(\",\"position\":[18487,18509]},{\"psi\":\"[PsiElement(Py:IDENTIFIER), PsiElement(Py:EQ), PsiElement(Py:IDENTIFIER), PsiElement(Py:RPAR), PsiElement(Py:IDENTIFIER), PsiElement(Py:DOT), PsiElement(Py:IDENTIFIER), PsiElement(Py:LPAR)]\",\"text\":\"lw\\u003dlw)\\n    ax.fill_between(\",\"position\":[18809,18835]}]},{\"clone_length\":13,\"clones\":[{\"psi\":\"[PsiElement(Py:IDENTIFIER), PsiElement(Py:EQ), PsiElement(Py:IDENTIFIER), PsiElement(Py:RPAR), PsiElement(Py:IDENTIFIER), PsiElement(Py:DOT), PsiElement(Py:IDENTIFIER), PsiElement(Py:LPAR), PsiElement(Py:IDENTIFIER), PsiElement(Py:DOT), PsiElement(Py:IDENTIFIER), PsiElement(Py:COMMA), PsiElement(Py:IDENTIFIER)]\",\"text\":\"lw\\u003dlw)\\n    ax.semilogx(mean_data_test.index, mean_data_test\",\"position\":[18487,18532]},{\"psi\":\"[PsiElement(Py:IDENTIFIER), PsiElement(Py:EQ), PsiElement(Py:IDENTIFIER), PsiElement(Py:RPAR), PsiElement(Py:IDENTIFIER), PsiElement(Py:DOT), PsiElement(Py:IDENTIFIER), PsiElement(Py:LPAR), PsiElement(Py:IDENTIFIER), PsiElement(Py:DOT), PsiElement(Py:IDENTIFIER), PsiElement(Py:COMMA), PsiElement(Py:IDENTIFIER)]\",\"text\":\"lw\\u003dlw)\\n    ax.fill_between(mean_data_test.index, mean_data_test\",\"position\":[18809,18858]}]},{\"clone_length\":5,\"clones\":[{\"psi\":\"[PsiElement(Py:IDENTIFIER), PsiElement(Py:DOT), PsiElement(Py:IDENTIFIER), PsiElement(Py:LPAR), PsiElement(Py:LBRACKET)]\",\"text\":\"pd.concat([\",\"position\":[10027,10037]},{\"psi\":\"[PsiElement(Py:IDENTIFIER), PsiElement(Py:DOT), PsiElement(Py:IDENTIFIER), PsiElement(Py:LPAR), PsiElement(Py:LBRACKET)]\",\"text\":\"pd.concat([\",\"position\":[14246,14256]},{\"psi\":\"[PsiElement(Py:IDENTIFIER), PsiElement(Py:DOT), PsiElement(Py:IDENTIFIER), PsiElement(Py:LPAR), PsiElement(Py:LBRACKET)]\",\"text\":\"pd.concat([\",\"position\":[21130,21140]},{\"psi\":\"[PsiElement(Py:IDENTIFIER), PsiElement(Py:DOT), PsiElement(Py:IDENTIFIER), PsiElement(Py:LPAR), PsiElement(Py:LBRACKET)]\",\"text\":\"pd.concat([\",\"position\":[21396,21406]},{\"psi\":\"[PsiElement(Py:IDENTIFIER), PsiElement(Py:DOT), PsiElement(Py:IDENTIFIER), PsiElement(Py:LPAR), PsiElement(Py:LBRACKET)]\",\"text\":\"pd.concat([\",\"position\":[15748,15758]},{\"psi\":\"[PsiElement(Py:IDENTIFIER), PsiElement(Py:DOT), PsiElement(Py:IDENTIFIER), PsiElement(Py:LPAR), PsiElement(Py:LBRACKET)]\",\"text\":\"pd.concat([\",\"position\":[22595,22605]},{\"psi\":\"[PsiElement(Py:IDENTIFIER), PsiElement(Py:DOT), PsiElement(Py:IDENTIFIER), PsiElement(Py:LPAR), PsiElement(Py:LBRACKET)]\",\"text\":\"pd.concat([\",\"position\":[23114,23124]}]},{\"clone_length\":1,\"clones\":[{\"psi\":\"[PsiElement(Py:IDENTIFIER)]\",\"text\":\"pd\",\"position\":[23114,23114]},{\"psi\":\"[PsiElement(Py:IDENTIFIER)]\",\"text\":\"pd\",\"position\":[23114,23114]}]},{\"clone_length\":1,\"clones\":[{\"psi\":\"[PsiElement(Py:IDENTIFIER)]\",\"text\":\"np\",\"position\":[25054,25054]},{\"psi\":\"[PsiElement(Py:IDENTIFIER)]\",\"text\":\"np\",\"position\":[25054,25054]}]},{\"clone_length\":4,\"clones\":[{\"psi\":\"[PsiElement(Py:IDENTIFIER), PsiElement(Py:DOT), PsiElement(Py:IDENTIFIER), PsiElement(Py:LPAR)]\",\"text\":\"np.arctanh(\",\"position\":[24979,24989]},{\"psi\":\"[PsiElement(Py:IDENTIFIER), PsiElement(Py:DOT), PsiElement(Py:IDENTIFIER), PsiElement(Py:LPAR)]\",\"text\":\"np.array(\",\"position\":[25054,25062]},{\"psi\":\"[PsiElement(Py:IDENTIFIER), PsiElement(Py:DOT), PsiElement(Py:IDENTIFIER), PsiElement(Py:LPAR)]\",\"text\":\"np.tanh(\",\"position\":[25129,25136]}]},{\"clone_length\":5,\"clones\":[{\"psi\":\"[PsiElement(Py:IDENTIFIER), PsiElement(Py:EQ), PsiElement(Py:COMMA), PsiElement(Py:IDENTIFIER), PsiElement(Py:EQ)]\",\"text\":\"col\\u003d\\\"protected_class\\\", row\\u003d\\\"estimator\\\"\",\"position\":[24147,24173]},{\"psi\":\"[PsiElement(Py:IDENTIFIER), PsiElement(Py:EQ), PsiElement(Py:COMMA), PsiElement(Py:IDENTIFIER), PsiElement(Py:EQ)]\",\"text\":\"col\\u003d\\\"protected_class\\\",\\n    row\\u003d\\\"estimator\\\"\",\"position\":[26701,26731]}]},{\"clone_length\":7,\"clones\":[{\"psi\":\"[PsiElement(Py:IDENTIFIER), PsiElement(Py:EQ), PsiElement(Py:INTEGER_LITERAL), PsiElement(Py:COMMA), PsiElement(Py:IDENTIFIER), PsiElement(Py:EQ), PsiElement(Py:LPAR)]\",\"text\":\"loc\\u003d9, bbox_to_anchor\\u003d(\",\"position\":[24560,24582]},{\"psi\":\"[PsiElement(Py:IDENTIFIER), PsiElement(Py:EQ), PsiElement(Py:INTEGER_LITERAL), PsiElement(Py:COMMA), PsiElement(Py:IDENTIFIER), PsiElement(Py:EQ), PsiElement(Py:LPAR)]\",\"text\":\"loc\\u003d9, bbox_to_anchor\\u003d(\",\"position\":[24614,24636]}]},{\"clone_length\":4,\"clones\":[{\"psi\":\"[PsiElement(Py:IDENTIFIER), PsiElement(Py:DOT), PsiElement(Py:IDENTIFIER), PsiElement(Py:LPAR)]\",\"text\":\"plt.setp(\",\"position\":[24430,24438]},{\"psi\":\"[PsiElement(Py:IDENTIFIER), PsiElement(Py:DOT), PsiElement(Py:IDENTIFIER), PsiElement(Py:LPAR)]\",\"text\":\"plt.legend(\",\"position\":[24533,24543]}]},{\"clone_length\":1,\"clones\":[{\"psi\":\"[PsiElement(Py:IDENTIFIER)]\",\"text\":\"str\",\"position\":[4990,4990]},{\"psi\":\"[PsiElement(Py:IDENTIFIER)]\",\"text\":\"str\",\"position\":[4990,4990]}]},{\"clone_length\":4,\"clones\":[{\"psi\":\"[PsiElement(Py:IDENTIFIER), PsiElement(Py:DOT), PsiElement(Py:IDENTIFIER), PsiElement(Py:LPAR)]\",\"text\":\"data.query(\",\"position\":[18034,18044]},{\"psi\":\"[PsiElement(Py:IDENTIFIER), PsiElement(Py:DOT), PsiElement(Py:IDENTIFIER), PsiElement(Py:LPAR)]\",\"text\":\"data.query(\",\"position\":[18085,18095]}]},{\"clone_length\":1,\"clones\":[{\"psi\":\"[PsiElement(Py:IDENTIFIER)]\",\"text\":\"data\",\"position\":[25813,25813]},{\"psi\":\"[PsiElement(Py:IDENTIFIER)]\",\"text\":\"data\",\"position\":[25813,25813]},{\"psi\":\"[PsiElement(Py:IDENTIFIER)]\",\"text\":\"data\",\"position\":[25845,25845]}]},{\"clone_length\":7,\"clones\":[{\"psi\":\"[PsiElement(Py:IDENTIFIER), PsiElement(Py:LBRACKET), PsiElement(Py:IDENTIFIER), PsiElement(Py:RBRACKET), PsiElement(Py:DOT), PsiElement(Py:IDENTIFIER), PsiElement(Py:LPAR)]\",\"text\":\"data[y].min(\",\"position\":[25813,25824]},{\"psi\":\"[PsiElement(Py:IDENTIFIER), PsiElement(Py:LBRACKET), PsiElement(Py:IDENTIFIER), PsiElement(Py:RBRACKET), PsiElement(Py:DOT), PsiElement(Py:IDENTIFIER), PsiElement(Py:LPAR)]\",\"text\":\"data[y].max(\",\"position\":[25845,25856]}]},{\"clone_length\":6,\"clones\":[{\"psi\":\"[PsiElement(Py:IDENTIFIER), PsiElement(Py:EQ), PsiElement(Py:IDENTIFIER), PsiElement(Py:DOT), PsiElement(Py:IDENTIFIER), PsiElement(Py:LPAR)]\",\"text\":\"data \\u003d kwargs.pop(\\\"data\\\"\",\"position\":[17991,18008]},{\"psi\":\"[PsiElement(Py:IDENTIFIER), PsiElement(Py:EQ), PsiElement(Py:IDENTIFIER), PsiElement(Py:DOT), PsiElement(Py:IDENTIFIER), PsiElement(Py:LPAR)]\",\"text\":\"data \\u003d kwargs.pop(\\\"data\\\"\",\"position\":[25291,25308]}]},{\"clone_length\":5,\"clones\":[{\"psi\":\"[PsiElement(Py:IDENTIFIER), PsiElement(Py:COMMA), PsiElement(Py:IDENTIFIER), PsiElement(Py:IN_KEYWORD), PsiElement(Py:IDENTIFIER)]\",\"text\":\"name, e in estimators\",\"position\":[15292,15303]},{\"psi\":\"[PsiElement(Py:IDENTIFIER), PsiElement(Py:COMMA), PsiElement(Py:IDENTIFIER), PsiElement(Py:IN_KEYWORD), PsiElement(Py:IDENTIFIER)]\",\"text\":\"name, e in estimators\",\"position\":[20693,20704]},{\"psi\":\"[PsiElement(Py:IDENTIFIER), PsiElement(Py:COMMA), PsiElement(Py:IDENTIFIER), PsiElement(Py:IN_KEYWORD), PsiElement(Py:IDENTIFIER)]\",\"text\":\"name, e in estimators\",\"position\":[22118,22129]}]},{\"clone_length\":3,\"clones\":[{\"psi\":\"[PsiElement(Py:IDENTIFIER), PsiElement(Py:LPAR), PsiElement(Py:IDENTIFIER)]\",\"text\":\"clone(e\",\"position\":[17496,17502]},{\"psi\":\"[PsiElement(Py:IDENTIFIER), PsiElement(Py:LPAR), PsiElement(Py:IDENTIFIER)]\",\"text\":\"clone(e\",\"position\":[17527,17533]}]},{\"clone_length\":3,\"clones\":[{\"psi\":\"[PsiElement(Py:IDENTIFIER), PsiElement(Py:LPAR), PsiElement(Py:IDENTIFIER)]\",\"text\":\"cross_validation_experiment(\\n    linear_acf_estimators\",\"position\":[20741,20774]},{\"psi\":\"[PsiElement(Py:IDENTIFIER), PsiElement(Py:LPAR), PsiElement(Py:IDENTIFIER)]\",\"text\":\"cross_validation_experiment(\\n    linear_acf_estimators\",\"position\":[20855,20888]},{\"psi\":\"[PsiElement(Py:IDENTIFIER), PsiElement(Py:LPAR), PsiElement(Py:IDENTIFIER)]\",\"text\":\"cross_validation_experiment(\\n    linear_acf_estimators\",\"position\":[20987,21020]}]},{\"clone_length\":3,\"clones\":[{\"psi\":\"[PsiElement(Py:IDENTIFIER), PsiElement(Py:LPAR), PsiElement(Py:IDENTIFIER)]\",\"text\":\"cross_validation_experiment(\\n    relabelling_estimators\",\"position\":[15344,15377]},{\"psi\":\"[PsiElement(Py:IDENTIFIER), PsiElement(Py:LPAR), PsiElement(Py:IDENTIFIER)]\",\"text\":\"cross_validation_experiment(\\n    relabelling_estimators\",\"position\":[15463,15496]},{\"psi\":\"[PsiElement(Py:IDENTIFIER), PsiElement(Py:LPAR), PsiElement(Py:IDENTIFIER)]\",\"text\":\"cross_validation_experiment(\\n    relabelling_estimators\",\"position\":[15600,15633]}]},{\"clone_length\":3,\"clones\":[{\"psi\":\"[PsiElement(Py:IDENTIFIER), PsiElement(Py:LPAR), PsiElement(Py:IDENTIFIER)]\",\"text\":\"cross_validation_experiment(\\n    single_roc_clf_estimators\",\"position\":[22173,22206]},{\"psi\":\"[PsiElement(Py:IDENTIFIER), PsiElement(Py:LPAR), PsiElement(Py:IDENTIFIER)]\",\"text\":\"cross_validation_experiment(\\n    single_roc_clf_estimators\",\"position\":[22298,22331]},{\"psi\":\"[PsiElement(Py:IDENTIFIER), PsiElement(Py:LPAR), PsiElement(Py:IDENTIFIER)]\",\"text\":\"cross_validation_experiment(\\n    single_roc_clf_estimators\",\"position\":[22441,22474]}]},{\"clone_length\":3,\"clones\":[{\"psi\":\"[PsiElement(Py:IDENTIFIER), PsiElement(Py:LPAR), PsiElement(Py:IDENTIFIER)]\",\"text\":\"cross_validation_experiment(\\n    estimators\",\"position\":[9347,9380]},{\"psi\":\"[PsiElement(Py:IDENTIFIER), PsiElement(Py:LPAR), PsiElement(Py:IDENTIFIER)]\",\"text\":\"cross_validation_experiment(\\n    estimators\",\"position\":[9448,9481]},{\"psi\":\"[PsiElement(Py:IDENTIFIER), PsiElement(Py:LPAR), PsiElement(Py:IDENTIFIER)]\",\"text\":\"cross_validation_experiment(\\n    estimators\",\"position\":[9563,9596]},{\"psi\":\"[PsiElement(Py:IDENTIFIER), PsiElement(Py:LPAR), PsiElement(Py:IDENTIFIER)]\",\"text\":\"cross_validation_experiment(\\n    estimators\",\"position\":[13989,14022]},{\"psi\":\"[PsiElement(Py:IDENTIFIER), PsiElement(Py:LPAR), PsiElement(Py:IDENTIFIER)]\",\"text\":\"cross_validation_experiment(\\n            estimators\",\"position\":[16838,16879]},{\"psi\":\"[PsiElement(Py:IDENTIFIER), PsiElement(Py:LPAR), PsiElement(Py:IDENTIFIER)]\",\"text\":\"cross_validation_experiment(\\n    estimators\",\"position\":[13884,13917]},{\"psi\":\"[PsiElement(Py:IDENTIFIER), PsiElement(Py:LPAR), PsiElement(Py:IDENTIFIER)]\",\"text\":\"cross_validation_experiment(\\n            estimators\",\"position\":[16688,16729]},{\"psi\":\"[PsiElement(Py:IDENTIFIER), PsiElement(Py:LPAR), PsiElement(Py:IDENTIFIER)]\",\"text\":\"cross_validation_experiment(\\n    estimators\",\"position\":[14112,14145]},{\"psi\":\"[PsiElement(Py:IDENTIFIER), PsiElement(Py:LPAR), PsiElement(Py:IDENTIFIER)]\",\"text\":\"cross_validation_experiment(\\n            estimators\",\"position\":[17006,17047]}]},{\"clone_length\":7,\"clones\":[{\"psi\":\"[PsiElement(Py:IDENTIFIER), PsiElement(Py:LPAR), PsiElement(Py:IDENTIFIER), PsiElement(Py:COMMA), PsiElement(Py:IDENTIFIER), PsiElement(Py:COMMA), PsiElement(Py:IDENTIFIER)]\",\"text\":\"cross_validation_experiment(\\n    estimators, X, y\",\"position\":[9347,9395]},{\"psi\":\"[PsiElement(Py:IDENTIFIER), PsiElement(Py:LPAR), PsiElement(Py:IDENTIFIER), PsiElement(Py:COMMA), PsiElement(Py:IDENTIFIER), PsiElement(Py:COMMA), PsiElement(Py:IDENTIFIER)]\",\"text\":\"cross_validation_experiment(\\n    estimators, X, y\",\"position\":[9448,9496]},{\"psi\":\"[PsiElement(Py:IDENTIFIER), PsiElement(Py:LPAR), PsiElement(Py:IDENTIFIER), PsiElement(Py:COMMA), PsiElement(Py:IDENTIFIER), PsiElement(Py:COMMA), PsiElement(Py:IDENTIFIER)]\",\"text\":\"cross_validation_experiment(\\n    estimators, X, y\",\"position\":[9563,9611]}]},{\"clone_length\":10,\"clones\":[{\"psi\":\"[PsiElement(Py:IDENTIFIER), PsiElement(Py:LPAR), PsiElement(Py:IDENTIFIER), PsiElement(Py:COMMA), PsiElement(Py:IDENTIFIER), PsiElement(Py:COMMA), PsiElement(Py:IDENTIFIER), PsiElement(Py:COMMA), PsiElement(Py:IDENTIFIER), PsiElement(Py:COMMA)]\",\"text\":\"cross_validation_experiment(\\n    estimators, X_no_foreign, y, s_foreign, \\\"foreign_worker\\\"\",\"position\":[13989,14060]},{\"psi\":\"[PsiElement(Py:IDENTIFIER), PsiElement(Py:LPAR), PsiElement(Py:IDENTIFIER), PsiElement(Py:COMMA), PsiElement(Py:IDENTIFIER), PsiElement(Py:COMMA), PsiElement(Py:IDENTIFIER), PsiElement(Py:COMMA), PsiElement(Py:IDENTIFIER), PsiElement(Py:COMMA)]\",\"text\":\"cross_validation_experiment(\\n            estimators, X_no_foreign, y, s_foreign, \\\"foreign_worker\\\"\",\"position\":[16838,16917]}]},{\"clone_length\":10,\"clones\":[{\"psi\":\"[PsiElement(Py:IDENTIFIER), PsiElement(Py:LPAR), PsiElement(Py:IDENTIFIER), PsiElement(Py:COMMA), PsiElement(Py:IDENTIFIER), PsiElement(Py:COMMA), PsiElement(Py:IDENTIFIER), PsiElement(Py:COMMA), PsiElement(Py:IDENTIFIER), PsiElement(Py:COMMA)]\",\"text\":\"cross_validation_experiment(\\n    estimators, X_no_sex, y, s_female, \\\"female\\\"\",\"position\":[13884,13950]},{\"psi\":\"[PsiElement(Py:IDENTIFIER), PsiElement(Py:LPAR), PsiElement(Py:IDENTIFIER), PsiElement(Py:COMMA), PsiElement(Py:IDENTIFIER), PsiElement(Py:COMMA), PsiElement(Py:IDENTIFIER), PsiElement(Py:COMMA), PsiElement(Py:IDENTIFIER), PsiElement(Py:COMMA)]\",\"text\":\"cross_validation_experiment(\\n            estimators, X_no_sex, y, s_female, \\\"female\\\"\",\"position\":[16688,16762]}]},{\"clone_length\":10,\"clones\":[{\"psi\":\"[PsiElement(Py:IDENTIFIER), PsiElement(Py:LPAR), PsiElement(Py:IDENTIFIER), PsiElement(Py:COMMA), PsiElement(Py:IDENTIFIER), PsiElement(Py:COMMA), PsiElement(Py:IDENTIFIER), PsiElement(Py:COMMA), PsiElement(Py:IDENTIFIER), PsiElement(Py:COMMA)]\",\"text\":\"cross_validation_experiment(\\n    estimators, X_no_age, y, s_age_below_25, \\\"age_below_25\\\"\",\"position\":[14112,14184]},{\"psi\":\"[PsiElement(Py:IDENTIFIER), PsiElement(Py:LPAR), PsiElement(Py:IDENTIFIER), PsiElement(Py:COMMA), PsiElement(Py:IDENTIFIER), PsiElement(Py:COMMA), PsiElement(Py:IDENTIFIER), PsiElement(Py:COMMA), PsiElement(Py:IDENTIFIER), PsiElement(Py:COMMA)]\",\"text\":\"cross_validation_experiment(\\n            estimators, X_no_age, y, s_age_below_25, \\\"age_below_25\\\"\",\"position\":[17006,17086]}]},{\"clone_length\":5,\"clones\":[{\"psi\":\"[PsiElement(Py:FALSE_KEYWORD), PsiElement(Py:RPAR), PsiElement(Py:IDENTIFIER), PsiElement(Py:EQ), PsiElement(Py:IDENTIFIER)]\",\"text\":\"False)\\ng \\u003d g\",\"position\":[19685,19696]},{\"psi\":\"[PsiElement(Py:FALSE_KEYWORD), PsiElement(Py:RPAR), PsiElement(Py:RPAR), PsiElement(Py:IDENTIFIER)]\",\"text\":\"False))\\n    g\",\"position\":[24313,24325]}]},{\"clone_length\":4,\"clones\":[{\"psi\":\"[PsiElement(Py:IDENTIFIER), PsiElement(Py:DOT), PsiElement(Py:IDENTIFIER), PsiElement(Py:LPAR)]\",\"text\":\"stats.pearsonr(\",\"position\":[24950,24964]},{\"psi\":\"[PsiElement(Py:IDENTIFIER), PsiElement(Py:DOT), PsiElement(Py:IDENTIFIER), PsiElement(Py:DOT), PsiElement(Py:IDENTIFIER), PsiElement(Py:LPAR)]\",\"text\":\"stats.norm.ppf(\",\"position\":[25082,25096]}]},{\"clone_length\":7,\"clones\":[{\"psi\":\"[PsiElement(Py:IDENTIFIER), PsiElement(Py:EQ), PsiElement(Py:INTEGER_LITERAL), PsiElement(Py:COMMA), PsiElement(Py:IDENTIFIER), PsiElement(Py:EQ), PsiElement(Py:INTEGER_LITERAL)]\",\"text\":\"n_estimators\\u003d50, max_depth\\u003d10\",\"position\":[9073,9100]},{\"psi\":\"[PsiElement(Py:IDENTIFIER), PsiElement(Py:EQ), PsiElement(Py:INTEGER_LITERAL), PsiElement(Py:COMMA), PsiElement(Py:IDENTIFIER), PsiElement(Py:EQ), PsiElement(Py:INTEGER_LITERAL)]\",\"text\":\"n_estimators\\u003d50, max_depth\\u003d10\",\"position\":[20406,20433]}]},{\"clone_length\":1,\"clones\":[{\"psi\":\"[PsiElement(Py:IDENTIFIER)]\",\"text\":\"experiment_df\",\"position\":[9876,9876]},{\"psi\":\"[PsiElement(Py:IDENTIFIER)]\",\"text\":\"experiment_df\",\"position\":[9876,9876]}]},{\"clone_length\":7,\"clones\":[{\"psi\":\"[PsiElement(Py:IDENTIFIER), PsiElement(Py:LBRACKET), PsiElement(Py:IDENTIFIER), PsiElement(Py:RBRACKET), PsiElement(Py:DOT), PsiElement(Py:IDENTIFIER), PsiElement(Py:LPAR)]\",\"text\":\"grp_data_train[y].mean(\",\"position\":[18225,18247]},{\"psi\":\"[PsiElement(Py:IDENTIFIER), PsiElement(Py:LBRACKET), PsiElement(Py:IDENTIFIER), PsiElement(Py:RBRACKET), PsiElement(Py:DOT), PsiElement(Py:IDENTIFIER), PsiElement(Py:LPAR)]\",\"text\":\"grp_data_train[y].std(\",\"position\":[18316,18337]}]},{\"clone_length\":7,\"clones\":[{\"psi\":\"[PsiElement(Py:IDENTIFIER), PsiElement(Py:LBRACKET), PsiElement(Py:IDENTIFIER), PsiElement(Py:RBRACKET), PsiElement(Py:DOT), PsiElement(Py:IDENTIFIER), PsiElement(Py:LPAR)]\",\"text\":\"grp_data_test[y].mean(\",\"position\":[18271,18292]},{\"psi\":\"[PsiElement(Py:IDENTIFIER), PsiElement(Py:LBRACKET), PsiElement(Py:IDENTIFIER), PsiElement(Py:RBRACKET), PsiElement(Py:DOT), PsiElement(Py:IDENTIFIER), PsiElement(Py:LPAR)]\",\"text\":\"grp_data_test[y].std(\",\"position\":[18360,18380]}]},{\"clone_length\":6,\"clones\":[{\"psi\":\"[PsiElement(Py:IDENTIFIER), PsiElement(Py:COMMA), PsiElement(Py:IDENTIFIER), PsiElement(Py:RPAR), PsiElement(Py:COLON), PsiElement(Py:IDENTIFIER)]\",\"text\":\"param_name, param):\\n    e\",\"position\":[17468,17492]},{\"psi\":\"[PsiElement(Py:IDENTIFIER), PsiElement(Py:COLON), PsiElement(Py:IDENTIFIER), PsiElement(Py:RBRACE), PsiElement(Py:RPAR), PsiElement(Py:IDENTIFIER)]\",\"text\":\"param_name: param})\\n    e\",\"position\":[17580,17604]}]},{\"clone_length\":4,\"clones\":[{\"psi\":\"[PsiElement(Py:IDENTIFIER), PsiElement(Py:DOT), PsiElement(Py:IDENTIFIER), PsiElement(Py:LPAR)]\",\"text\":\"experiment_baseline\\n    .query(\",\"position\":[10331,10361]},{\"psi\":\"[PsiElement(Py:IDENTIFIER), PsiElement(Py:DOT), PsiElement(Py:IDENTIFIER), PsiElement(Py:LPAR)]\",\"text\":\"experiment_baseline.assign(\",\"position\":[23134,23160]}]},{\"clone_length\":4,\"clones\":[{\"psi\":\"[PsiElement(Py:IDENTIFIER), PsiElement(Py:EQ), PsiElement(Py:IDENTIFIER), PsiElement(Py:LPAR)]\",\"text\":\"experiment_relabel_age_below_25 \\u003d cross_validation_experiment(\",\"position\":[15566,15627]},{\"psi\":\"[PsiElement(Py:IDENTIFIER), PsiElement(Py:EQ), PsiElement(Py:IDENTIFIER), PsiElement(Py:LPAR)]\",\"text\":\"experiment_relabel_age_below_25 \\u003d cross_validation_experiment(\",\"position\":[16972,17033]}]},{\"clone_length\":1,\"clones\":[{\"psi\":\"[PsiElement(Py:IDENTIFIER)]\",\"text\":\"preprocess_german_credit_data\",\"position\":[441,441]},{\"psi\":\"[PsiElement(Py:IDENTIFIER)]\",\"text\":\"preprocess_german_credit_data\",\"position\":[441,441]}]},{\"clone_length\":10,\"clones\":[{\"psi\":\"[PsiElement(Py:PERC), PsiElement(Py:LPAR), PsiElement(Py:IDENTIFIER), PsiElement(Py:LBRACKET), PsiElement(Py:INTEGER_LITERAL), PsiElement(Py:RBRACKET), PsiElement(Py:COMMA), PsiElement(Py:IDENTIFIER), PsiElement(Py:LBRACKET), PsiElement(Py:INTEGER_LITERAL)]\",\"text\":\"\\\" \\u003d %0.03f: %s\\\\n\\\" % \\\\\\n                   (best_model[0], best_model[1\",\"position\":[12282,12332]},{\"psi\":\"[PsiElement(Py:PERC), PsiElement(Py:LPAR), PsiElement(Py:IDENTIFIER), PsiElement(Py:LBRACKET), PsiElement(Py:INTEGER_LITERAL), PsiElement(Py:RBRACKET), PsiElement(Py:COMMA), PsiElement(Py:IDENTIFIER), PsiElement(Py:LBRACKET), PsiElement(Py:INTEGER_LITERAL)]\",\"text\":\"\\\" \\u003d %0.03f: %s\\\\n\\\" % \\\\\\n                   (best_model[0], best_model[1\",\"position\":[12839,12889]}]},{\"clone_length\":4,\"clones\":[{\"psi\":\"[PsiElement(Py:IDENTIFIER), PsiElement(Py:DOT), PsiElement(Py:IDENTIFIER), PsiElement(Py:LPAR)]\",\"text\":\"experiment_naive_summary.query(\",\"position\":[14428,14458]},{\"psi\":\"[PsiElement(Py:IDENTIFIER), PsiElement(Py:DOT), PsiElement(Py:IDENTIFIER), PsiElement(Py:LPAR)]\",\"text\":\"experiment_naive_summary.reset_index(\",\"position\":[14599,14635]}]},{\"clone_length\":8,\"clones\":[{\"psi\":\"[PsiElement(Py:IDENTIFIER), PsiElement(Py:EQ), PsiElement(Py:IDENTIFIER), PsiElement(Py:LPAR), PsiElement(Py:IDENTIFIER), PsiElement(Py:COMMA), PsiElement(Py:COMMA), PsiElement(Py:NONE_KEYWORD)]\",\"text\":\"child_estimator \\u003d getattr(estimator, \\\"estimator\\\", None\",\"position\":[5415,5465]},{\"psi\":\"[PsiElement(Py:IDENTIFIER), PsiElement(Py:EQ), PsiElement(Py:IDENTIFIER), PsiElement(Py:LPAR), PsiElement(Py:IDENTIFIER), PsiElement(Py:COMMA), PsiElement(Py:COMMA), PsiElement(Py:NONE_KEYWORD)]\",\"text\":\"child_estimator \\u003d getattr(estimator, \\\"estimator\\\", None\",\"position\":[5817,5867]}]},{\"clone_length\":6,\"clones\":[{\"psi\":\"[PsiElement(Py:IDENTIFIER), PsiElement(Py:LPAR), PsiElement(Py:IDENTIFIER), PsiElement(Py:RPAR), PsiElement(Py:ELSE_KEYWORD), PsiElement(Py:LPAR)]\",\"text\":\"predict_with_s(e) \\\\\\n                else (\",\"position\":[7153,7194]},{\"psi\":\"[PsiElement(Py:IDENTIFIER), PsiElement(Py:LPAR), PsiElement(Py:IDENTIFIER), PsiElement(Py:RPAR), PsiElement(Py:ELSE_KEYWORD), PsiElement(Py:LPAR)]\",\"text\":\"predict_with_s(e) \\\\\\n                else (\",\"position\":[7255,7296]}]},{\"clone_length\":4,\"clones\":[{\"psi\":\"[PsiElement(Py:IDENTIFIER), PsiElement(Py:EQ), PsiElement(Py:IDENTIFIER), PsiElement(Py:LPAR)]\",\"text\":\"experiment_relabel_female \\u003d cross_validation_experiment(\",\"position\":[15316,15371]},{\"psi\":\"[PsiElement(Py:IDENTIFIER), PsiElement(Py:EQ), PsiElement(Py:IDENTIFIER), PsiElement(Py:LPAR)]\",\"text\":\"experiment_relabel_female \\u003d cross_validation_experiment(\",\"position\":[16660,16715]}]},{\"clone_length\":1,\"clones\":[{\"psi\":\"[PsiElement(Py:IDENTIFIER)]\",\"text\":\"relabel_validaton_curve_experiment\",\"position\":[19041,19041]},{\"psi\":\"[PsiElement(Py:IDENTIFIER)]\",\"text\":\"relabel_validaton_curve_experiment\",\"position\":[19041,19041]}]},{\"clone_length\":5,\"clones\":[{\"psi\":\"[PsiElement(Py:IDENTIFIER), PsiElement(Py:LPAR), PsiElement(Py:IDENTIFIER), PsiElement(Py:LPAR), PsiElement(Py:IDENTIFIER)]\",\"text\":\"display(Markdown(msg\",\"position\":[11703,11720]},{\"psi\":\"[PsiElement(Py:IDENTIFIER), PsiElement(Py:LPAR), PsiElement(Py:IDENTIFIER), PsiElement(Py:LPAR), PsiElement(Py:IDENTIFIER)]\",\"text\":\"display(Markdown(msg\",\"position\":[12901,12918]}]},{\"clone_length\":1,\"clones\":[{\"psi\":\"[PsiElement(Py:IDENTIFIER)]\",\"text\":\"german_credit\",\"position\":[293,293]},{\"psi\":\"[PsiElement(Py:IDENTIFIER)]\",\"text\":\"german_credit\",\"position\":[293,293]}]},{\"clone_length\":24,\"clones\":[{\"psi\":\"[PsiElement(Py:IDENTIFIER), PsiElement(Py:EQ), PsiElement(Py:IDENTIFIER), PsiElement(Py:DOT), PsiElement(Py:IDENTIFIER), PsiElement(Py:LPAR), PsiElement(Py:LBRACKET), PsiElement(Py:IDENTIFIER), PsiElement(Py:COMMA), PsiElement(Py:IDENTIFIER), PsiElement(Py:COMMA), PsiElement(Py:IDENTIFIER), PsiElement(Py:RBRACKET), PsiElement(Py:RPAR), PsiElement(Py:IDENTIFIER), PsiElement(Py:EQ), PsiElement(Py:IDENTIFIER), PsiElement(Py:LPAR), PsiElement(Py:IDENTIFIER), PsiElement(Py:RPAR), PsiElement(Py:IDENTIFIER), PsiElement(Py:DOT), PsiElement(Py:IDENTIFIER), PsiElement(Py:LPAR)]\",\"text\":\"experiment_acf \\u003d pd.concat([\\n    experiment_acf_female,\\n    experiment_acf_foreign,\\n    experiment_acf_age_below_25\\n])\\nexperiment_acf_summary \\u003d summarize_experiment_results(experiment_acf)\\nexperiment_acf_summary.query(\\\"fold_type \\u003d\\u003d \\u0027test\\u0027\\\"\",\"position\":[21113,21330]},{\"psi\":\"[PsiElement(Py:IDENTIFIER), PsiElement(Py:EQ), PsiElement(Py:IDENTIFIER), PsiElement(Py:DOT), PsiElement(Py:IDENTIFIER), PsiElement(Py:LPAR), PsiElement(Py:LBRACKET), PsiElement(Py:IDENTIFIER), PsiElement(Py:COMMA), PsiElement(Py:IDENTIFIER), PsiElement(Py:COMMA), PsiElement(Py:IDENTIFIER), PsiElement(Py:RBRACKET), PsiElement(Py:RPAR), PsiElement(Py:IDENTIFIER), PsiElement(Py:EQ), PsiElement(Py:IDENTIFIER), PsiElement(Py:LPAR), PsiElement(Py:IDENTIFIER), PsiElement(Py:RPAR), PsiElement(Py:IDENTIFIER), PsiElement(Py:DOT), PsiElement(Py:IDENTIFIER), PsiElement(Py:LPAR)]\",\"text\":\"experiment_acf \\u003d pd.concat([\\n    experiment_acf_female,\\n    experiment_acf_foreign,\\n    experiment_acf_age_below_25\\n])\\nexperiment_acf_summary \\u003d summarize_experiment_results(experiment_acf)\\nexperiment_acf_summary.query(\\\"fold_type \\u003d\\u003d \\u0027test\\u0027\\\"\",\"position\":[21379,21596]}]},{\"clone_length\":4,\"clones\":[{\"psi\":\"[PsiElement(Py:IDENTIFIER), PsiElement(Py:DOT), PsiElement(Py:IDENTIFIER), PsiElement(Py:LPAR)]\",\"text\":\"experiment_acf.reset_index(\",\"position\":[22981,23007]},{\"psi\":\"[PsiElement(Py:IDENTIFIER), PsiElement(Py:DOT), PsiElement(Py:IDENTIFIER), PsiElement(Py:LPAR)]\",\"text\":\"experiment_acf.assign(\",\"position\":[23290,23311]}]},{\"clone_length\":4,\"clones\":[{\"psi\":\"[PsiElement(Py:IDENTIFIER), PsiElement(Py:DOT), PsiElement(Py:IDENTIFIER), PsiElement(Py:LPAR)]\",\"text\":\"experiment_relabel_summary.query(\",\"position\":[15940,15972]},{\"psi\":\"[PsiElement(Py:IDENTIFIER), PsiElement(Py:DOT), PsiElement(Py:IDENTIFIER), PsiElement(Py:LPAR)]\",\"text\":\"experiment_relabel_summary.reset_index(\",\"position\":[16115,16153]}]},{\"clone_length\":4,\"clones\":[{\"psi\":\"[PsiElement(Py:IDENTIFIER), PsiElement(Py:EQ), PsiElement(Py:LBRACKET), PsiElement(Py:LPAR)]\",\"text\":\"estimators \\u003d [\\n    (\",\"position\":[9171,9190]},{\"psi\":\"[PsiElement(Py:IDENTIFIER), PsiElement(Py:EQ), PsiElement(Py:LBRACKET), PsiElement(Py:LPAR)]\",\"text\":\"estimators \\u003d [(\",\"position\":[16617,16631]}]}]}","initial_tree_length":3086,"project_name":"cbcd297a4f38b11618b65826e24ac4f4959bb635","file_name":"cbcd297a4f38b11618b65826e24ac4f4959bb635.ipynb.py"}