{"3":"{\"totalGroups\":18,\"totalClones\":53,\"groups\":[{\"clone_length\":7,\"clones\":[{\"psi\":\"[PsiElement(Py:IDENTIFIER), PsiElement(Py:DOT), PsiElement(Py:IDENTIFIER), PsiElement(Py:DOT), PsiElement(Py:IDENTIFIER), PsiElement(Py:LPAR), PsiElement(Py:IDENTIFIER)]\",\"text\":\"os.path.join(path\",\"position\":[819,832]},{\"psi\":\"[PsiElement(Py:IDENTIFIER), PsiElement(Py:DOT), PsiElement(Py:IDENTIFIER), PsiElement(Py:LPAR), PsiElement(Py:IDENTIFIER)]\",\"text\":\"os.listdir(path\",\"position\":[857,868]}]},{\"clone_length\":7,\"clones\":[{\"psi\":\"[PsiElement(Py:IDENTIFIER), PsiElement(Py:DOT), PsiElement(Py:IDENTIFIER), PsiElement(Py:DOT), PsiElement(Py:IDENTIFIER), PsiElement(Py:LPAR), PsiElement(Py:IDENTIFIER)]\",\"text\":\"os.path.join(alph\",\"position\":[923,936]},{\"psi\":\"[PsiElement(Py:IDENTIFIER), PsiElement(Py:DOT), PsiElement(Py:IDENTIFIER), PsiElement(Py:LPAR), PsiElement(Py:IDENTIFIER)]\",\"text\":\"os.listdir(alph\",\"position\":[961,972]}]},{\"clone_length\":7,\"clones\":[{\"psi\":\"[PsiElement(Py:IDENTIFIER), PsiElement(Py:DOT), PsiElement(Py:IDENTIFIER), PsiElement(Py:DOT), PsiElement(Py:IDENTIFIER), PsiElement(Py:LPAR), PsiElement(Py:IDENTIFIER)]\",\"text\":\"os.path.join(char\",\"position\":[1090,1103]},{\"psi\":\"[PsiElement(Py:IDENTIFIER), PsiElement(Py:DOT), PsiElement(Py:IDENTIFIER), PsiElement(Py:LPAR), PsiElement(Py:IDENTIFIER)]\",\"text\":\"os.listdir(char\",\"position\":[1128,1139]}]},{\"clone_length\":6,\"clones\":[{\"psi\":\"[PsiElement(Py:IDENTIFIER), PsiElement(Py:DOT), PsiElement(Py:IDENTIFIER), PsiElement(Py:DOT), PsiElement(Py:IDENTIFIER), PsiElement(Py:LPAR)]\",\"text\":\"os.path.isdir(\\u0027omniglot/\\u0027\",\"position\":[493,506]},{\"psi\":\"[PsiElement(Py:IDENTIFIER), PsiElement(Py:DOT), PsiElement(Py:IDENTIFIER), PsiElement(Py:LPAR)]\",\"text\":\"os.makedirs(\\u0027omniglot/\\u0027\",\"position\":[529,540]}]},{\"clone_length\":4,\"clones\":[{\"psi\":\"[PsiElement(Py:IDENTIFIER), PsiElement(Py:DOT), PsiElement(Py:IDENTIFIER), PsiElement(Py:LPAR)]\",\"text\":\"os.makedirs(\",\"position\":[529,540]},{\"psi\":\"[PsiElement(Py:IDENTIFIER), PsiElement(Py:DOT), PsiElement(Py:IDENTIFIER), PsiElement(Py:LPAR)]\",\"text\":\"os.makedirs(\",\"position\":[1999,2010]}]},{\"clone_length\":1,\"clones\":[{\"psi\":\"[PsiElement(Py:IDENTIFIER)]\",\"text\":\"pickle\",\"position\":[2145,2145]},{\"psi\":\"[PsiElement(Py:IDENTIFIER)]\",\"text\":\"pickle\",\"position\":[2238,2238]},{\"psi\":\"[PsiElement(Py:IDENTIFIER)]\",\"text\":\"pickle\",\"position\":[2411,2411]},{\"psi\":\"[PsiElement(Py:IDENTIFIER)]\",\"text\":\"pickle\",\"position\":[2683,2683]},{\"psi\":\"[PsiElement(Py:IDENTIFIER)]\",\"text\":\"pickle\",\"position\":[2507,2507]},{\"psi\":\"[PsiElement(Py:IDENTIFIER)]\",\"text\":\"pickle\",\"position\":[2779,2779]},{\"psi\":\"[PsiElement(Py:IDENTIFIER)]\",\"text\":\"pickle\",\"position\":[2145,2145]},{\"psi\":\"[PsiElement(Py:IDENTIFIER)]\",\"text\":\"pickle\",\"position\":[2238,2238]},{\"psi\":\"[PsiElement(Py:IDENTIFIER)]\",\"text\":\"pickle\",\"position\":[2411,2411]},{\"psi\":\"[PsiElement(Py:IDENTIFIER)]\",\"text\":\"pickle\",\"position\":[2683,2683]},{\"psi\":\"[PsiElement(Py:IDENTIFIER)]\",\"text\":\"pickle\",\"position\":[2507,2507]},{\"psi\":\"[PsiElement(Py:IDENTIFIER)]\",\"text\":\"pickle\",\"position\":[2779,2779]}]},{\"clone_length\":5,\"clones\":[{\"psi\":\"[PsiElement(Py:IDENTIFIER), PsiElement(Py:RPAR), PsiElement(Py:IDENTIFIER), PsiElement(Py:EQ), PsiElement(Py:IDENTIFIER)]\",\"text\":\"tmp_im)\\n                tmp_im \\u003d tmp_im\",\"position\":[1354,1387]},{\"psi\":\"[PsiElement(Py:IDENTIFIER), PsiElement(Py:EQ), PsiElement(Py:IDENTIFIER)]\",\"text\":\"tmp_im \\u003d tmp_im\",\"position\":[1284,1293]},{\"psi\":\"[PsiElement(Py:IDENTIFIER), PsiElement(Py:EQ), PsiElement(Py:IDENTIFIER)]\",\"text\":\"tmp_im \\u003d tmp_im\",\"position\":[1378,1387]}]},{\"clone_length\":6,\"clones\":[{\"psi\":\"[PsiElement(Py:IDENTIFIER), PsiElement(Py:EQ), PsiElement(Py:IDENTIFIER), PsiElement(Py:DOT), PsiElement(Py:IDENTIFIER), PsiElement(Py:LPAR)]\",\"text\":\"tmp_im \\u003d tmp_im.convert(\",\"position\":[1284,1307]},{\"psi\":\"[PsiElement(Py:IDENTIFIER), PsiElement(Py:EQ), PsiElement(Py:IDENTIFIER), PsiElement(Py:DOT), PsiElement(Py:IDENTIFIER), PsiElement(Py:LPAR)]\",\"text\":\"tmp_im \\u003d tmp_im.convert(\",\"position\":[1378,1401]}]},{\"clone_length\":1,\"clones\":[{\"psi\":\"[PsiElement(Py:IDENTIFIER)]\",\"text\":\"zipfile\",\"position\":[628,628]},{\"psi\":\"[PsiElement(Py:IDENTIFIER)]\",\"text\":\"zipfile\",\"position\":[628,628]}]},{\"clone_length\":8,\"clones\":[{\"psi\":\"[PsiElement(Py:IF_KEYWORD), PsiElement(Py:NOT_KEYWORD), PsiElement(Py:IDENTIFIER), PsiElement(Py:DOT), PsiElement(Py:IDENTIFIER), PsiElement(Py:DOT), PsiElement(Py:IDENTIFIER), PsiElement(Py:LPAR)]\",\"text\":\"if not os.path.isdir(\",\"position\":[486,506]},{\"psi\":\"[PsiElement(Py:IF_KEYWORD), PsiElement(Py:NOT_KEYWORD), PsiElement(Py:IDENTIFIER), PsiElement(Py:DOT), PsiElement(Py:IDENTIFIER), PsiElement(Py:DOT), PsiElement(Py:IDENTIFIER), PsiElement(Py:LPAR)]\",\"text\":\"if not os.path.exists(\",\"position\":[1965,1986]}]},{\"clone_length\":7,\"clones\":[{\"psi\":\"[PsiElement(Py:LBRACKET), PsiElement(Py:IDENTIFIER), PsiElement(Py:DOT), PsiElement(Py:IDENTIFIER), PsiElement(Py:DOT), PsiElement(Py:IDENTIFIER), PsiElement(Py:LPAR)]\",\"text\":\"[os.path.join(\",\"position\":[818,831]},{\"psi\":\"[PsiElement(Py:LBRACKET), PsiElement(Py:IDENTIFIER), PsiElement(Py:DOT), PsiElement(Py:IDENTIFIER), PsiElement(Py:DOT), PsiElement(Py:IDENTIFIER), PsiElement(Py:LPAR)]\",\"text\":\"[os.path.join(\",\"position\":[922,935]},{\"psi\":\"[PsiElement(Py:LBRACKET), PsiElement(Py:IDENTIFIER), PsiElement(Py:DOT), PsiElement(Py:IDENTIFIER), PsiElement(Py:DOT), PsiElement(Py:IDENTIFIER), PsiElement(Py:LPAR)]\",\"text\":\"[os.path.join(\",\"position\":[1089,1102]}]},{\"clone_length\":10,\"clones\":[{\"psi\":\"[PsiElement(Py:COLON), PsiElement(Py:INTEGER_LITERAL), PsiElement(Py:RBRACKET), PsiElement(Py:COMMA), PsiElement(Py:IDENTIFIER), PsiElement(Py:RPAR), PsiElement(Py:WITH_KEYWORD), PsiElement(Py:IDENTIFIER), PsiElement(Py:LPAR), PsiElement(Py:IDENTIFIER)]\",\"text\":\":10], fp)\\nwith open(tpath\",\"position\":[2434,2454]},{\"psi\":\"[PsiElement(Py:COLON), PsiElement(Py:INTEGER_LITERAL), PsiElement(Py:RBRACKET), PsiElement(Py:COMMA), PsiElement(Py:IDENTIFIER), PsiElement(Py:RPAR), PsiElement(Py:WITH_KEYWORD), PsiElement(Py:IDENTIFIER), PsiElement(Py:LPAR), PsiElement(Py:IDENTIFIER)]\",\"text\":\":10], fp)\\n#Write test split containing the remaining 10 alphabets from images_evaluation \\nwith open(tpath\",\"position\":[2534,2634]}]},{\"clone_length\":11,\"clones\":[{\"psi\":\"[PsiElement(Py:IDENTIFIER), PsiElement(Py:RPAR), PsiElement(Py:FOR_KEYWORD), PsiElement(Py:IDENTIFIER), PsiElement(Py:IN_KEYWORD), PsiElement(Py:IDENTIFIER), PsiElement(Py:LPAR), PsiElement(Py:IDENTIFIER), PsiElement(Py:DOT), PsiElement(Py:IDENTIFIER), PsiElement(Py:LPAR)]\",\"text\":\"x) for x in sorted(os.listdir(\",\"position\":[838,867]},{\"psi\":\"[PsiElement(Py:IDENTIFIER), PsiElement(Py:RPAR), PsiElement(Py:FOR_KEYWORD), PsiElement(Py:IDENTIFIER), PsiElement(Py:IN_KEYWORD), PsiElement(Py:IDENTIFIER), PsiElement(Py:LPAR), PsiElement(Py:IDENTIFIER), PsiElement(Py:DOT), PsiElement(Py:IDENTIFIER), PsiElement(Py:LPAR)]\",\"text\":\"x) for x in sorted(os.listdir(\",\"position\":[942,971]},{\"psi\":\"[PsiElement(Py:IDENTIFIER), PsiElement(Py:RPAR), PsiElement(Py:FOR_KEYWORD), PsiElement(Py:IDENTIFIER), PsiElement(Py:IN_KEYWORD), PsiElement(Py:IDENTIFIER), PsiElement(Py:LPAR), PsiElement(Py:IDENTIFIER), PsiElement(Py:DOT), PsiElement(Py:IDENTIFIER), PsiElement(Py:LPAR)]\",\"text\":\"x) for x in sorted(os.listdir(\",\"position\":[1109,1138]}]},{\"clone_length\":8,\"clones\":[{\"psi\":\"[PsiElement(Py:RPAR), PsiElement(Py:AS_KEYWORD), PsiElement(Py:IDENTIFIER), PsiElement(Py:COLON), PsiElement(Py:IDENTIFIER), PsiElement(Py:DOT), PsiElement(Py:IDENTIFIER), PsiElement(Py:LPAR)]\",\"text\":\"\\u0027wb\\u0027) as fp:   \\n    pickle.dump(\",\"position\":[2129,2156]},{\"psi\":\"[PsiElement(Py:RPAR), PsiElement(Py:AS_KEYWORD), PsiElement(Py:IDENTIFIER), PsiElement(Py:COLON), PsiElement(Py:IDENTIFIER), PsiElement(Py:DOT), PsiElement(Py:IDENTIFIER), PsiElement(Py:LPAR)]\",\"text\":\"\\u0027wb\\u0027) as fp:   \\n    pickle.dump(\",\"position\":[2222,2249]},{\"psi\":\"[PsiElement(Py:RPAR), PsiElement(Py:AS_KEYWORD), PsiElement(Py:IDENTIFIER), PsiElement(Py:COLON), PsiElement(Py:IDENTIFIER), PsiElement(Py:DOT), PsiElement(Py:IDENTIFIER), PsiElement(Py:LPAR)]\",\"text\":\"\\u0027wb\\u0027) as fp:   \\n    pickle.dump(\",\"position\":[2395,2422]},{\"psi\":\"[PsiElement(Py:RPAR), PsiElement(Py:AS_KEYWORD), PsiElement(Py:IDENTIFIER), PsiElement(Py:COLON), PsiElement(Py:IDENTIFIER), PsiElement(Py:DOT), PsiElement(Py:IDENTIFIER), PsiElement(Py:LPAR)]\",\"text\":\"\\u0027wb\\u0027) as fp:   \\n    pickle.dump(\",\"position\":[2667,2694]},{\"psi\":\"[PsiElement(Py:RPAR), PsiElement(Py:AS_KEYWORD), PsiElement(Py:IDENTIFIER), PsiElement(Py:COLON), PsiElement(Py:IDENTIFIER), PsiElement(Py:DOT), PsiElement(Py:IDENTIFIER), PsiElement(Py:LPAR)]\",\"text\":\"\\u0027wb\\u0027) as fp:   \\n    pickle.dump(\",\"position\":[2491,2518]},{\"psi\":\"[PsiElement(Py:RPAR), PsiElement(Py:AS_KEYWORD), PsiElement(Py:IDENTIFIER), PsiElement(Py:COLON), PsiElement(Py:IDENTIFIER), PsiElement(Py:DOT), PsiElement(Py:IDENTIFIER), PsiElement(Py:LPAR)]\",\"text\":\"\\u0027wb\\u0027) as fp:   \\n    pickle.dump(\",\"position\":[2763,2790]}]},{\"clone_length\":9,\"clones\":[{\"psi\":\"[PsiElement(Py:RPAR), PsiElement(Py:AS_KEYWORD), PsiElement(Py:IDENTIFIER), PsiElement(Py:COLON), PsiElement(Py:IDENTIFIER), PsiElement(Py:DOT), PsiElement(Py:IDENTIFIER), PsiElement(Py:LPAR), PsiElement(Py:IDENTIFIER)]\",\"text\":\"\\u0027wb\\u0027) as fp:   \\n    pickle.dump(chars_eval\",\"position\":[2395,2423]},{\"psi\":\"[PsiElement(Py:RPAR), PsiElement(Py:AS_KEYWORD), PsiElement(Py:IDENTIFIER), PsiElement(Py:COLON), PsiElement(Py:IDENTIFIER), PsiElement(Py:DOT), PsiElement(Py:IDENTIFIER), PsiElement(Py:LPAR), PsiElement(Py:IDENTIFIER)]\",\"text\":\"\\u0027wb\\u0027) as fp:   \\n    pickle.dump(chars_eval\",\"position\":[2667,2695]}]},{\"clone_length\":9,\"clones\":[{\"psi\":\"[PsiElement(Py:RPAR), PsiElement(Py:AS_KEYWORD), PsiElement(Py:IDENTIFIER), PsiElement(Py:COLON), PsiElement(Py:IDENTIFIER), PsiElement(Py:DOT), PsiElement(Py:IDENTIFIER), PsiElement(Py:LPAR), PsiElement(Py:IDENTIFIER)]\",\"text\":\"\\u0027wb\\u0027) as fp:   \\n    pickle.dump(char_locs_eval\",\"position\":[2491,2519]},{\"psi\":\"[PsiElement(Py:RPAR), PsiElement(Py:AS_KEYWORD), PsiElement(Py:IDENTIFIER), PsiElement(Py:COLON), PsiElement(Py:IDENTIFIER), PsiElement(Py:DOT), PsiElement(Py:IDENTIFIER), PsiElement(Py:LPAR), PsiElement(Py:IDENTIFIER)]\",\"text\":\"\\u0027wb\\u0027) as fp:   \\n    pickle.dump(char_locs_eval\",\"position\":[2763,2791]}]},{\"clone_length\":3,\"clones\":[{\"psi\":\"[PsiElement(Py:IDENTIFIER), PsiElement(Py:EQ), PsiElement(Py:IDENTIFIER)]\",\"text\":\"tpath \\u003d os\",\"position\":[170,178]},{\"psi\":\"[PsiElement(Py:IDENTIFIER), PsiElement(Py:RPAR), PsiElement(Py:COLON), PsiElement(Py:IDENTIFIER)]\",\"text\":\"tpath):\\n    os\",\"position\":[1987,1999]}]},{\"clone_length\":11,\"clones\":[{\"psi\":\"[PsiElement(Py:IDENTIFIER), PsiElement(Py:LPAR), PsiElement(Py:IDENTIFIER), PsiElement(Py:EQ), PsiElement(Py:IDENTIFIER), PsiElement(Py:DOT), PsiElement(Py:IDENTIFIER), PsiElement(Py:DOT), PsiElement(Py:IDENTIFIER), PsiElement(Py:LPAR), PsiElement(Py:IDENTIFIER)]\",\"text\":\"load_chars(path \\u003d os.path.join(tpath\",\"position\":[1759,1790]},{\"psi\":\"[PsiElement(Py:IDENTIFIER), PsiElement(Py:LPAR), PsiElement(Py:IDENTIFIER), PsiElement(Py:EQ), PsiElement(Py:IDENTIFIER), PsiElement(Py:DOT), PsiElement(Py:IDENTIFIER), PsiElement(Py:DOT), PsiElement(Py:IDENTIFIER), PsiElement(Py:LPAR), PsiElement(Py:IDENTIFIER)]\",\"text\":\"load_chars(path \\u003d os.path.join(tpath\",\"position\":[1849,1880]}]}]}","initial_tree_length":466,"project_name":"cc38aecdd5ae6d4d938554d43eb0e0596ca6ed19","file_name":"cc38aecdd5ae6d4d938554d43eb0e0596ca6ed19.ipynb.py"}