{"3":"{\"totalGroups\":4,\"totalClones\":11,\"groups\":[{\"clone_length\":6,\"clones\":[{\"psi\":\"[PsiElement(Py:IDENTIFIER), PsiElement(Py:LBRACKET), PsiElement(Py:RBRACKET), PsiElement(Py:DOT), PsiElement(Py:IDENTIFIER), PsiElement(Py:LPAR)]\",\"text\":\"d[\\u0027a\\u0027].append(\",\"position\":[58,71]},{\"psi\":\"[PsiElement(Py:IDENTIFIER), PsiElement(Py:LBRACKET), PsiElement(Py:RBRACKET), PsiElement(Py:DOT), PsiElement(Py:IDENTIFIER), PsiElement(Py:LPAR)]\",\"text\":\"d[\\u0027a\\u0027].add(\",\"position\":[165,175]},{\"psi\":\"[PsiElement(Py:IDENTIFIER), PsiElement(Py:LBRACKET), PsiElement(Py:RBRACKET), PsiElement(Py:DOT), PsiElement(Py:IDENTIFIER), PsiElement(Py:LPAR)]\",\"text\":\"d[\\u0027a\\u0027].add(\",\"position\":[179,189]},{\"psi\":\"[PsiElement(Py:IDENTIFIER), PsiElement(Py:LBRACKET), PsiElement(Py:RBRACKET), PsiElement(Py:DOT), PsiElement(Py:IDENTIFIER), PsiElement(Py:LPAR)]\",\"text\":\"d[\\u0027a\\u0027].append(\",\"position\":[75,88]},{\"psi\":\"[PsiElement(Py:IDENTIFIER), PsiElement(Py:LBRACKET), PsiElement(Py:RBRACKET), PsiElement(Py:DOT), PsiElement(Py:IDENTIFIER), PsiElement(Py:LPAR)]\",\"text\":\"d[\\u0027a\\u0027].add(\",\"position\":[193,203]}]},{\"clone_length\":17,\"clones\":[{\"psi\":\"[PsiElement(Py:IDENTIFIER), PsiElement(Py:LBRACKET), PsiElement(Py:RBRACKET), PsiElement(Py:DOT), PsiElement(Py:IDENTIFIER), PsiElement(Py:LPAR), PsiElement(Py:INTEGER_LITERAL), PsiElement(Py:RPAR), PsiElement(Py:IDENTIFIER), PsiElement(Py:LBRACKET), PsiElement(Py:RBRACKET), PsiElement(Py:DOT), PsiElement(Py:IDENTIFIER), PsiElement(Py:LPAR), PsiElement(Py:INTEGER_LITERAL), PsiElement(Py:RPAR), PsiElement(Py:IDENTIFIER)]\",\"text\":\"d[\\u0027a\\u0027].append(1)\\nd[\\u0027a\\u0027].append(2)\\nd\",\"position\":[58,92]},{\"psi\":\"[PsiElement(Py:IDENTIFIER), PsiElement(Py:LBRACKET), PsiElement(Py:RBRACKET), PsiElement(Py:DOT), PsiElement(Py:IDENTIFIER), PsiElement(Py:LPAR), PsiElement(Py:INTEGER_LITERAL), PsiElement(Py:RPAR), PsiElement(Py:IDENTIFIER), PsiElement(Py:LBRACKET), PsiElement(Py:RBRACKET), PsiElement(Py:DOT), PsiElement(Py:IDENTIFIER), PsiElement(Py:LPAR), PsiElement(Py:INTEGER_LITERAL), PsiElement(Py:RPAR), PsiElement(Py:IDENTIFIER)]\",\"text\":\"d[\\u0027a\\u0027].add(1)\\nd[\\u0027a\\u0027].add(2)\\nd\",\"position\":[165,193]}]},{\"clone_length\":19,\"clones\":[{\"psi\":\"[PsiElement(Py:IDENTIFIER), PsiElement(Py:LBRACKET), PsiElement(Py:RBRACKET), PsiElement(Py:DOT), PsiElement(Py:IDENTIFIER), PsiElement(Py:LPAR), PsiElement(Py:INTEGER_LITERAL), PsiElement(Py:RPAR), PsiElement(Py:IDENTIFIER), PsiElement(Py:LBRACKET), PsiElement(Py:RBRACKET), PsiElement(Py:DOT), PsiElement(Py:IDENTIFIER), PsiElement(Py:LPAR), PsiElement(Py:INTEGER_LITERAL), PsiElement(Py:RPAR), PsiElement(Py:IDENTIFIER), PsiElement(Py:LPAR), PsiElement(Py:IDENTIFIER)]\",\"text\":\"d[\\u0027a\\u0027].append(2)\\nd[\\u0027b\\u0027].append(4)\\n\\nprint(d\",\"position\":[75,116]},{\"psi\":\"[PsiElement(Py:IDENTIFIER), PsiElement(Py:LBRACKET), PsiElement(Py:RBRACKET), PsiElement(Py:DOT), PsiElement(Py:IDENTIFIER), PsiElement(Py:LPAR), PsiElement(Py:INTEGER_LITERAL), PsiElement(Py:RPAR), PsiElement(Py:IDENTIFIER), PsiElement(Py:LBRACKET), PsiElement(Py:RBRACKET), PsiElement(Py:DOT), PsiElement(Py:IDENTIFIER), PsiElement(Py:LPAR), PsiElement(Py:INTEGER_LITERAL), PsiElement(Py:RPAR), PsiElement(Py:IDENTIFIER), PsiElement(Py:LPAR), PsiElement(Py:IDENTIFIER)]\",\"text\":\"d[\\u0027a\\u0027].add(2)\\nd[\\u0027b\\u0027].add(4)\\n\\nprint(d\",\"position\":[193,228]}]},{\"clone_length\":4,\"clones\":[{\"psi\":\"[PsiElement(Py:IDENTIFIER), PsiElement(Py:EQ), PsiElement(Py:IDENTIFIER), PsiElement(Py:LPAR)]\",\"text\":\"d \\u003d defaultdict(\",\"position\":[36,51]},{\"psi\":\"[PsiElement(Py:IDENTIFIER), PsiElement(Py:EQ), PsiElement(Py:IDENTIFIER), PsiElement(Py:LPAR)]\",\"text\":\"d \\u003d defaultdict(\",\"position\":[144,159]}]}]}","initial_tree_length":96,"project_name":"d757ef276bf7a7b991b97657c740b7e870144990","file_name":"d757ef276bf7a7b991b97657c740b7e870144990.ipynb.py"}