{"3":"{\"totalGroups\":11,\"totalClones\":32,\"groups\":[{\"clone_length\":23,\"clones\":[{\"psi\":\"[PsiElement(Py:IDENTIFIER), PsiElement(Py:EQ), PsiElement(Py:IDENTIFIER), PsiElement(Py:EQ), PsiElement(Py:INTEGER_LITERAL), PsiElement(Py:IDENTIFIER), PsiElement(Py:EQ), PsiElement(Py:INTEGER_LITERAL), PsiElement(Py:IDENTIFIER), PsiElement(Py:EQ), PsiElement(Py:IDENTIFIER), PsiElement(Py:LPAR), PsiElement(Py:IDENTIFIER), PsiElement(Py:COMMA), PsiElement(Py:IDENTIFIER), PsiElement(Py:COMMA), PsiElement(Py:IDENTIFIER), PsiElement(Py:COMMA), PsiElement(Py:IDENTIFIER), PsiElement(Py:RPAR), PsiElement(Py:IDENTIFIER), PsiElement(Py:EQ), PsiElement(Py:IDENTIFIER)]\",\"text\":\"Model2   \\u003d \\u0027XLE\\u0027\\nYear     \\u003d 2015\\nOdometer \\u003d 87\\nColor    \\u003d \\u0027Blue\\u0027\\nmodel_predict(Model2, Year, Odometer, Color)\\n# [___CELL_SEPARATOR___]\\n# Tansky https://www.tanskysawmilltoyota.com/used-Dublin-2015-Toyota-Sienna-XLE+7+Passenger-5TDDK3DC0FS095876\\n# $19,828\\nModel2   \\u003d \\u0027XLE\\u0027\\nYear\",\"position\":[981,1253]},{\"psi\":\"[PsiElement(Py:IDENTIFIER), PsiElement(Py:EQ), PsiElement(Py:IDENTIFIER), PsiElement(Py:EQ), PsiElement(Py:INTEGER_LITERAL), PsiElement(Py:IDENTIFIER), PsiElement(Py:EQ), PsiElement(Py:INTEGER_LITERAL), PsiElement(Py:IDENTIFIER), PsiElement(Py:EQ), PsiElement(Py:IDENTIFIER), PsiElement(Py:LPAR), PsiElement(Py:IDENTIFIER), PsiElement(Py:COMMA), PsiElement(Py:IDENTIFIER), PsiElement(Py:COMMA), PsiElement(Py:IDENTIFIER), PsiElement(Py:COMMA), PsiElement(Py:IDENTIFIER), PsiElement(Py:RPAR), PsiElement(Py:IDENTIFIER), PsiElement(Py:EQ), PsiElement(Py:IDENTIFIER)]\",\"text\":\"Model2   \\u003d \\u0027XLE\\u0027\\nYear     \\u003d 2015\\nOdometer \\u003d 87\\nColor    \\u003d \\u0027Blue\\u0027\\nmodel_predict(Model2, Year, Odometer, Color)\\n# [___CELL_SEPARATOR___]\\n# Tansky https://www.tanskysawmilltoyota.com/used-Dublin-2017-Toyota-Sienna-XLE+7+Passenger-5TDYZ3DC5HS857793\\n# $25,478\\nModel2   \\u003d \\u0027XLE\\u0027\\nYear\",\"position\":[1236,1508]}]},{\"clone_length\":1,\"clones\":[{\"psi\":\"[PsiElement(Py:IDENTIFIER)]\",\"text\":\"pd\",\"position\":[553,553]},{\"psi\":\"[PsiElement(Py:IDENTIFIER)]\",\"text\":\"pd\",\"position\":[553,553]}]},{\"clone_length\":4,\"clones\":[{\"psi\":\"[PsiElement(Py:IDENTIFIER), PsiElement(Py:DOT), PsiElement(Py:IDENTIFIER), PsiElement(Py:LPAR)]\",\"text\":\"pd.read_excel(\",\"position\":[284,297]},{\"psi\":\"[PsiElement(Py:IDENTIFIER), PsiElement(Py:DOT), PsiElement(Py:IDENTIFIER), PsiElement(Py:LPAR)]\",\"text\":\"pd.DataFrame(\",\"position\":[553,565]}]},{\"clone_length\":11,\"clones\":[{\"psi\":\"[PsiElement(Py:IDENTIFIER), PsiElement(Py:EQ), PsiElement(Py:IDENTIFIER), PsiElement(Py:LPAR), PsiElement(Py:IDENTIFIER), PsiElement(Py:COMMA), PsiElement(Py:IDENTIFIER), PsiElement(Py:COMMA), PsiElement(Py:IDENTIFIER), PsiElement(Py:COMMA), PsiElement(Py:IDENTIFIER)]\",\"text\":\"Color    \\u003d \\u0027Blue\\u0027\\nmodel_predict(Model2, Year, Odometer, Color\",\"position\":[1028,1084]},{\"psi\":\"[PsiElement(Py:IDENTIFIER), PsiElement(Py:EQ), PsiElement(Py:IDENTIFIER), PsiElement(Py:LPAR), PsiElement(Py:IDENTIFIER), PsiElement(Py:COMMA), PsiElement(Py:IDENTIFIER), PsiElement(Py:COMMA), PsiElement(Py:IDENTIFIER), PsiElement(Py:COMMA), PsiElement(Py:IDENTIFIER)]\",\"text\":\"Color    \\u003d \\u0027Blue\\u0027\\nmodel_predict(Model2, Year, Odometer, Color\",\"position\":[1283,1339]},{\"psi\":\"[PsiElement(Py:IDENTIFIER), PsiElement(Py:EQ), PsiElement(Py:IDENTIFIER), PsiElement(Py:LPAR), PsiElement(Py:IDENTIFIER), PsiElement(Py:COMMA), PsiElement(Py:IDENTIFIER), PsiElement(Py:COMMA), PsiElement(Py:IDENTIFIER), PsiElement(Py:COMMA), PsiElement(Py:IDENTIFIER)]\",\"text\":\"Color    \\u003d \\u0027Blue\\u0027\\nmodel_predict(Model2, Year, Odometer, Color\",\"position\":[2050,2106]},{\"psi\":\"[PsiElement(Py:IDENTIFIER), PsiElement(Py:EQ), PsiElement(Py:IDENTIFIER), PsiElement(Py:LPAR), PsiElement(Py:IDENTIFIER), PsiElement(Py:COMMA), PsiElement(Py:IDENTIFIER), PsiElement(Py:COMMA), PsiElement(Py:IDENTIFIER), PsiElement(Py:COMMA), PsiElement(Py:IDENTIFIER)]\",\"text\":\"Color    \\u003d \\u0027Blue\\u0027\\nmodel_predict(Model2, Year, Odometer, Color\",\"position\":[3404,3460]}]},{\"clone_length\":18,\"clones\":[{\"psi\":\"[PsiElement(Py:IDENTIFIER), PsiElement(Py:EQ), PsiElement(Py:IDENTIFIER), PsiElement(Py:LPAR), PsiElement(Py:IDENTIFIER), PsiElement(Py:COMMA), PsiElement(Py:IDENTIFIER), PsiElement(Py:COMMA), PsiElement(Py:IDENTIFIER), PsiElement(Py:COMMA), PsiElement(Py:IDENTIFIER), PsiElement(Py:RPAR), PsiElement(Py:IDENTIFIER), PsiElement(Py:EQ), PsiElement(Py:IDENTIFIER), PsiElement(Py:EQ), PsiElement(Py:INTEGER_LITERAL), PsiElement(Py:IDENTIFIER)]\",\"text\":\"Color    \\u003d \\u0027Blue\\u0027\\nmodel_predict(Model2, Year, Odometer, Color)\\n# [___CELL_SEPARATOR___]\\n# Tansky https://www.tanskysawmilltoyota.com/used-Dublin-2017-Toyota-Sienna-XLE+7+Passenger-5TDYZ3DC5HS857793\\n# $25,478\\nModel2   \\u003d \\u0027XLE\\u0027\\nYear     \\u003d 2017\\nOdometer\",\"position\":[1283,1524]},{\"psi\":\"[PsiElement(Py:IDENTIFIER), PsiElement(Py:EQ), PsiElement(Py:IDENTIFIER), PsiElement(Py:LPAR), PsiElement(Py:IDENTIFIER), PsiElement(Py:COMMA), PsiElement(Py:IDENTIFIER), PsiElement(Py:COMMA), PsiElement(Py:IDENTIFIER), PsiElement(Py:COMMA), PsiElement(Py:IDENTIFIER), PsiElement(Py:RPAR), PsiElement(Py:IDENTIFIER), PsiElement(Py:EQ), PsiElement(Py:IDENTIFIER), PsiElement(Py:EQ), PsiElement(Py:INTEGER_LITERAL), PsiElement(Py:IDENTIFIER)]\",\"text\":\"Color    \\u003d \\u0027Blue\\u0027\\nmodel_predict(Model2, Year, Odometer, Color)\\n# [___CELL_SEPARATOR___]\\n# Tansky https://www.tanskysawmilltoyota.com/used-Dublin-2017-Toyota-Sienna-XLE+7+Passenger-5TDYZ3DC4HS811095\\n# $26,918\\nModel2   \\u003d \\u0027XLE\\u0027\\nYear     \\u003d 2017\\nOdometer\",\"position\":[2050,2291]}]},{\"clone_length\":4,\"clones\":[{\"psi\":\"[PsiElement(Py:IDENTIFIER), PsiElement(Py:EQ), PsiElement(Py:INTEGER_LITERAL), PsiElement(Py:IDENTIFIER)]\",\"text\":\"Year     \\u003d 2015\\nOdometer\",\"position\":[998,1014]},{\"psi\":\"[PsiElement(Py:IDENTIFIER), PsiElement(Py:EQ), PsiElement(Py:INTEGER_LITERAL), PsiElement(Py:IDENTIFIER)]\",\"text\":\"Year     \\u003d 2015\\nOdometer\",\"position\":[1253,1269]},{\"psi\":\"[PsiElement(Py:IDENTIFIER), PsiElement(Py:EQ), PsiElement(Py:INTEGER_LITERAL), PsiElement(Py:IDENTIFIER)]\",\"text\":\"Year     \\u003d 2015\\nOdometer\",\"position\":[3374,3390]}]},{\"clone_length\":1,\"clones\":[{\"psi\":\"[PsiElement(Py:IDENTIFIER)]\",\"text\":\"smf\",\"position\":[370,370]},{\"psi\":\"[PsiElement(Py:IDENTIFIER)]\",\"text\":\"smf\",\"position\":[370,370]}]},{\"clone_length\":4,\"clones\":[{\"psi\":\"[PsiElement(Py:IDENTIFIER), PsiElement(Py:DOT), PsiElement(Py:IDENTIFIER), PsiElement(Py:LPAR)]\",\"text\":\"model.summary(\",\"position\":[448,461]},{\"psi\":\"[PsiElement(Py:IDENTIFIER), PsiElement(Py:DOT), PsiElement(Py:IDENTIFIER), PsiElement(Py:LPAR)]\",\"text\":\"model.predict(\",\"position\":[777,790]}]},{\"clone_length\":5,\"clones\":[{\"psi\":\"[PsiElement(Py:IDENTIFIER), PsiElement(Py:DOT), PsiElement(Py:IDENTIFIER), PsiElement(Py:LBRACKET), PsiElement(Py:INTEGER_LITERAL)]\",\"text\":\"df_pred.loc[0\",\"position\":[655,667]},{\"psi\":\"[PsiElement(Py:IDENTIFIER), PsiElement(Py:DOT), PsiElement(Py:IDENTIFIER), PsiElement(Py:LBRACKET), PsiElement(Py:INTEGER_LITERAL)]\",\"text\":\"df_pred.loc[0\",\"position\":[688,700]},{\"psi\":\"[PsiElement(Py:IDENTIFIER), PsiElement(Py:DOT), PsiElement(Py:IDENTIFIER), PsiElement(Py:LBRACKET), PsiElement(Py:INTEGER_LITERAL)]\",\"text\":\"df_pred.loc[0\",\"position\":[729,741]},{\"psi\":\"[PsiElement(Py:IDENTIFIER), PsiElement(Py:DOT), PsiElement(Py:IDENTIFIER), PsiElement(Py:LBRACKET), PsiElement(Py:INTEGER_LITERAL)]\",\"text\":\"df_pred.loc[0\",\"position\":[618,630]}]},{\"clone_length\":11,\"clones\":[{\"psi\":\"[PsiElement(Py:IDENTIFIER), PsiElement(Py:LPAR), PsiElement(Py:IDENTIFIER), PsiElement(Py:COMMA), PsiElement(Py:IDENTIFIER), PsiElement(Py:COMMA), PsiElement(Py:IDENTIFIER), PsiElement(Py:COMMA), PsiElement(Py:IDENTIFIER), PsiElement(Py:RPAR), PsiElement(Py:IDENTIFIER)]\",\"text\":\"model_predict(Model2, Year, Odometer, Color)\\n# [___CELL_SEPARATOR___]\\n# Tansky https://www.tanskysawmilltoyota.com/used-Dublin-2015-Toyota-Sienna-XLE+7+Passenger-5TDDK3DC0FS095876\\n# $19,828\\nModel2\",\"position\":[1046,1236]},{\"psi\":\"[PsiElement(Py:IDENTIFIER), PsiElement(Py:LPAR), PsiElement(Py:IDENTIFIER), PsiElement(Py:COMMA), PsiElement(Py:IDENTIFIER), PsiElement(Py:COMMA), PsiElement(Py:IDENTIFIER), PsiElement(Py:COMMA), PsiElement(Py:IDENTIFIER), PsiElement(Py:RPAR), PsiElement(Py:IDENTIFIER)]\",\"text\":\"model_predict(Model2, Year, Odometer, Color)\\n# [___CELL_SEPARATOR___]\\n# Tansky https://www.tanskysawmilltoyota.com/used-Dublin-2018-Toyota-Sienna-XLE+8+Passenger-5TDYZ3DC8JS934100\\n# $25,968\\nModel2\",\"position\":[1557,1747]},{\"psi\":\"[PsiElement(Py:IDENTIFIER), PsiElement(Py:LPAR), PsiElement(Py:IDENTIFIER), PsiElement(Py:COMMA), PsiElement(Py:IDENTIFIER), PsiElement(Py:COMMA), PsiElement(Py:IDENTIFIER), PsiElement(Py:COMMA), PsiElement(Py:IDENTIFIER), PsiElement(Py:RPAR), PsiElement(Py:IDENTIFIER)]\",\"text\":\"model_predict(Model2, Year, Odometer, Color)\\n# [___CELL_SEPARATOR___]\\n# Tansky https://www.tanskysawmilltoyota.com/used-Dublin-2017-Toyota-Sienna-XLE+7+Passenger-5TDYZ3DC5HS857793\\n# $25,478\\nModel2\",\"position\":[1301,1491]},{\"psi\":\"[PsiElement(Py:IDENTIFIER), PsiElement(Py:LPAR), PsiElement(Py:IDENTIFIER), PsiElement(Py:COMMA), PsiElement(Py:IDENTIFIER), PsiElement(Py:COMMA), PsiElement(Py:IDENTIFIER), PsiElement(Py:COMMA), PsiElement(Py:IDENTIFIER), PsiElement(Py:RPAR), PsiElement(Py:IDENTIFIER)]\",\"text\":\"model_predict(Model2, Year, Odometer, Color)\\n# [___CELL_SEPARATOR___]\\n# Tansky https://www.tanskysawmilltoyota.com/used-Dublin-2017-Toyota-Sienna-XLE+7+Passenger-5TDYZ3DC8HS790378\\n# $26,788\\nModel2\",\"position\":[1813,2003]},{\"psi\":\"[PsiElement(Py:IDENTIFIER), PsiElement(Py:LPAR), PsiElement(Py:IDENTIFIER), PsiElement(Py:COMMA), PsiElement(Py:IDENTIFIER), PsiElement(Py:COMMA), PsiElement(Py:IDENTIFIER), PsiElement(Py:COMMA), PsiElement(Py:IDENTIFIER), PsiElement(Py:RPAR), PsiElement(Py:IDENTIFIER)]\",\"text\":\"model_predict(Model2, Year, Odometer, Color)\\n# [___CELL_SEPARATOR___]\\n# Tansky https://www.tanskysawmilltoyota.com/used-Dublin-2017-Toyota-Sienna-XLE+7+Passenger-5TDYZ3DC4HS811095\\n# $26,918\\nModel2\",\"position\":[2068,2258]},{\"psi\":\"[PsiElement(Py:IDENTIFIER), PsiElement(Py:LPAR), PsiElement(Py:IDENTIFIER), PsiElement(Py:COMMA), PsiElement(Py:IDENTIFIER), PsiElement(Py:COMMA), PsiElement(Py:IDENTIFIER), PsiElement(Py:COMMA), PsiElement(Py:IDENTIFIER), PsiElement(Py:RPAR), PsiElement(Py:IDENTIFIER)]\",\"text\":\"model_predict(Model2, Year, Odometer, Color)\\n# [___CELL_SEPARATOR___]\\n# Tansky https://www.tanskysawmilltoyota.com/used-Dublin-2017-Toyota-Sienna-XLE+Premium+8+Passenger-5TDYZ3DC1HS798337\\n# $28,468\\nModel2\",\"position\":[2324,2522]},{\"psi\":\"[PsiElement(Py:IDENTIFIER), PsiElement(Py:LPAR), PsiElement(Py:IDENTIFIER), PsiElement(Py:COMMA), PsiElement(Py:IDENTIFIER), PsiElement(Py:COMMA), PsiElement(Py:IDENTIFIER), PsiElement(Py:COMMA), PsiElement(Py:IDENTIFIER), PsiElement(Py:RPAR), PsiElement(Py:IDENTIFIER)]\",\"text\":\"model_predict(Model2, Year, Odometer, Color)\\n# [___CELL_SEPARATOR___]\\n\\n# [___CELL_SEPARATOR___]\\n\\n# [___CELL_SEPARATOR___]\\n# Autotrader https://www.autotrader.com/cars-for-sale/vehicledetails.xhtml?listingId\\u003d545284654\\u0026zip\\u003d43085\\u0026referrer\\u003d%2Fcars-for-sale%2Fsearchresults.xhtml%3Fzip%3D43085%26city%3DColumbus%26startYear%3D1981%26incremental%3Dall%26endYear%3D2021%26modelCodeList%3DSIENNA%26makeCodeList%3DTOYOTA%26listingTypes%3DUSED%26sortBy%3Drelevance%26state%3DOH%26firstRecord%3D0%26marketExtension%3Dinclude%26searchRadius%3D200%26isNewSearch%3Dfalse\\u0026listingTypes\\u003dUSED\\u0026startYear\\u003d1981\\u0026numRecords\\u003d25\\u0026firstRecord\\u003d0\\u0026endYear\\u003d2021\\u0026modelCodeList\\u003dSIENNA\\u0026makeCodeList\\u003dTOYOTA\\u0026searchRadius\\u003d200\\u0026makeCode1\\u003dTOYOTA\\u0026modelCode1\\u003dSIENNA\\u0026digitalRetail\\u003dtrue\\u0026clickType\\u003dlisting\\n# $18,555\\nModel2\",\"position\":[2587,3358]}]},{\"clone_length\":19,\"clones\":[{\"psi\":\"[PsiElement(Py:IDENTIFIER), PsiElement(Py:LPAR), PsiElement(Py:IDENTIFIER), PsiElement(Py:COMMA), PsiElement(Py:IDENTIFIER), PsiElement(Py:COMMA), PsiElement(Py:IDENTIFIER), PsiElement(Py:COMMA), PsiElement(Py:IDENTIFIER), PsiElement(Py:RPAR), PsiElement(Py:IDENTIFIER), PsiElement(Py:EQ), PsiElement(Py:IDENTIFIER), PsiElement(Py:EQ), PsiElement(Py:INTEGER_LITERAL), PsiElement(Py:IDENTIFIER), PsiElement(Py:EQ), PsiElement(Py:INTEGER_LITERAL), PsiElement(Py:IDENTIFIER)]\",\"text\":\"model_predict(Model2, Year, Odometer, Color)\\n# [___CELL_SEPARATOR___]\\n# Tansky https://www.tanskysawmilltoyota.com/used-Dublin-2017-Toyota-Sienna-XLE+7+Passenger-5TDYZ3DC8HS790378\\n# $26,788\\nModel2   \\u003d \\u0027XLE\\u0027\\nYear     \\u003d 2017\\nOdometer \\u003d 30\\nColor\",\"position\":[1813,2050]},{\"psi\":\"[PsiElement(Py:IDENTIFIER), PsiElement(Py:LPAR), PsiElement(Py:IDENTIFIER), PsiElement(Py:COMMA), PsiElement(Py:IDENTIFIER), PsiElement(Py:COMMA), PsiElement(Py:IDENTIFIER), PsiElement(Py:COMMA), PsiElement(Py:IDENTIFIER), PsiElement(Py:RPAR), PsiElement(Py:IDENTIFIER), PsiElement(Py:EQ), PsiElement(Py:IDENTIFIER), PsiElement(Py:EQ), PsiElement(Py:INTEGER_LITERAL), PsiElement(Py:IDENTIFIER), PsiElement(Py:EQ), PsiElement(Py:INTEGER_LITERAL), PsiElement(Py:IDENTIFIER)]\",\"text\":\"model_predict(Model2, Year, Odometer, Color)\\n# [___CELL_SEPARATOR___]\\n# Tansky https://www.tanskysawmilltoyota.com/used-Dublin-2017-Toyota-Sienna-XLE+7+Passenger-5TDYZ3DC4HS811095\\n# $26,918\\nModel2   \\u003d \\u0027XLE\\u0027\\nYear     \\u003d 2017\\nOdometer \\u003d 30\\nColor\",\"position\":[2068,2305]}]}]}","initial_tree_length":446,"project_name":"d79f487d1ab2eef7d1782ed21951cd850274c72f","file_name":"d79f487d1ab2eef7d1782ed21951cd850274c72f.ipynb.py"}