{"3":"{\"totalGroups\":4,\"totalClones\":8,\"groups\":[{\"clone_length\":9,\"clones\":[{\"psi\":\"[PsiElement(Py:INTEGER_LITERAL), PsiElement(Py:COMMA), PsiElement(Py:INTEGER_LITERAL), PsiElement(Py:COMMA), PsiElement(Py:INTEGER_LITERAL), PsiElement(Py:COMMA), PsiElement(Py:INTEGER_LITERAL), PsiElement(Py:COMMA), PsiElement(Py:INTEGER_LITERAL)]\",\"text\":\"4, 24, 31, 2, 3\",\"position\":[829,843]},{\"psi\":\"[PsiElement(Py:INTEGER_LITERAL), PsiElement(Py:COMMA), PsiElement(Py:INTEGER_LITERAL), PsiElement(Py:COMMA), PsiElement(Py:INTEGER_LITERAL), PsiElement(Py:COMMA), PsiElement(Py:INTEGER_LITERAL), PsiElement(Py:COMMA), PsiElement(Py:INTEGER_LITERAL)]\",\"text\":\"4, 24, 31, 2, 3\",\"position\":[846,860]}]},{\"clone_length\":7,\"clones\":[{\"psi\":\"[PsiElement(Py:INTEGER_LITERAL), PsiElement(Py:COMMA), PsiElement(Py:INTEGER_LITERAL), PsiElement(Py:COMMA), PsiElement(Py:INTEGER_LITERAL), PsiElement(Py:COMMA), PsiElement(Py:INTEGER_LITERAL)]\",\"text\":\"1, 0, 1, 0\",\"position\":[775,784]},{\"psi\":\"[PsiElement(Py:INTEGER_LITERAL), PsiElement(Py:COMMA), PsiElement(Py:INTEGER_LITERAL), PsiElement(Py:COMMA), PsiElement(Py:INTEGER_LITERAL), PsiElement(Py:COMMA), PsiElement(Py:INTEGER_LITERAL)]\",\"text\":\"1, 0, 1, 0\",\"position\":[781,790]}]},{\"clone_length\":9,\"clones\":[{\"psi\":\"[PsiElement(Py:INTEGER_LITERAL), PsiElement(Py:COMMA), PsiElement(Py:INTEGER_LITERAL), PsiElement(Py:COMMA), PsiElement(Py:INTEGER_LITERAL), PsiElement(Py:COMMA), PsiElement(Py:INTEGER_LITERAL), PsiElement(Py:COMMA), PsiElement(Py:INTEGER_LITERAL)]\",\"text\":\"3, 2, 1, 2, 3\",\"position\":[714,726]},{\"psi\":\"[PsiElement(Py:INTEGER_LITERAL), PsiElement(Py:COMMA), PsiElement(Py:INTEGER_LITERAL), PsiElement(Py:COMMA), PsiElement(Py:INTEGER_LITERAL), PsiElement(Py:COMMA), PsiElement(Py:INTEGER_LITERAL), PsiElement(Py:COMMA), PsiElement(Py:INTEGER_LITERAL)]\",\"text\":\"3, 2, 1, 2, 3\",\"position\":[726,738]}]},{\"clone_length\":7,\"clones\":[{\"psi\":\"[PsiElement(Py:COMMA), PsiElement(Py:COMMA), PsiElement(Py:COMMA), PsiElement(Py:COMMA), PsiElement(Py:COMMA), PsiElement(Py:COMMA), PsiElement(Py:COMMA)]\",\"text\":\"\\u00271st\\u0027, \\u00271st\\u0027, \\u00272nd\\u0027, \\u00272nd\\u0027, \\u00271st\\u0027, \\u00271st\\u0027, \\u00272nd\\u0027, \\u00272nd\\u0027\",\"position\":[297,339]},{\"psi\":\"[PsiElement(Py:COMMA), PsiElement(Py:COMMA), PsiElement(Py:COMMA), PsiElement(Py:COMMA), PsiElement(Py:COMMA), PsiElement(Py:COMMA), PsiElement(Py:COMMA)]\",\"text\":\"\\u00271st\\u0027, \\u00271st\\u0027, \\u00272nd\\u0027, \\u00272nd\\u0027,\\u00271st\\u0027, \\u00271st\\u0027, \\u00272nd\\u0027, \\u00272nd\\u0027\",\"position\":[325,366]}]}]}","initial_tree_length":196,"project_name":"db4a7d946afb1ea009dacadd9dd1d1f36fbff857","file_name":"db4a7d946afb1ea009dacadd9dd1d1f36fbff857.ipynb.py"}