{"3":"{\"totalGroups\":9,\"totalClones\":38,\"groups\":[{\"clone_length\":7,\"clones\":[{\"psi\":\"[PsiElement(Py:INTEGER_LITERAL), PsiElement(Py:RPAR), PsiElement(Py:IDENTIFIER), PsiElement(Py:DOT), PsiElement(Py:IDENTIFIER), PsiElement(Py:LBRACKET), PsiElement(Py:IDENTIFIER)]\",\"text\":\"1)\\n    input_data.loc[i\",\"position\":[652,674]},{\"psi\":\"[PsiElement(Py:INTEGER_LITERAL), PsiElement(Py:RPAR), PsiElement(Py:IDENTIFIER), PsiElement(Py:DOT), PsiElement(Py:IDENTIFIER), PsiElement(Py:LBRACKET), PsiElement(Py:IDENTIFIER)]\",\"text\":\"1)\\n    input_data.loc[i\",\"position\":[791,813]},{\"psi\":\"[PsiElement(Py:INTEGER_LITERAL), PsiElement(Py:IDENTIFIER), PsiElement(Py:DOT), PsiElement(Py:IDENTIFIER), PsiElement(Py:LBRACKET), PsiElement(Py:IDENTIFIER)]\",\"text\":\"1\\n    input_data.loc[i\",\"position\":[989,1010]}]},{\"clone_length\":8,\"clones\":[{\"psi\":\"[PsiElement(Py:LBRACKET), PsiElement(Py:COMMA), PsiElement(Py:COMMA), PsiElement(Py:COMMA), PsiElement(Py:COMMA), PsiElement(Py:COMMA), PsiElement(Py:COMMA), PsiElement(Py:COMMA)]\",\"text\":\"[\\u0027Name\\u0027,\\n            \\u0027Thick [m]\\u0027,\\n            \\u0027Area [km2]\\u0027,\\n            \\u0027GeomFactor\\u0027,\\n            \\u0027N:G\\u0027,\\n            \\u0027phi\\u0027,\\n            \\u0027So\\u0027,\\n            \\u0027Bo\\u0027\",\"position\":[150,290]},{\"psi\":\"[PsiElement(Py:LBRACKET), PsiElement(Py:COMMA), PsiElement(Py:COMMA), PsiElement(Py:COMMA), PsiElement(Py:COMMA), PsiElement(Py:COMMA), PsiElement(Py:COMMA), PsiElement(Py:COMMA)]\",\"text\":\"[\\u0027Name\\u0027,\\n            \\u0027Thick [m]\\u0027,\\n            \\u0027Area [km2]\\u0027,\\n            \\u0027GeomFactor\\u0027,\\n            \\u0027N:G\\u0027,\\n            \\u0027phi\\u0027,\\n            \\u0027So\\u0027,\\n            \\u0027Bo\\u0027\",\"position\":[1491,1631]}]},{\"clone_length\":1,\"clones\":[{\"psi\":\"[PsiElement(Py:IDENTIFIER)]\",\"text\":\"np\",\"position\":[831,831]},{\"psi\":\"[PsiElement(Py:IDENTIFIER)]\",\"text\":\"np\",\"position\":[691,691]},{\"psi\":\"[PsiElement(Py:IDENTIFIER)]\",\"text\":\"np\",\"position\":[1020,1020]},{\"psi\":\"[PsiElement(Py:IDENTIFIER)]\",\"text\":\"np\",\"position\":[894,894]},{\"psi\":\"[PsiElement(Py:IDENTIFIER)]\",\"text\":\"np\",\"position\":[1193,1193]},{\"psi\":\"[PsiElement(Py:IDENTIFIER)]\",\"text\":\"np\",\"position\":[755,755]},{\"psi\":\"[PsiElement(Py:IDENTIFIER)]\",\"text\":\"np\",\"position\":[955,955]},{\"psi\":\"[PsiElement(Py:IDENTIFIER)]\",\"text\":\"np\",\"position\":[1080,1080]},{\"psi\":\"[PsiElement(Py:IDENTIFIER)]\",\"text\":\"np\",\"position\":[1258,1258]},{\"psi\":\"[PsiElement(Py:IDENTIFIER)]\",\"text\":\"np\",\"position\":[1325,1325]},{\"psi\":\"[PsiElement(Py:IDENTIFIER)]\",\"text\":\"np\",\"position\":[831,831]},{\"psi\":\"[PsiElement(Py:IDENTIFIER)]\",\"text\":\"np\",\"position\":[1020,1020]},{\"psi\":\"[PsiElement(Py:IDENTIFIER)]\",\"text\":\"np\",\"position\":[894,894]},{\"psi\":\"[PsiElement(Py:IDENTIFIER)]\",\"text\":\"np\",\"position\":[1193,1193]},{\"psi\":\"[PsiElement(Py:IDENTIFIER)]\",\"text\":\"np\",\"position\":[955,955]},{\"psi\":\"[PsiElement(Py:IDENTIFIER)]\",\"text\":\"np\",\"position\":[1080,1080]}]},{\"clone_length\":6,\"clones\":[{\"psi\":\"[PsiElement(Py:IDENTIFIER), PsiElement(Py:DOT), PsiElement(Py:IDENTIFIER), PsiElement(Py:DOT), PsiElement(Py:IDENTIFIER), PsiElement(Py:LPAR)]\",\"text\":\"np.random.randint(\",\"position\":[831,848]},{\"psi\":\"[PsiElement(Py:IDENTIFIER), PsiElement(Py:DOT), PsiElement(Py:IDENTIFIER), PsiElement(Py:DOT), PsiElement(Py:IDENTIFIER), PsiElement(Py:LPAR)]\",\"text\":\"np.random.randint(\",\"position\":[1020,1037]},{\"psi\":\"[PsiElement(Py:IDENTIFIER), PsiElement(Py:DOT), PsiElement(Py:IDENTIFIER), PsiElement(Py:DOT), PsiElement(Py:IDENTIFIER), PsiElement(Py:LPAR)]\",\"text\":\"np.random.randint(\",\"position\":[894,911]},{\"psi\":\"[PsiElement(Py:IDENTIFIER), PsiElement(Py:DOT), PsiElement(Py:IDENTIFIER), PsiElement(Py:DOT), PsiElement(Py:IDENTIFIER), PsiElement(Py:LPAR)]\",\"text\":\"np.random.randint(\",\"position\":[1193,1210]},{\"psi\":\"[PsiElement(Py:IDENTIFIER), PsiElement(Py:DOT), PsiElement(Py:IDENTIFIER), PsiElement(Py:DOT), PsiElement(Py:IDENTIFIER), PsiElement(Py:LPAR)]\",\"text\":\"np.random.lognormal(\",\"position\":[955,974]},{\"psi\":\"[PsiElement(Py:IDENTIFIER), PsiElement(Py:DOT), PsiElement(Py:IDENTIFIER), PsiElement(Py:DOT), PsiElement(Py:IDENTIFIER), PsiElement(Py:LPAR)]\",\"text\":\"np.random.randint(\",\"position\":[1080,1097]}]},{\"clone_length\":7,\"clones\":[{\"psi\":\"[PsiElement(Py:IDENTIFIER), PsiElement(Py:DOT), PsiElement(Py:IDENTIFIER), PsiElement(Py:DOT), PsiElement(Py:IDENTIFIER), PsiElement(Py:LPAR), PsiElement(Py:INTEGER_LITERAL)]\",\"text\":\"np.random.randint(1\",\"position\":[894,912]},{\"psi\":\"[PsiElement(Py:IDENTIFIER), PsiElement(Py:DOT), PsiElement(Py:IDENTIFIER), PsiElement(Py:DOT), PsiElement(Py:IDENTIFIER), PsiElement(Py:LPAR), PsiElement(Py:INTEGER_LITERAL)]\",\"text\":\"np.random.randint(1\",\"position\":[1193,1211]}]},{\"clone_length\":9,\"clones\":[{\"psi\":\"[PsiElement(Py:INTEGER_LITERAL), PsiElement(Py:RPAR), PsiElement(Py:DIV), PsiElement(Py:INTEGER_LITERAL), PsiElement(Py:IDENTIFIER), PsiElement(Py:DOT), PsiElement(Py:IDENTIFIER), PsiElement(Py:LBRACKET), PsiElement(Py:IDENTIFIER)]\",\"text\":\"100) / 100\\n    input_data.loc[i\",\"position\":[853,883]},{\"psi\":\"[PsiElement(Py:INTEGER_LITERAL), PsiElement(Py:RPAR), PsiElement(Py:DIV), PsiElement(Py:INTEGER_LITERAL), PsiElement(Py:IDENTIFIER), PsiElement(Py:DOT), PsiElement(Py:IDENTIFIER), PsiElement(Py:LBRACKET), PsiElement(Py:IDENTIFIER)]\",\"text\":\"100) / 100\\n    input_data.loc[i\",\"position\":[1214,1244]}]},{\"clone_length\":4,\"clones\":[{\"psi\":\"[PsiElement(Py:IDENTIFIER), PsiElement(Py:DOT), PsiElement(Py:IDENTIFIER), PsiElement(Py:LPAR)]\",\"text\":\"input_data.head(\",\"position\":[1437,1452]},{\"psi\":\"[PsiElement(Py:IDENTIFIER), PsiElement(Py:DOT), PsiElement(Py:IDENTIFIER), PsiElement(Py:LPAR)]\",\"text\":\"input_data.to_csv(\",\"position\":[1819,1836]}]},{\"clone_length\":1,\"clones\":[{\"psi\":\"[PsiElement(Py:IDENTIFIER)]\",\"text\":\"input_data\",\"position\":[605,605]},{\"psi\":\"[PsiElement(Py:IDENTIFIER)]\",\"text\":\"input_data\",\"position\":[1166,1166]},{\"psi\":\"[PsiElement(Py:IDENTIFIER), PsiElement(Py:RPAR), PsiElement(Py:SEMICOLON), PsiElement(Py:IDENTIFIER)]\",\"text\":\"input_data);\\n# [___CELL_SEPARATOR___]\\ninput_data\",\"position\":[1399,1437]}]},{\"clone_length\":5,\"clones\":[{\"psi\":\"[PsiElement(Py:IDENTIFIER), PsiElement(Py:DOT), PsiElement(Py:IDENTIFIER), PsiElement(Py:LBRACKET), PsiElement(Py:IDENTIFIER)]\",\"text\":\"input_data.loc[i\",\"position\":[605,620]},{\"psi\":\"[PsiElement(Py:IDENTIFIER), PsiElement(Py:DOT), PsiElement(Py:IDENTIFIER), PsiElement(Py:LBRACKET), PsiElement(Py:IDENTIFIER)]\",\"text\":\"input_data.loc[i\",\"position\":[1166,1181]}]}]}","initial_tree_length":315,"project_name":"e19d1e3430172711a681f1f11214e32fb89f37f0","file_name":"e19d1e3430172711a681f1f11214e32fb89f37f0.ipynb.py"}