{"3":"{\"totalGroups\":64,\"totalClones\":181,\"groups\":[{\"clone_length\":10,\"clones\":[{\"psi\":\"[PsiElement(Py:IDENTIFIER), PsiElement(Py:DOT), PsiElement(Py:IDENTIFIER), PsiElement(Py:EQ), PsiElement(Py:IDENTIFIER), PsiElement(Py:DOT), PsiElement(Py:IDENTIFIER), PsiElement(Py:DOT), PsiElement(Py:IDENTIFIER), PsiElement(Py:LPAR)]\",\"text\":\"hours_weather.humidity \\u003d hours_weather.humidity.apply(\",\"position\":[4020,4073]},{\"psi\":\"[PsiElement(Py:IDENTIFIER), PsiElement(Py:DOT), PsiElement(Py:IDENTIFIER), PsiElement(Py:DOT), PsiElement(Py:IDENTIFIER), PsiElement(Py:DOT), PsiElement(Py:IDENTIFIER), PsiElement(Py:RPAR), PsiElement(Py:IDENTIFIER), PsiElement(Py:DOT), PsiElement(Py:IDENTIFIER), PsiElement(Py:LPAR)]\",\"text\":\"hours_weather.datetime.dt.dayofweek)\\n# [___CELL_SEPARATOR___]\\n# box plot of rentals, grouped by season\\nhours_weather.boxplot(\",\"position\":[4622,4746]},{\"psi\":\"[PsiElement(Py:IDENTIFIER), PsiElement(Py:DOT), PsiElement(Py:IDENTIFIER), PsiElement(Py:DOT), PsiElement(Py:IDENTIFIER), PsiElement(Py:LPAR)]\",\"text\":\"hours_weather.total.plot(\",\"position\":[4823,4847]},{\"psi\":\"[PsiElement(Py:IDENTIFIER), PsiElement(Py:DOT), PsiElement(Py:IDENTIFIER), PsiElement(Py:LPAR)]\",\"text\":\"hours_weather.plot(\",\"position\":[4436,4454]}]},{\"clone_length\":13,\"clones\":[{\"psi\":\"[PsiElement(Py:IDENTIFIER), PsiElement(Py:DOT), PsiElement(Py:IDENTIFIER), PsiElement(Py:COMMA), PsiElement(Py:IDENTIFIER), PsiElement(Py:DOT), PsiElement(Py:IDENTIFIER), PsiElement(Py:DOT), PsiElement(Py:IDENTIFIER), PsiElement(Py:DOT), PsiElement(Py:IDENTIFIER), PsiElement(Py:RPAR), PsiElement(Py:IDENTIFIER)]\",\"text\":\"hours_weather.month, hours_weather.datetime.dt.dayofweek)\\n# [___CELL_SEPARATOR___]\\n# box plot of rentals, grouped by season\\nhours_weather\",\"position\":[4601,4725]},{\"psi\":\"[PsiElement(Py:IDENTIFIER), PsiElement(Py:DOT), PsiElement(Py:IDENTIFIER), PsiElement(Py:COMMA), PsiElement(Py:IDENTIFIER), PsiElement(Py:DOT), PsiElement(Py:IDENTIFIER), PsiElement(Py:DOT), PsiElement(Py:IDENTIFIER), PsiElement(Py:DOT), PsiElement(Py:IDENTIFIER), PsiElement(Py:RPAR), PsiElement(Py:IDENTIFIER)]\",\"text\":\"hours_weather.month, hours_weather.datetime.dt.dayofweek)\\n# [___CELL_SEPARATOR___]\\n# box plot of rentals, grouped by season\\nhours_weather\",\"position\":[4601,4725]}]},{\"clone_length\":8,\"clones\":[{\"psi\":\"[PsiElement(Py:IDENTIFIER), PsiElement(Py:DOT), PsiElement(Py:IDENTIFIER), PsiElement(Py:LPAR), PsiElement(Py:IDENTIFIER), PsiElement(Py:EQ), PsiElement(Py:COMMA), PsiElement(Py:IDENTIFIER)]\",\"text\":\"hours_weather.plot(kind\\u003d\\u0027scatter\\u0027, x\",\"position\":[1894,1929]},{\"psi\":\"[PsiElement(Py:IDENTIFIER), PsiElement(Py:DOT), PsiElement(Py:IDENTIFIER), PsiElement(Py:LPAR), PsiElement(Py:IDENTIFIER), PsiElement(Py:EQ), PsiElement(Py:COMMA), PsiElement(Py:IDENTIFIER)]\",\"text\":\"hours_weather.plot(kind\\u003d\\u0027scatter\\u0027, x\",\"position\":[4436,4471]}]},{\"clone_length\":9,\"clones\":[{\"psi\":\"[PsiElement(Py:IDENTIFIER), PsiElement(Py:DOT), PsiElement(Py:IDENTIFIER), PsiElement(Py:LPAR), PsiElement(Py:RPAR), PsiElement(Py:IDENTIFIER), PsiElement(Py:DOT), PsiElement(Py:IDENTIFIER), PsiElement(Py:LPAR)]\",\"text\":\"hours_weather.head()\\n# [___CELL_SEPARATOR___]\\n# Seaborn scatter plot with regression line\\nsns.lmplot(\",\"position\":[3020,3120]},{\"psi\":\"[PsiElement(Py:IDENTIFIER), PsiElement(Py:DOT), PsiElement(Py:IDENTIFIER), PsiElement(Py:LPAR), PsiElement(Py:RPAR), PsiElement(Py:IDENTIFIER), PsiElement(Py:DOT), PsiElement(Py:IDENTIFIER), PsiElement(Py:LPAR)]\",\"text\":\"hours_weather.corr()\\n# [___CELL_SEPARATOR___]\\n# visualize correlation matrix in Seaborn using a heatmap\\nsns.heatmap(\",\"position\":[4918,5033]}]},{\"clone_length\":9,\"clones\":[{\"psi\":\"[PsiElement(Py:IDENTIFIER), PsiElement(Py:EQ), PsiElement(Py:FLOAT_LITERAL), PsiElement(Py:COMMA), PsiElement(Py:IDENTIFIER), PsiElement(Py:EQ), PsiElement(Py:LBRACE), PsiElement(Py:COLON), PsiElement(Py:FLOAT_LITERAL)]\",\"text\":\"aspect\\u003d1.5, scatter_kws\\u003d{\\u0027alpha\\u0027:0.8\",\"position\":[2002,2035]},{\"psi\":\"[PsiElement(Py:IDENTIFIER), PsiElement(Py:EQ), PsiElement(Py:FLOAT_LITERAL), PsiElement(Py:COMMA), PsiElement(Py:IDENTIFIER), PsiElement(Py:EQ), PsiElement(Py:LBRACE), PsiElement(Py:COLON), PsiElement(Py:FLOAT_LITERAL)]\",\"text\":\"aspect\\u003d1.5, scatter_kws\\u003d{\\u0027alpha\\u0027:0.8\",\"position\":[2317,2350]}]},{\"clone_length\":5,\"clones\":[{\"psi\":\"[PsiElement(Py:IDENTIFIER), PsiElement(Py:DOT), PsiElement(Py:IDENTIFIER), PsiElement(Py:LBRACKET), PsiElement(Py:IDENTIFIER)]\",\"text\":\"hw_dum.columns[hw_dum\",\"position\":[9188,9203]},{\"psi\":\"[PsiElement(Py:IDENTIFIER), PsiElement(Py:DOT), PsiElement(Py:IDENTIFIER), PsiElement(Py:LBRACKET), PsiElement(Py:IDENTIFIER)]\",\"text\":\"hw_dum.columns[hw_dum\",\"position\":[9188,9203]}]},{\"clone_length\":4,\"clones\":[{\"psi\":\"[PsiElement(Py:IDENTIFIER), PsiElement(Py:DOT), PsiElement(Py:IDENTIFIER), PsiElement(Py:LPAR)]\",\"text\":\"hw_dum.sample(\",\"position\":[8048,8061]},{\"psi\":\"[PsiElement(Py:IDENTIFIER), PsiElement(Py:DOT), PsiElement(Py:IDENTIFIER), PsiElement(Py:DOT), PsiElement(Py:IDENTIFIER), PsiElement(Py:DOT), PsiElement(Py:IDENTIFIER), PsiElement(Py:LPAR)]\",\"text\":\"hw_dum.columns.str.startswith(\",\"position\":[9203,9232]}]},{\"clone_length\":7,\"clones\":[{\"psi\":\"[PsiElement(Py:IDENTIFIER), PsiElement(Py:EQ), PsiElement(Py:IDENTIFIER), PsiElement(Py:DOT), PsiElement(Py:IDENTIFIER), PsiElement(Py:LPAR), PsiElement(Py:LBRACKET)]\",\"text\":\"hw_dum \\u003d pd.concat([\",\"position\":[7965,7984]},{\"psi\":\"[PsiElement(Py:IDENTIFIER), PsiElement(Py:EQ), PsiElement(Py:IDENTIFIER), PsiElement(Py:DOT), PsiElement(Py:IDENTIFIER), PsiElement(Py:LPAR), PsiElement(Py:LBRACKET)]\",\"text\":\"hw_dum \\u003d pd.concat([\",\"position\":[8918,8937]}]},{\"clone_length\":5,\"clones\":[{\"psi\":\"[PsiElement(Py:IDENTIFIER), PsiElement(Py:RPAR), PsiElement(Py:COMMA), PsiElement(Py:IDENTIFIER), PsiElement(Py:LPAR)]\",\"text\":\"hw_dum),\\n    train_test_rmse(\",\"position\":[9159,9187]},{\"psi\":\"[PsiElement(Py:IDENTIFIER), PsiElement(Py:RPAR), PsiElement(Py:COMMA), PsiElement(Py:IDENTIFIER), PsiElement(Py:LPAR)]\",\"text\":\"hw_dum)\\n    ,train_test_rmse(\",\"position\":[9244,9272]}]},{\"clone_length\":5,\"clones\":[{\"psi\":\"[PsiElement(Py:IDENTIFIER), PsiElement(Py:EQ), PsiElement(Py:TRUE_KEYWORD), PsiElement(Py:RPAR), PsiElement(Py:IDENTIFIER)]\",\"text\":\"infer_datetime_format\\u003dTrue)\\nbikes\",\"position\":[1272,1300]},{\"psi\":\"[PsiElement(Py:IDENTIFIER), PsiElement(Py:EQ), PsiElement(Py:TRUE_KEYWORD), PsiElement(Py:RPAR), PsiElement(Py:IDENTIFIER)]\",\"text\":\"infer_datetime_format\\u003dTrue)\\nbikes\",\"position\":[1349,1377]}]},{\"clone_length\":9,\"clones\":[{\"psi\":\"[PsiElement(Py:IDENTIFIER), PsiElement(Py:EQ), PsiElement(Py:IDENTIFIER), PsiElement(Py:LPAR), PsiElement(Py:RPAR), PsiElement(Py:IDENTIFIER), PsiElement(Py:DOT), PsiElement(Py:IDENTIFIER), PsiElement(Py:LPAR)]\",\"text\":\"linreg \\u003d LinearRegression()\\nlinreg.fit(\",\"position\":[2580,2618]},{\"psi\":\"[PsiElement(Py:IDENTIFIER), PsiElement(Py:EQ), PsiElement(Py:IDENTIFIER), PsiElement(Py:LPAR), PsiElement(Py:RPAR), PsiElement(Py:IDENTIFIER), PsiElement(Py:DOT), PsiElement(Py:IDENTIFIER), PsiElement(Py:LPAR)]\",\"text\":\"linreg \\u003d LinearRegression()\\nlinreg.fit(\",\"position\":[3441,3479]},{\"psi\":\"[PsiElement(Py:IDENTIFIER), PsiElement(Py:EQ), PsiElement(Py:IDENTIFIER), PsiElement(Py:LPAR), PsiElement(Py:RPAR), PsiElement(Py:IDENTIFIER), PsiElement(Py:DOT), PsiElement(Py:IDENTIFIER), PsiElement(Py:LPAR)]\",\"text\":\"linreg \\u003d LinearRegression()\\nlinreg.fit(\",\"position\":[5275,5313]},{\"psi\":\"[PsiElement(Py:IDENTIFIER), PsiElement(Py:EQ), PsiElement(Py:IDENTIFIER), PsiElement(Py:LPAR), PsiElement(Py:RPAR), PsiElement(Py:IDENTIFIER), PsiElement(Py:DOT), PsiElement(Py:IDENTIFIER), PsiElement(Py:LPAR)]\",\"text\":\"linreg \\u003d LinearRegression()\\nlinreg.fit(\",\"position\":[8268,8306]},{\"psi\":\"[PsiElement(Py:IDENTIFIER), PsiElement(Py:EQ), PsiElement(Py:IDENTIFIER), PsiElement(Py:LPAR), PsiElement(Py:RPAR), PsiElement(Py:IDENTIFIER), PsiElement(Py:DOT), PsiElement(Py:IDENTIFIER), PsiElement(Py:LPAR)]\",\"text\":\"linreg \\u003d LinearRegression()\\n    linreg.fit(\",\"position\":[6701,6743]}]},{\"clone_length\":12,\"clones\":[{\"psi\":\"[PsiElement(Py:IDENTIFIER), PsiElement(Py:EQ), PsiElement(Py:IDENTIFIER), PsiElement(Py:LPAR), PsiElement(Py:RPAR), PsiElement(Py:IDENTIFIER), PsiElement(Py:DOT), PsiElement(Py:IDENTIFIER), PsiElement(Py:LPAR), PsiElement(Py:IDENTIFIER), PsiElement(Py:COMMA), PsiElement(Py:IDENTIFIER)]\",\"text\":\"linreg \\u003d LinearRegression()\\nlinreg.fit(X, y\",\"position\":[2580,2622]},{\"psi\":\"[PsiElement(Py:IDENTIFIER), PsiElement(Py:EQ), PsiElement(Py:IDENTIFIER), PsiElement(Py:LPAR), PsiElement(Py:RPAR), PsiElement(Py:IDENTIFIER), PsiElement(Py:DOT), PsiElement(Py:IDENTIFIER), PsiElement(Py:LPAR), PsiElement(Py:IDENTIFIER), PsiElement(Py:COMMA), PsiElement(Py:IDENTIFIER)]\",\"text\":\"linreg \\u003d LinearRegression()\\nlinreg.fit(X, y\",\"position\":[3441,3483]},{\"psi\":\"[PsiElement(Py:IDENTIFIER), PsiElement(Py:EQ), PsiElement(Py:IDENTIFIER), PsiElement(Py:LPAR), PsiElement(Py:RPAR), PsiElement(Py:IDENTIFIER), PsiElement(Py:DOT), PsiElement(Py:IDENTIFIER), PsiElement(Py:LPAR), PsiElement(Py:IDENTIFIER), PsiElement(Py:COMMA), PsiElement(Py:IDENTIFIER)]\",\"text\":\"linreg \\u003d LinearRegression()\\nlinreg.fit(X, y\",\"position\":[5275,5317]},{\"psi\":\"[PsiElement(Py:IDENTIFIER), PsiElement(Py:EQ), PsiElement(Py:IDENTIFIER), PsiElement(Py:LPAR), PsiElement(Py:RPAR), PsiElement(Py:IDENTIFIER), PsiElement(Py:DOT), PsiElement(Py:IDENTIFIER), PsiElement(Py:LPAR), PsiElement(Py:IDENTIFIER), PsiElement(Py:COMMA), PsiElement(Py:IDENTIFIER)]\",\"text\":\"linreg \\u003d LinearRegression()\\nlinreg.fit(X, y\",\"position\":[8268,8310]}]},{\"clone_length\":16,\"clones\":[{\"psi\":\"[PsiElement(Py:IDENTIFIER), PsiElement(Py:EQ), PsiElement(Py:IDENTIFIER), PsiElement(Py:LPAR), PsiElement(Py:RPAR), PsiElement(Py:IDENTIFIER), PsiElement(Py:DOT), PsiElement(Py:IDENTIFIER), PsiElement(Py:LPAR), PsiElement(Py:IDENTIFIER), PsiElement(Py:COMMA), PsiElement(Py:IDENTIFIER), PsiElement(Py:RPAR), PsiElement(Py:IDENTIFIER), PsiElement(Py:LPAR), PsiElement(Py:IDENTIFIER)]\",\"text\":\"linreg \\u003d LinearRegression()\\nlinreg.fit(X, y)\\n# [___CELL_SEPARATOR___]\\n# print the coefficients\\nprint(linreg\",\"position\":[2580,2681]},{\"psi\":\"[PsiElement(Py:IDENTIFIER), PsiElement(Py:EQ), PsiElement(Py:IDENTIFIER), PsiElement(Py:LPAR), PsiElement(Py:RPAR), PsiElement(Py:IDENTIFIER), PsiElement(Py:DOT), PsiElement(Py:IDENTIFIER), PsiElement(Py:LPAR), PsiElement(Py:IDENTIFIER), PsiElement(Py:COMMA), PsiElement(Py:IDENTIFIER), PsiElement(Py:RPAR), PsiElement(Py:IDENTIFIER), PsiElement(Py:LPAR), PsiElement(Py:IDENTIFIER)]\",\"text\":\"linreg \\u003d LinearRegression()\\nlinreg.fit(X, y)\\n\\n# print the coefficients\\nprint(linreg\",\"position\":[3441,3518]},{\"psi\":\"[PsiElement(Py:IDENTIFIER), PsiElement(Py:EQ), PsiElement(Py:IDENTIFIER), PsiElement(Py:LPAR), PsiElement(Py:RPAR), PsiElement(Py:IDENTIFIER), PsiElement(Py:DOT), PsiElement(Py:IDENTIFIER), PsiElement(Py:LPAR), PsiElement(Py:IDENTIFIER), PsiElement(Py:COMMA), PsiElement(Py:IDENTIFIER), PsiElement(Py:RPAR), PsiElement(Py:IDENTIFIER), PsiElement(Py:LPAR), PsiElement(Py:IDENTIFIER)]\",\"text\":\"linreg \\u003d LinearRegression()\\nlinreg.fit(X, y)\\n\\n# print the coefficients\\nprint(linreg\",\"position\":[5275,5352]}]},{\"clone_length\":9,\"clones\":[{\"psi\":\"[PsiElement(Py:IDENTIFIER), PsiElement(Py:DOT), PsiElement(Py:IDENTIFIER), PsiElement(Py:RPAR), PsiElement(Py:IDENTIFIER), PsiElement(Py:DOT), PsiElement(Py:IDENTIFIER), PsiElement(Py:PLUS), PsiElement(Py:IDENTIFIER)]\",\"text\":\"linreg.coef_)\\n# [___CELL_SEPARATOR___]\\n# manually calculate the prediction\\nlinreg.intercept_ + linreg\",\"position\":[2706,2801]},{\"psi\":\"[PsiElement(Py:IDENTIFIER), PsiElement(Py:DOT), PsiElement(Py:IDENTIFIER), PsiElement(Py:RPAR), PsiElement(Py:IDENTIFIER), PsiElement(Py:DOT), PsiElement(Py:IDENTIFIER), PsiElement(Py:PLUS), PsiElement(Py:IDENTIFIER)]\",\"text\":\"linreg.coef_)\\n# [___CELL_SEPARATOR___]\\n# manually calculate the prediction\\nlinreg.intercept_ + linreg\",\"position\":[2706,2801]}]},{\"clone_length\":6,\"clones\":[{\"psi\":\"[PsiElement(Py:IDENTIFIER), PsiElement(Py:DOT), PsiElement(Py:IDENTIFIER), PsiElement(Py:RPAR), PsiElement(Py:IDENTIFIER), PsiElement(Py:LPAR)]\",\"text\":\"linreg.intercept_)\\nprint(\",\"position\":[2681,2705]},{\"psi\":\"[PsiElement(Py:IDENTIFIER), PsiElement(Py:DOT), PsiElement(Py:IDENTIFIER), PsiElement(Py:RPAR), PsiElement(Py:RPAR), PsiElement(Py:IDENTIFIER), PsiElement(Py:LPAR)]\",\"text\":\"linreg.coef_))\\n# [___CELL_SEPARATOR___]\\n# compare original season variable with dummy variables\\nprint(\",\"position\":[8336,8437]}]},{\"clone_length\":6,\"clones\":[{\"psi\":\"[PsiElement(Py:RBRACKET), PsiElement(Py:EQ), PsiElement(Py:IDENTIFIER), PsiElement(Py:DOT), PsiElement(Py:IDENTIFIER), PsiElement(Py:IDENTIFIER)]\",\"text\":\"\\u0027datetime_hour\\u0027] \\u003d hours.index\\nhours\",\"position\":[1718,1734]},{\"psi\":\"[PsiElement(Py:RBRACKET), PsiElement(Py:RBRACKET), PsiElement(Py:IDENTIFIER)]\",\"text\":\"\\u0027datetime_hour\\u0027]]\\nhours\",\"position\":[1815,1818]}]},{\"clone_length\":12,\"clones\":[{\"psi\":\"[PsiElement(Py:COMMA), PsiElement(Py:RBRACKET), PsiElement(Py:COMMA), PsiElement(Py:IDENTIFIER), PsiElement(Py:RPAR), PsiElement(Py:RPAR), PsiElement(Py:IDENTIFIER), PsiElement(Py:LPAR), PsiElement(Py:IDENTIFIER), PsiElement(Py:LPAR), PsiElement(Py:LBRACKET), PsiElement(Py:COMMA)]\",\"text\":\"\\u0027month\\u0027, \\u0027humidity\\u0027], hw_dum))\\nprint(train_test_rmse([\\u0027temp\\u0027, \\u0027month_2\\u0027\",\"position\":[8470,8523]},{\"psi\":\"[PsiElement(Py:COMMA), PsiElement(Py:RBRACKET), PsiElement(Py:COMMA), PsiElement(Py:IDENTIFIER), PsiElement(Py:RPAR), PsiElement(Py:RPAR), PsiElement(Py:IDENTIFIER), PsiElement(Py:LPAR), PsiElement(Py:IDENTIFIER), PsiElement(Py:LPAR), PsiElement(Py:LBRACKET), PsiElement(Py:COMMA)]\",\"text\":\"\\u0027month\\u0027, \\u0027humidity\\u0027], hw_dum))\\nprint(train_test_rmse([\\u0027temp\\u0027, \\u0027month_2\\u0027\",\"position\":[8543,8596]}]},{\"clone_length\":3,\"clones\":[{\"psi\":\"[PsiElement(Py:IDENTIFIER), PsiElement(Py:EQ), PsiElement(Py:IDENTIFIER)]\",\"text\":\"y_null \\u003d np\",\"position\":[7429,7438]},{\"psi\":\"[PsiElement(Py:IDENTIFIER), PsiElement(Py:IDENTIFIER)]\",\"text\":\"y_null\\n# [___CELL_SEPARATOR___]\\n# compute null RMSE\\nnp\",\"position\":[7548,7600]}]},{\"clone_length\":10,\"clones\":[{\"psi\":\"[PsiElement(Py:IDENTIFIER), PsiElement(Py:COMMA), PsiElement(Py:IDENTIFIER), PsiElement(Py:COMMA), PsiElement(Py:IDENTIFIER), PsiElement(Py:COMMA), PsiElement(Py:IDENTIFIER), PsiElement(Py:EQ), PsiElement(Py:IDENTIFIER), PsiElement(Py:LPAR)]\",\"text\":\"X_train, X_test, y_train, y_test \\u003d train_test_split(\",\"position\":[6621,6672]},{\"psi\":\"[PsiElement(Py:IDENTIFIER), PsiElement(Py:COMMA), PsiElement(Py:IDENTIFIER), PsiElement(Py:COMMA), PsiElement(Py:IDENTIFIER), PsiElement(Py:COMMA), PsiElement(Py:IDENTIFIER), PsiElement(Py:EQ), PsiElement(Py:IDENTIFIER), PsiElement(Py:LPAR)]\",\"text\":\"X_train, X_test, y_train, y_test \\u003d train_test_split(\",\"position\":[7271,7322]}]},{\"clone_length\":2,\"clones\":[{\"psi\":\"[PsiElement(Py:LPAR), PsiElement(Py:IDENTIFIER)]\",\"text\":\"(hours_weather\",\"position\":[2090,2091]},{\"psi\":\"[PsiElement(Py:LPAR), PsiElement(Py:IDENTIFIER)]\",\"text\":\"(hours_weather\",\"position\":[2988,2989]}]},{\"clone_length\":1,\"clones\":[{\"psi\":\"[PsiElement(Py:LPAR)]\",\"text\":\"(\",\"position\":[3619,3619]},{\"psi\":\"[PsiElement(Py:LPAR), PsiElement(Py:LPAR)]\",\"text\":\"((\",\"position\":[9049,9050]},{\"psi\":\"[PsiElement(Py:LPAR), PsiElement(Py:LPAR)]\",\"text\":\"((\",\"position\":[9049,9050]}]},{\"clone_length\":2,\"clones\":[{\"psi\":\"[PsiElement(Py:LPAR), PsiElement(Py:IDENTIFIER)]\",\"text\":\"(hours_weather\",\"position\":[2090,2091]},{\"psi\":\"[PsiElement(Py:LPAR), PsiElement(Py:IDENTIFIER)]\",\"text\":\"(hours_weather\",\"position\":[2129,2130]},{\"psi\":\"[PsiElement(Py:LPAR), PsiElement(Py:IDENTIFIER), PsiElement(Py:DOT), PsiElement(Py:IDENTIFIER), PsiElement(Py:COMMA), PsiElement(Py:IDENTIFIER)]\",\"text\":\"(hours_weather.month, hours_weather\",\"position\":[4600,4622]},{\"psi\":\"[PsiElement(Py:LPAR), PsiElement(Py:RPAR), PsiElement(Py:IDENTIFIER)]\",\"text\":\"()\\n# [___CELL_SEPARATOR___]\\n# correlation matrix (ranges from 1 to -1)\\nhours_weather\",\"position\":[4847,4918]}]},{\"clone_length\":2,\"clones\":[{\"psi\":\"[PsiElement(Py:LPAR), PsiElement(Py:IDENTIFIER)]\",\"text\":\"(hours_weather\",\"position\":[2090,2091]},{\"psi\":\"[PsiElement(Py:LPAR), PsiElement(Py:IDENTIFIER)]\",\"text\":\"(hours_weather\",\"position\":[2129,2130]},{\"psi\":\"[PsiElement(Py:LPAR), PsiElement(Py:IDENTIFIER), PsiElement(Py:DOT), PsiElement(Py:IDENTIFIER), PsiElement(Py:COMMA), PsiElement(Py:IDENTIFIER)]\",\"text\":\"(hours_weather.month, hours_weather\",\"position\":[4600,4622]}]},{\"clone_length\":2,\"clones\":[{\"psi\":\"[PsiElement(Py:LPAR), PsiElement(Py:IDENTIFIER)]\",\"text\":\"(hw_dum\",\"position\":[9050,9051]},{\"psi\":\"[PsiElement(Py:LPAR), PsiElement(Py:IDENTIFIER)]\",\"text\":\"(hw_dum\",\"position\":[9187,9188]},{\"psi\":\"[PsiElement(Py:LPAR), PsiElement(Py:IDENTIFIER)]\",\"text\":\"(hw_dum\",\"position\":[9070,9071]}]},{\"clone_length\":8,\"clones\":[{\"psi\":\"[PsiElement(Py:LPAR), PsiElement(Py:IDENTIFIER), PsiElement(Py:EQ), PsiElement(Py:INTEGER_LITERAL), PsiElement(Py:COMMA), PsiElement(Py:IDENTIFIER), PsiElement(Py:EQ), PsiElement(Py:INTEGER_LITERAL)]\",\"text\":\"(n\\u003d5, random_state\\u003d1\",\"position\":[7815,7834]},{\"psi\":\"[PsiElement(Py:LPAR), PsiElement(Py:IDENTIFIER), PsiElement(Py:EQ), PsiElement(Py:INTEGER_LITERAL), PsiElement(Py:COMMA), PsiElement(Py:IDENTIFIER), PsiElement(Py:EQ), PsiElement(Py:INTEGER_LITERAL)]\",\"text\":\"(n\\u003d5, random_state\\u003d1\",\"position\":[8061,8080]}]},{\"clone_length\":5,\"clones\":[{\"psi\":\"[PsiElement(Py:LPAR), PsiElement(Py:IDENTIFIER), PsiElement(Py:EQ), PsiElement(Py:RPAR), PsiElement(Py:IDENTIFIER)]\",\"text\":\"(freq\\u003d\\u0027h\\u0027)\\nweather\",\"position\":[1100,1111]},{\"psi\":\"[PsiElement(Py:LPAR), PsiElement(Py:IDENTIFIER), PsiElement(Py:EQ), PsiElement(Py:RPAR), PsiElement(Py:IDENTIFIER)]\",\"text\":\"(freq\\u003d\\u0027h\\u0027)\\nweather\",\"position\":[1422,1433]}]},{\"clone_length\":21,\"clones\":[{\"psi\":\"[PsiElement(Py:LPAR), PsiElement(Py:IDENTIFIER), PsiElement(Py:EQ), PsiElement(Py:COMMA), PsiElement(Py:IDENTIFIER), PsiElement(Py:EQ), PsiElement(Py:COMMA), PsiElement(Py:IDENTIFIER), PsiElement(Py:EQ), PsiElement(Py:RPAR), PsiElement(Py:IDENTIFIER), PsiElement(Py:DOT), PsiElement(Py:IDENTIFIER), PsiElement(Py:LPAR), PsiElement(Py:IDENTIFIER), PsiElement(Py:EQ), PsiElement(Py:COMMA), PsiElement(Py:IDENTIFIER), PsiElement(Py:EQ), PsiElement(Py:COMMA), PsiElement(Py:IDENTIFIER)]\",\"text\":\"(kind\\u003d\\u0027scatter\\u0027, x\\u003d\\u0027temp\\u0027, y\\u003d\\u0027total\\u0027)\\nsns.lmplot(x\\u003d\\u0027temp\\u0027, y\\u003d\\u0027total\\u0027, data\",\"position\":[1912,1982]},{\"psi\":\"[PsiElement(Py:LPAR), PsiElement(Py:IDENTIFIER), PsiElement(Py:EQ), PsiElement(Py:COMMA), PsiElement(Py:IDENTIFIER), PsiElement(Py:EQ), PsiElement(Py:COMMA), PsiElement(Py:IDENTIFIER), PsiElement(Py:EQ), PsiElement(Py:RPAR), PsiElement(Py:IDENTIFIER), PsiElement(Py:DOT), PsiElement(Py:IDENTIFIER), PsiElement(Py:LPAR), PsiElement(Py:IDENTIFIER), PsiElement(Py:EQ), PsiElement(Py:COMMA), PsiElement(Py:IDENTIFIER), PsiElement(Py:EQ), PsiElement(Py:COMMA), PsiElement(Py:IDENTIFIER)]\",\"text\":\"(kind\\u003d\\u0027scatter\\u0027, x\\u003d\\u0027temp\\u0027, y\\u003d\\u0027total\\u0027)\\n# [___CELL_SEPARATOR___]\\n# import seaborn as sns\\n\\nsns.lmplot(x\\u003d\\u0027temp\\u0027, y\\u003d\\u0027total\\u0027, data\",\"position\":[2183,2303]}]},{\"clone_length\":5,\"clones\":[{\"psi\":\"[PsiElement(Py:LPAR), PsiElement(Py:RPAR), PsiElement(Py:IDENTIFIER), PsiElement(Py:EQ), PsiElement(Py:IDENTIFIER)]\",\"text\":\"()\\nweather \\u003d weather\",\"position\":[724,737]},{\"psi\":\"[PsiElement(Py:LPAR), PsiElement(Py:IDENTIFIER)]\",\"text\":\"(weather\",\"position\":[982,983]},{\"psi\":\"[PsiElement(Py:LPAR), PsiElement(Py:IDENTIFIER), PsiElement(Py:DOT), PsiElement(Py:IDENTIFIER), PsiElement(Py:RPAR), PsiElement(Py:IDENTIFIER)]\",\"text\":\"(weather.columns)\\nweather\",\"position\":[1482,1500]}]},{\"clone_length\":2,\"clones\":[{\"psi\":\"[PsiElement(Py:LPAR), PsiElement(Py:IDENTIFIER)]\",\"text\":\"(weather\",\"position\":[982,983]},{\"psi\":\"[PsiElement(Py:LPAR), PsiElement(Py:IDENTIFIER), PsiElement(Py:DOT), PsiElement(Py:IDENTIFIER), PsiElement(Py:RPAR), PsiElement(Py:IDENTIFIER)]\",\"text\":\"(weather.columns)\\nweather\",\"position\":[1482,1500]}]},{\"clone_length\":6,\"clones\":[{\"psi\":\"[PsiElement(Py:LBRACKET), PsiElement(Py:INTEGER_LITERAL), PsiElement(Py:COMMA), PsiElement(Py:INTEGER_LITERAL), PsiElement(Py:COMMA), PsiElement(Py:INTEGER_LITERAL)]\",\"text\":\"[10, 7, 5\",\"position\":[5572,5580]},{\"psi\":\"[PsiElement(Py:LBRACKET), PsiElement(Py:INTEGER_LITERAL), PsiElement(Py:COMMA), PsiElement(Py:INTEGER_LITERAL), PsiElement(Py:COMMA), PsiElement(Py:INTEGER_LITERAL)]\",\"text\":\"[10, 7, 5\",\"position\":[5947,5955]},{\"psi\":\"[PsiElement(Py:LBRACKET), PsiElement(Py:INTEGER_LITERAL), PsiElement(Py:COMMA), PsiElement(Py:INTEGER_LITERAL), PsiElement(Py:COMMA), PsiElement(Py:INTEGER_LITERAL)]\",\"text\":\"[10, 7, 5\",\"position\":[5999,6007]}]},{\"clone_length\":5,\"clones\":[{\"psi\":\"[PsiElement(Py:LBRACKET), PsiElement(Py:COMMA), PsiElement(Py:COMMA), PsiElement(Py:RBRACKET), PsiElement(Py:IDENTIFIER)]\",\"text\":\"[\\u0027temp\\u0027, \\u0027month\\u0027, \\u0027humidity\\u0027]\\n# [___CELL_SEPARATOR___]\\n# multiple scatter plots in Seaborn\\n# print(hours_weather.humidity !\\u003d \\u0027M\\u0027)\\nhours_weather\",\"position\":[3890,4020]},{\"psi\":\"[PsiElement(Py:LBRACKET), PsiElement(Py:COMMA), PsiElement(Py:COMMA), PsiElement(Py:RBRACKET), PsiElement(Py:COMMA), PsiElement(Py:IDENTIFIER)]\",\"text\":\"[\\u0027temp\\u0027, \\u0027month\\u0027, \\u0027humidity\\u0027], hours_weather\",\"position\":[6945,6976]}]},{\"clone_length\":9,\"clones\":[{\"psi\":\"[PsiElement(Py:IDENTIFIER), PsiElement(Py:EQ), PsiElement(Py:IDENTIFIER), PsiElement(Py:LBRACKET), PsiElement(Py:IDENTIFIER), PsiElement(Py:RBRACKET), PsiElement(Py:IDENTIFIER), PsiElement(Py:EQ), PsiElement(Py:IDENTIFIER)]\",\"text\":\"X \\u003d hours_weather[feature_cols]\\ny \\u003d hours_weather\",\"position\":[2422,2458]},{\"psi\":\"[PsiElement(Py:IDENTIFIER), PsiElement(Py:EQ), PsiElement(Py:IDENTIFIER), PsiElement(Py:LBRACKET), PsiElement(Py:IDENTIFIER), PsiElement(Py:RBRACKET), PsiElement(Py:IDENTIFIER), PsiElement(Py:EQ), PsiElement(Py:IDENTIFIER)]\",\"text\":\"X \\u003d hours_weather[feature_cols]\\ny \\u003d hours_weather\",\"position\":[3362,3398]},{\"psi\":\"[PsiElement(Py:IDENTIFIER), PsiElement(Py:EQ), PsiElement(Py:IDENTIFIER), PsiElement(Py:LBRACKET), PsiElement(Py:IDENTIFIER), PsiElement(Py:RBRACKET), PsiElement(Py:IDENTIFIER), PsiElement(Py:EQ), PsiElement(Py:IDENTIFIER)]\",\"text\":\"X \\u003d hours_weather[feature_cols]\\ny \\u003d hours_weather\",\"position\":[5196,5232]}]},{\"clone_length\":31,\"clones\":[{\"psi\":\"[PsiElement(Py:IDENTIFIER), PsiElement(Py:EQ), PsiElement(Py:IDENTIFIER), PsiElement(Py:LBRACKET), PsiElement(Py:IDENTIFIER), PsiElement(Py:RBRACKET), PsiElement(Py:IDENTIFIER), PsiElement(Py:EQ), PsiElement(Py:IDENTIFIER), PsiElement(Py:DOT), PsiElement(Py:IDENTIFIER), PsiElement(Py:IDENTIFIER), PsiElement(Py:EQ), PsiElement(Py:IDENTIFIER), PsiElement(Py:LPAR), PsiElement(Py:RPAR), PsiElement(Py:IDENTIFIER), PsiElement(Py:DOT), PsiElement(Py:IDENTIFIER), PsiElement(Py:LPAR), PsiElement(Py:IDENTIFIER), PsiElement(Py:COMMA), PsiElement(Py:IDENTIFIER), PsiElement(Py:RPAR), PsiElement(Py:IDENTIFIER), PsiElement(Py:LPAR), PsiElement(Py:IDENTIFIER), PsiElement(Py:DOT), PsiElement(Py:IDENTIFIER), PsiElement(Py:COMMA), PsiElement(Py:IDENTIFIER)]\",\"text\":\"X \\u003d hours_weather[feature_cols]\\ny \\u003d hours_weather.total\\n\\n# instantiate and fit\\nlinreg \\u003d LinearRegression()\\nlinreg.fit(X, y)\\n\\n# print the coefficients\\nprint(linreg.intercept_, linreg\",\"position\":[3362,3537]},{\"psi\":\"[PsiElement(Py:IDENTIFIER), PsiElement(Py:EQ), PsiElement(Py:IDENTIFIER), PsiElement(Py:LBRACKET), PsiElement(Py:IDENTIFIER), PsiElement(Py:RBRACKET), PsiElement(Py:IDENTIFIER), PsiElement(Py:EQ), PsiElement(Py:IDENTIFIER), PsiElement(Py:DOT), PsiElement(Py:IDENTIFIER), PsiElement(Py:IDENTIFIER), PsiElement(Py:EQ), PsiElement(Py:IDENTIFIER), PsiElement(Py:LPAR), PsiElement(Py:RPAR), PsiElement(Py:IDENTIFIER), PsiElement(Py:DOT), PsiElement(Py:IDENTIFIER), PsiElement(Py:LPAR), PsiElement(Py:IDENTIFIER), PsiElement(Py:COMMA), PsiElement(Py:IDENTIFIER), PsiElement(Py:RPAR), PsiElement(Py:IDENTIFIER), PsiElement(Py:LPAR), PsiElement(Py:IDENTIFIER), PsiElement(Py:DOT), PsiElement(Py:IDENTIFIER), PsiElement(Py:COMMA), PsiElement(Py:IDENTIFIER)]\",\"text\":\"X \\u003d hours_weather[feature_cols]\\ny \\u003d hours_weather.total\\n\\n# instantiate and fit\\nlinreg \\u003d LinearRegression()\\nlinreg.fit(X, y)\\n\\n# print the coefficients\\nprint(linreg.intercept_, linreg\",\"position\":[5196,5371]}]},{\"clone_length\":16,\"clones\":[{\"psi\":\"[PsiElement(Py:IDENTIFIER), PsiElement(Py:EQ), PsiElement(Py:COMMA), PsiElement(Py:IDENTIFIER), PsiElement(Py:EQ), PsiElement(Py:IDENTIFIER), PsiElement(Py:COMMA), PsiElement(Py:IDENTIFIER), PsiElement(Py:EQ), PsiElement(Py:FLOAT_LITERAL), PsiElement(Py:COMMA), PsiElement(Py:IDENTIFIER), PsiElement(Py:EQ), PsiElement(Py:LBRACE), PsiElement(Py:COLON), PsiElement(Py:FLOAT_LITERAL)]\",\"text\":\"y\\u003d\\u0027total\\u0027, data\\u003dhours_weather, aspect\\u003d1.5, scatter_kws\\u003d{\\u0027alpha\\u0027:0.2\",\"position\":[3133,3197]},{\"psi\":\"[PsiElement(Py:IDENTIFIER), PsiElement(Py:EQ), PsiElement(Py:COMMA), PsiElement(Py:IDENTIFIER), PsiElement(Py:EQ), PsiElement(Py:IDENTIFIER), PsiElement(Py:COMMA), PsiElement(Py:IDENTIFIER), PsiElement(Py:EQ), PsiElement(Py:FLOAT_LITERAL), PsiElement(Py:COMMA), PsiElement(Py:IDENTIFIER), PsiElement(Py:EQ), PsiElement(Py:LBRACE), PsiElement(Py:COLON), PsiElement(Py:FLOAT_LITERAL)]\",\"text\":\"y\\u003d\\u0027total\\u0027, data\\u003dhours_weather, aspect\\u003d1.5, scatter_kws\\u003d{\\u0027alpha\\u0027:0.2\",\"position\":[3224,3288]}]},{\"clone_length\":5,\"clones\":[{\"psi\":\"[PsiElement(Py:IDENTIFIER), PsiElement(Py:EQ), PsiElement(Py:COMMA), PsiElement(Py:IDENTIFIER), PsiElement(Py:EQ)]\",\"text\":\"x\\u003d\\u0027temp\\u0027, y\\u003d\\u0027total\\u0027\",\"position\":[1929,1940]},{\"psi\":\"[PsiElement(Py:IDENTIFIER), PsiElement(Py:EQ), PsiElement(Py:COMMA), PsiElement(Py:IDENTIFIER), PsiElement(Py:EQ)]\",\"text\":\"x\\u003d\\u0027temp\\u0027, y\\u003d\\u0027total\\u0027\",\"position\":[2200,2211]},{\"psi\":\"[PsiElement(Py:IDENTIFIER), PsiElement(Py:EQ), PsiElement(Py:COMMA), PsiElement(Py:IDENTIFIER), PsiElement(Py:EQ)]\",\"text\":\"x\\u003d\\u0027temp\\u0027, y\\u003d\\u0027total\\u0027\",\"position\":[2282,2293]},{\"psi\":\"[PsiElement(Py:IDENTIFIER), PsiElement(Py:EQ), PsiElement(Py:COMMA), PsiElement(Py:IDENTIFIER), PsiElement(Py:EQ)]\",\"text\":\"x\\u003d\\u0027temp\\u0027, y\\u003d\\u0027total\\u0027\",\"position\":[1961,1972]},{\"psi\":\"[PsiElement(Py:IDENTIFIER), PsiElement(Py:EQ), PsiElement(Py:COMMA), PsiElement(Py:IDENTIFIER), PsiElement(Py:EQ)]\",\"text\":\"x\\u003d\\u0027temp\\u0027, y\\u003d\\u0027total\\u0027\",\"position\":[3214,3225]}]},{\"clone_length\":4,\"clones\":[{\"psi\":\"[PsiElement(Py:IDENTIFIER), PsiElement(Py:DOT), PsiElement(Py:IDENTIFIER), PsiElement(Py:LPAR)]\",\"text\":\"np.sqrt(\",\"position\":[5838,5845]},{\"psi\":\"[PsiElement(Py:IDENTIFIER), PsiElement(Py:DOT), PsiElement(Py:IDENTIFIER), PsiElement(Py:LPAR)]\",\"text\":\"np.sqrt(\",\"position\":[6206,6213]},{\"psi\":\"[PsiElement(Py:IDENTIFIER), PsiElement(Py:DOT), PsiElement(Py:IDENTIFIER), PsiElement(Py:LPAR)]\",\"text\":\"np.sqrt(\",\"position\":[6262,6269]},{\"psi\":\"[PsiElement(Py:IDENTIFIER), PsiElement(Py:DOT), PsiElement(Py:IDENTIFIER), PsiElement(Py:LPAR)]\",\"text\":\"np.sqrt(\",\"position\":[6809,6816]},{\"psi\":\"[PsiElement(Py:IDENTIFIER), PsiElement(Py:DOT), PsiElement(Py:IDENTIFIER), PsiElement(Py:LPAR)]\",\"text\":\"np.sqrt(\",\"position\":[7600,7607]},{\"psi\":\"[PsiElement(Py:IDENTIFIER), PsiElement(Py:DOT), PsiElement(Py:IDENTIFIER), PsiElement(Py:LPAR)]\",\"text\":\"np.zeros_like(\",\"position\":[7438,7451]}]},{\"clone_length\":8,\"clones\":[{\"psi\":\"[PsiElement(Py:IDENTIFIER), PsiElement(Py:DOT), PsiElement(Py:IDENTIFIER), PsiElement(Py:LPAR), PsiElement(Py:IDENTIFIER), PsiElement(Py:DOT), PsiElement(Py:IDENTIFIER), PsiElement(Py:LPAR)]\",\"text\":\"np.sqrt(metrics.mean_squared_error(\",\"position\":[5838,5872]},{\"psi\":\"[PsiElement(Py:IDENTIFIER), PsiElement(Py:DOT), PsiElement(Py:IDENTIFIER), PsiElement(Py:LPAR), PsiElement(Py:IDENTIFIER), PsiElement(Py:DOT), PsiElement(Py:IDENTIFIER), PsiElement(Py:LPAR)]\",\"text\":\"np.sqrt(metrics.mean_squared_error(\",\"position\":[6206,6240]},{\"psi\":\"[PsiElement(Py:IDENTIFIER), PsiElement(Py:DOT), PsiElement(Py:IDENTIFIER), PsiElement(Py:LPAR), PsiElement(Py:IDENTIFIER), PsiElement(Py:DOT), PsiElement(Py:IDENTIFIER), PsiElement(Py:LPAR)]\",\"text\":\"np.sqrt(metrics.mean_squared_error(\",\"position\":[6262,6296]},{\"psi\":\"[PsiElement(Py:IDENTIFIER), PsiElement(Py:DOT), PsiElement(Py:IDENTIFIER), PsiElement(Py:LPAR), PsiElement(Py:IDENTIFIER), PsiElement(Py:DOT), PsiElement(Py:IDENTIFIER), PsiElement(Py:LPAR)]\",\"text\":\"np.sqrt(metrics.mean_squared_error(\",\"position\":[6809,6843]},{\"psi\":\"[PsiElement(Py:IDENTIFIER), PsiElement(Py:DOT), PsiElement(Py:IDENTIFIER), PsiElement(Py:LPAR), PsiElement(Py:IDENTIFIER), PsiElement(Py:DOT), PsiElement(Py:IDENTIFIER), PsiElement(Py:LPAR)]\",\"text\":\"np.sqrt(metrics.mean_squared_error(\",\"position\":[7600,7634]}]},{\"clone_length\":15,\"clones\":[{\"psi\":\"[PsiElement(Py:IDENTIFIER), PsiElement(Py:DOT), PsiElement(Py:IDENTIFIER), PsiElement(Py:LPAR), PsiElement(Py:IDENTIFIER), PsiElement(Py:DOT), PsiElement(Py:IDENTIFIER), PsiElement(Py:LPAR), PsiElement(Py:IDENTIFIER), PsiElement(Py:COMMA), PsiElement(Py:IDENTIFIER), PsiElement(Py:RPAR), PsiElement(Py:RPAR), PsiElement(Py:RPAR), PsiElement(Py:IDENTIFIER)]\",\"text\":\"np.sqrt(metrics.mean_squared_error(true, pred)))\\nrmse\",\"position\":[6206,6255]},{\"psi\":\"[PsiElement(Py:IDENTIFIER), PsiElement(Py:DOT), PsiElement(Py:IDENTIFIER), PsiElement(Py:LPAR), PsiElement(Py:IDENTIFIER), PsiElement(Py:DOT), PsiElement(Py:IDENTIFIER), PsiElement(Py:LPAR), PsiElement(Py:IDENTIFIER), PsiElement(Py:COMMA), PsiElement(Py:IDENTIFIER), PsiElement(Py:RPAR), PsiElement(Py:RPAR), PsiElement(Py:IDENTIFIER)]\",\"text\":\"np.sqrt(metrics.mean_squared_error(true, pred))\\nrmse\",\"position\":[6262,6310]}]},{\"clone_length\":9,\"clones\":[{\"psi\":\"[PsiElement(Py:IDENTIFIER), PsiElement(Py:DOT), PsiElement(Py:IDENTIFIER), PsiElement(Py:LPAR), PsiElement(Py:IDENTIFIER), PsiElement(Py:DOT), PsiElement(Py:IDENTIFIER), PsiElement(Py:LPAR), PsiElement(Py:IDENTIFIER)]\",\"text\":\"np.sqrt(metrics.mean_squared_error(y_test\",\"position\":[6809,6844]},{\"psi\":\"[PsiElement(Py:IDENTIFIER), PsiElement(Py:DOT), PsiElement(Py:IDENTIFIER), PsiElement(Py:LPAR), PsiElement(Py:IDENTIFIER), PsiElement(Py:DOT), PsiElement(Py:IDENTIFIER), PsiElement(Py:LPAR), PsiElement(Py:IDENTIFIER)]\",\"text\":\"np.sqrt(metrics.mean_squared_error(y_test\",\"position\":[7600,7635]}]},{\"clone_length\":4,\"clones\":[{\"psi\":\"[PsiElement(Py:IDENTIFIER), PsiElement(Py:DOT), PsiElement(Py:IDENTIFIER), PsiElement(Py:LPAR)]\",\"text\":\"pd.read_csv(\",\"position\":[313,324]},{\"psi\":\"[PsiElement(Py:IDENTIFIER), PsiElement(Py:DOT), PsiElement(Py:IDENTIFIER), PsiElement(Py:LPAR)]\",\"text\":\"pd.concat(\",\"position\":[357,366]},{\"psi\":\"[PsiElement(Py:IDENTIFIER), PsiElement(Py:DOT), PsiElement(Py:IDENTIFIER), PsiElement(Py:LPAR)]\",\"text\":\"pd.read_csv(\",\"position\":[1165,1176]},{\"psi\":\"[PsiElement(Py:IDENTIFIER), PsiElement(Py:DOT), PsiElement(Py:IDENTIFIER), PsiElement(Py:LPAR)]\",\"text\":\"pd.crosstab(\",\"position\":[4589,4600]},{\"psi\":\"[PsiElement(Py:IDENTIFIER), PsiElement(Py:DOT), PsiElement(Py:IDENTIFIER), PsiElement(Py:LPAR)]\",\"text\":\"pd.get_dummies(\",\"position\":[7719,7733]},{\"psi\":\"[PsiElement(Py:IDENTIFIER), PsiElement(Py:DOT), PsiElement(Py:IDENTIFIER), PsiElement(Py:LPAR)]\",\"text\":\"pd.get_dummies(\",\"position\":[8808,8822]},{\"psi\":\"[PsiElement(Py:IDENTIFIER), PsiElement(Py:DOT), PsiElement(Py:IDENTIFIER), PsiElement(Py:LPAR)]\",\"text\":\"pd.concat(\",\"position\":[7974,7983]},{\"psi\":\"[PsiElement(Py:IDENTIFIER), PsiElement(Py:DOT), PsiElement(Py:IDENTIFIER), PsiElement(Py:LPAR)]\",\"text\":\"pd.concat(\",\"position\":[8927,8936]},{\"psi\":\"[PsiElement(Py:IDENTIFIER), PsiElement(Py:DOT), PsiElement(Py:IDENTIFIER), PsiElement(Py:LPAR)]\",\"text\":\"pd.to_datetime(\",\"position\":[968,982]},{\"psi\":\"[PsiElement(Py:IDENTIFIER), PsiElement(Py:DOT), PsiElement(Py:IDENTIFIER), PsiElement(Py:LPAR)]\",\"text\":\"pd.to_datetime(\",\"position\":[1236,1250]},{\"psi\":\"[PsiElement(Py:IDENTIFIER), PsiElement(Py:DOT), PsiElement(Py:IDENTIFIER), PsiElement(Py:LPAR)]\",\"text\":\"pd.to_datetime(\",\"position\":[1315,1329]}]},{\"clone_length\":5,\"clones\":[{\"psi\":\"[PsiElement(Py:IDENTIFIER), PsiElement(Py:DOT), PsiElement(Py:IDENTIFIER), PsiElement(Py:LPAR), PsiElement(Py:IDENTIFIER)]\",\"text\":\"pd.crosstab(hours_weather\",\"position\":[4589,4601]},{\"psi\":\"[PsiElement(Py:IDENTIFIER), PsiElement(Py:DOT), PsiElement(Py:IDENTIFIER), PsiElement(Py:LPAR), PsiElement(Py:IDENTIFIER)]\",\"text\":\"pd.get_dummies(hours_weather\",\"position\":[7719,7734]}]},{\"clone_length\":5,\"clones\":[{\"psi\":\"[PsiElement(Py:IDENTIFIER), PsiElement(Py:DOT), PsiElement(Py:IDENTIFIER), PsiElement(Py:LPAR), PsiElement(Py:IDENTIFIER)]\",\"text\":\"pd.to_datetime(bikes\",\"position\":[1236,1251]},{\"psi\":\"[PsiElement(Py:IDENTIFIER), PsiElement(Py:DOT), PsiElement(Py:IDENTIFIER), PsiElement(Py:LPAR), PsiElement(Py:IDENTIFIER)]\",\"text\":\"pd.to_datetime(bikes\",\"position\":[1315,1330]}]},{\"clone_length\":5,\"clones\":[{\"psi\":\"[PsiElement(Py:IDENTIFIER), PsiElement(Py:DOT), PsiElement(Py:IDENTIFIER), PsiElement(Py:LPAR), PsiElement(Py:IDENTIFIER)]\",\"text\":\"sns.lmplot(x\",\"position\":[2271,2282]},{\"psi\":\"[PsiElement(Py:IDENTIFIER), PsiElement(Py:DOT), PsiElement(Py:IDENTIFIER), PsiElement(Py:LPAR), PsiElement(Py:IDENTIFIER)]\",\"text\":\"sns.lmplot(x\",\"position\":[1950,1961]},{\"psi\":\"[PsiElement(Py:IDENTIFIER), PsiElement(Py:DOT), PsiElement(Py:IDENTIFIER), PsiElement(Py:LPAR), PsiElement(Py:IDENTIFIER)]\",\"text\":\"sns.lmplot(x\",\"position\":[3203,3214]},{\"psi\":\"[PsiElement(Py:IDENTIFIER), PsiElement(Py:DOT), PsiElement(Py:IDENTIFIER), PsiElement(Py:LPAR), PsiElement(Py:IDENTIFIER)]\",\"text\":\"sns.lmplot(x\",\"position\":[3110,3121]}]},{\"clone_length\":21,\"clones\":[{\"psi\":\"[PsiElement(Py:IDENTIFIER), PsiElement(Py:DOT), PsiElement(Py:IDENTIFIER), PsiElement(Py:LPAR), PsiElement(Py:IDENTIFIER), PsiElement(Py:EQ), PsiElement(Py:COMMA), PsiElement(Py:IDENTIFIER), PsiElement(Py:EQ), PsiElement(Py:COMMA), PsiElement(Py:IDENTIFIER), PsiElement(Py:EQ), PsiElement(Py:IDENTIFIER), PsiElement(Py:COMMA), PsiElement(Py:IDENTIFIER), PsiElement(Py:EQ), PsiElement(Py:FLOAT_LITERAL), PsiElement(Py:COMMA), PsiElement(Py:IDENTIFIER), PsiElement(Py:EQ), PsiElement(Py:LBRACE)]\",\"text\":\"sns.lmplot(x\\u003d\\u0027temp\\u0027, y\\u003d\\u0027total\\u0027, data\\u003dhours_weather, aspect\\u003d1.5, scatter_kws\\u003d{\\u0027alpha\\u0027\",\"position\":[1950,2026]},{\"psi\":\"[PsiElement(Py:IDENTIFIER), PsiElement(Py:DOT), PsiElement(Py:IDENTIFIER), PsiElement(Py:LPAR), PsiElement(Py:IDENTIFIER), PsiElement(Py:EQ), PsiElement(Py:COMMA), PsiElement(Py:IDENTIFIER), PsiElement(Py:EQ), PsiElement(Py:COMMA), PsiElement(Py:IDENTIFIER), PsiElement(Py:EQ), PsiElement(Py:IDENTIFIER), PsiElement(Py:COMMA), PsiElement(Py:IDENTIFIER), PsiElement(Py:EQ), PsiElement(Py:FLOAT_LITERAL), PsiElement(Py:COMMA), PsiElement(Py:IDENTIFIER), PsiElement(Py:EQ), PsiElement(Py:LBRACE)]\",\"text\":\"sns.lmplot(x\\u003d\\u0027temp\\u0027, y\\u003d\\u0027total\\u0027, data\\u003dhours_weather, aspect\\u003d1.5, scatter_kws\\u003d{\\u0027alpha\\u0027\",\"position\":[3203,3279]}]},{\"clone_length\":5,\"clones\":[{\"psi\":\"[PsiElement(Py:IDENTIFIER), PsiElement(Py:DOT), PsiElement(Py:IDENTIFIER), PsiElement(Py:LPAR), PsiElement(Py:IDENTIFIER)]\",\"text\":\"sns.pairplot(hours_weather\",\"position\":[4189,4202]},{\"psi\":\"[PsiElement(Py:IDENTIFIER), PsiElement(Py:DOT), PsiElement(Py:IDENTIFIER), PsiElement(Py:LPAR), PsiElement(Py:IDENTIFIER)]\",\"text\":\"sns.heatmap(hours_weather\",\"position\":[5022,5034]}]},{\"clone_length\":1,\"clones\":[{\"psi\":\"[PsiElement(Py:IDENTIFIER)]\",\"text\":\"plt\",\"position\":[123,123]},{\"psi\":\"[PsiElement(Py:IDENTIFIER)]\",\"text\":\"plt\",\"position\":[163,163]}]},{\"clone_length\":3,\"clones\":[{\"psi\":\"[PsiElement(Py:IDENTIFIER), PsiElement(Py:EQ), PsiElement(Py:IDENTIFIER)]\",\"text\":\"cols \\u003d cols\",\"position\":[707,714]},{\"psi\":\"[PsiElement(Py:IDENTIFIER), PsiElement(Py:EQ), PsiElement(Py:IDENTIFIER)]\",\"text\":\"cols \\u003d cols\",\"position\":[707,714]}]},{\"clone_length\":5,\"clones\":[{\"psi\":\"[PsiElement(Py:IDENTIFIER), PsiElement(Py:EQ), PsiElement(Py:INTEGER_LITERAL), PsiElement(Py:RPAR), PsiElement(Py:IDENTIFIER)]\",\"text\":\"axis\\u003d1)\\n\\n# print 5 random rows\\nhw_dum\",\"position\":[8017,8048]},{\"psi\":\"[PsiElement(Py:IDENTIFIER), PsiElement(Py:EQ), PsiElement(Py:INTEGER_LITERAL), PsiElement(Py:RPAR), PsiElement(Py:IDENTIFIER)]\",\"text\":\"axis\\u003d1)\\n# [___CELL_SEPARATOR___]\\n# daytime as a categorical feature\\nhw_dum\",\"position\":[8961,9029]}]},{\"clone_length\":14,\"clones\":[{\"psi\":\"[PsiElement(Py:IDENTIFIER), PsiElement(Py:EQ), PsiElement(Py:LBRACKET), PsiElement(Py:INTEGER_LITERAL), PsiElement(Py:COMMA), PsiElement(Py:INTEGER_LITERAL), PsiElement(Py:COMMA), PsiElement(Py:INTEGER_LITERAL), PsiElement(Py:COMMA), PsiElement(Py:INTEGER_LITERAL), PsiElement(Py:RBRACKET), PsiElement(Py:IDENTIFIER), PsiElement(Py:EQ), PsiElement(Py:LBRACKET)]\",\"text\":\"true \\u003d [10, 7, 5, 5]\\npred \\u003d [\",\"position\":[5565,5593]},{\"psi\":\"[PsiElement(Py:IDENTIFIER), PsiElement(Py:EQ), PsiElement(Py:LBRACKET), PsiElement(Py:INTEGER_LITERAL), PsiElement(Py:COMMA), PsiElement(Py:INTEGER_LITERAL), PsiElement(Py:COMMA), PsiElement(Py:INTEGER_LITERAL), PsiElement(Py:COMMA), PsiElement(Py:INTEGER_LITERAL), PsiElement(Py:RBRACKET), PsiElement(Py:IDENTIFIER), PsiElement(Py:EQ), PsiElement(Py:LBRACKET)]\",\"text\":\"true \\u003d [10, 7, 5, 5]\\n\\n# new set of predicted values\\npred \\u003d [\",\"position\":[5940,5999]}]},{\"clone_length\":7,\"clones\":[{\"psi\":\"[PsiElement(Py:IDENTIFIER), PsiElement(Py:LPAR), PsiElement(Py:IDENTIFIER), PsiElement(Py:LPAR), PsiElement(Py:IDENTIFIER), PsiElement(Py:COMMA), PsiElement(Py:IDENTIFIER)]\",\"text\":\"list(zip(feature_cols, linreg\",\"position\":[5457,5480]},{\"psi\":\"[PsiElement(Py:IDENTIFIER), PsiElement(Py:LPAR), PsiElement(Py:IDENTIFIER), PsiElement(Py:LPAR), PsiElement(Py:IDENTIFIER), PsiElement(Py:COMMA), PsiElement(Py:IDENTIFIER)]\",\"text\":\"list(zip(feature_cols, linreg\",\"position\":[8313,8336]}]},{\"clone_length\":4,\"clones\":[{\"psi\":\"[PsiElement(Py:IDENTIFIER), PsiElement(Py:DOT), PsiElement(Py:IDENTIFIER), PsiElement(Py:IDENTIFIER)]\",\"text\":\"hours.index\\nhours\",\"position\":[1722,1734]},{\"psi\":\"[PsiElement(Py:IDENTIFIER), PsiElement(Py:DOT), PsiElement(Py:IDENTIFIER), PsiElement(Py:IDENTIFIER), PsiElement(Py:EQ), PsiElement(Py:IDENTIFIER)]\",\"text\":\"hours.start\\nhours \\u003d hours\",\"position\":[1764,1784]}]},{\"clone_length\":7,\"clones\":[{\"psi\":\"[PsiElement(Py:IDENTIFIER), PsiElement(Py:DOT), PsiElement(Py:IDENTIFIER), PsiElement(Py:IDENTIFIER), PsiElement(Py:DOT), PsiElement(Py:IDENTIFIER), PsiElement(Py:LPAR)]\",\"text\":\"hours.index\\nhours.head(\",\"position\":[1722,1744]},{\"psi\":\"[PsiElement(Py:IDENTIFIER), PsiElement(Py:DOT), PsiElement(Py:IDENTIFIER), PsiElement(Py:DOT), PsiElement(Py:IDENTIFIER), PsiElement(Py:LPAR)]\",\"text\":\"hours.total.plot(\",\"position\":[1818,1834]}]},{\"clone_length\":1,\"clones\":[{\"psi\":\"[PsiElement(Py:IDENTIFIER)]\",\"text\":\"bikes\",\"position\":[1402,1402]},{\"psi\":\"[PsiElement(Py:IDENTIFIER)]\",\"text\":\"bikes\",\"position\":[1653,1653]},{\"psi\":\"[PsiElement(Py:IDENTIFIER)]\",\"text\":\"bikes\",\"position\":[1540,1540]},{\"psi\":\"[PsiElement(Py:IDENTIFIER)]\",\"text\":\"bikes\",\"position\":[1402,1402]},{\"psi\":\"[PsiElement(Py:IDENTIFIER)]\",\"text\":\"bikes\",\"position\":[1653,1653]}]},{\"clone_length\":8,\"clones\":[{\"psi\":\"[PsiElement(Py:IDENTIFIER), PsiElement(Py:DOT), PsiElement(Py:IDENTIFIER), PsiElement(Py:DOT), PsiElement(Py:IDENTIFIER), PsiElement(Py:DOT), PsiElement(Py:IDENTIFIER), PsiElement(Py:LPAR)]\",\"text\":\"bikes.start.dt.floor(\",\"position\":[1402,1422]},{\"psi\":\"[PsiElement(Py:IDENTIFIER), PsiElement(Py:DOT), PsiElement(Py:IDENTIFIER), PsiElement(Py:LPAR)]\",\"text\":\"bikes.groupby(\",\"position\":[1653,1666]}]},{\"clone_length\":38,\"clones\":[{\"psi\":\"[PsiElement(Py:IDENTIFIER), PsiElement(Py:LPAR), PsiElement(Py:COMMA), PsiElement(Py:IDENTIFIER), PsiElement(Py:DOT), PsiElement(Py:IDENTIFIER), PsiElement(Py:LPAR), PsiElement(Py:IDENTIFIER), PsiElement(Py:COMMA), PsiElement(Py:IDENTIFIER), PsiElement(Py:RPAR), PsiElement(Py:RPAR), PsiElement(Py:IDENTIFIER), PsiElement(Py:LPAR), PsiElement(Py:COMMA), PsiElement(Py:IDENTIFIER), PsiElement(Py:DOT), PsiElement(Py:IDENTIFIER), PsiElement(Py:LPAR), PsiElement(Py:IDENTIFIER), PsiElement(Py:COMMA), PsiElement(Py:IDENTIFIER), PsiElement(Py:RPAR), PsiElement(Py:RPAR), PsiElement(Py:IDENTIFIER), PsiElement(Py:LPAR), PsiElement(Py:COMMA), PsiElement(Py:IDENTIFIER), PsiElement(Py:DOT), PsiElement(Py:IDENTIFIER), PsiElement(Py:LPAR), PsiElement(Py:IDENTIFIER), PsiElement(Py:DOT), PsiElement(Py:IDENTIFIER), PsiElement(Py:LPAR), PsiElement(Py:IDENTIFIER), PsiElement(Py:COMMA), PsiElement(Py:IDENTIFIER)]\",\"text\":\"print(\\u0027MAE:\\u0027, metrics.mean_absolute_error(true, pred))\\nprint(\\u0027MSE:\\u0027, metrics.mean_squared_error(true, pred))\\nprint(\\u0027RMSE:\\u0027, np.sqrt(metrics.mean_squared_error(true, pred\",\"position\":[5714,5879]},{\"psi\":\"[PsiElement(Py:IDENTIFIER), PsiElement(Py:LPAR), PsiElement(Py:COMMA), PsiElement(Py:IDENTIFIER), PsiElement(Py:DOT), PsiElement(Py:IDENTIFIER), PsiElement(Py:LPAR), PsiElement(Py:IDENTIFIER), PsiElement(Py:COMMA), PsiElement(Py:IDENTIFIER), PsiElement(Py:RPAR), PsiElement(Py:RPAR), PsiElement(Py:IDENTIFIER), PsiElement(Py:LPAR), PsiElement(Py:COMMA), PsiElement(Py:IDENTIFIER), PsiElement(Py:DOT), PsiElement(Py:IDENTIFIER), PsiElement(Py:LPAR), PsiElement(Py:IDENTIFIER), PsiElement(Py:COMMA), PsiElement(Py:IDENTIFIER), PsiElement(Py:RPAR), PsiElement(Py:RPAR), PsiElement(Py:IDENTIFIER), PsiElement(Py:LPAR), PsiElement(Py:COMMA), PsiElement(Py:IDENTIFIER), PsiElement(Py:DOT), PsiElement(Py:IDENTIFIER), PsiElement(Py:LPAR), PsiElement(Py:IDENTIFIER), PsiElement(Py:DOT), PsiElement(Py:IDENTIFIER), PsiElement(Py:LPAR), PsiElement(Py:IDENTIFIER), PsiElement(Py:COMMA), PsiElement(Py:IDENTIFIER)]\",\"text\":\"print(\\u0027MAE:\\u0027, metrics.mean_absolute_error(true, pred))\\n\\n# MSE and RMSE are larger than before\\nprint(\\u0027MSE:\\u0027, metrics.mean_squared_error(true, pred))\\nprint(\\u0027RMSE:\\u0027, np.sqrt(metrics.mean_squared_error(true, pred\",\"position\":[6043,6247]}]},{\"clone_length\":5,\"clones\":[{\"psi\":\"[PsiElement(Py:IDENTIFIER), PsiElement(Py:LPAR), PsiElement(Py:IDENTIFIER), PsiElement(Py:LPAR), PsiElement(Py:LBRACKET)]\",\"text\":\"print(train_test_rmse([\",\"position\":[6992,7014]},{\"psi\":\"[PsiElement(Py:IDENTIFIER), PsiElement(Py:LPAR), PsiElement(Py:IDENTIFIER), PsiElement(Py:LPAR), PsiElement(Py:LBRACKET)]\",\"text\":\"print(train_test_rmse([\",\"position\":[6923,6945]},{\"psi\":\"[PsiElement(Py:IDENTIFIER), PsiElement(Py:LPAR), PsiElement(Py:IDENTIFIER), PsiElement(Py:LPAR), PsiElement(Py:LBRACKET)]\",\"text\":\"print(train_test_rmse([\",\"position\":[8432,8454]},{\"psi\":\"[PsiElement(Py:IDENTIFIER), PsiElement(Py:LPAR), PsiElement(Py:IDENTIFIER), PsiElement(Py:LPAR), PsiElement(Py:LBRACKET)]\",\"text\":\"print(train_test_rmse([\",\"position\":[7109,7131]},{\"psi\":\"[PsiElement(Py:IDENTIFIER), PsiElement(Py:LPAR), PsiElement(Py:IDENTIFIER), PsiElement(Py:LPAR), PsiElement(Py:LBRACKET)]\",\"text\":\"print(train_test_rmse([\",\"position\":[8494,8516]},{\"psi\":\"[PsiElement(Py:IDENTIFIER), PsiElement(Py:LPAR), PsiElement(Py:IDENTIFIER), PsiElement(Py:LPAR), PsiElement(Py:LBRACKET)]\",\"text\":\"print(train_test_rmse([\",\"position\":[8567,8589]},{\"psi\":\"[PsiElement(Py:IDENTIFIER), PsiElement(Py:LPAR), PsiElement(Py:IDENTIFIER), PsiElement(Py:LPAR), PsiElement(Py:LBRACKET)]\",\"text\":\"print(train_test_rmse([\",\"position\":[7049,7071]},{\"psi\":\"[PsiElement(Py:IDENTIFIER), PsiElement(Py:LPAR), PsiElement(Py:IDENTIFIER), PsiElement(Py:LPAR), PsiElement(Py:LBRACKET)]\",\"text\":\"print(train_test_rmse([\",\"position\":[7157,7179]},{\"psi\":\"[PsiElement(Py:IDENTIFIER), PsiElement(Py:LPAR), PsiElement(Py:IDENTIFIER), PsiElement(Py:LPAR), PsiElement(Py:LBRACKET)]\",\"text\":\"print(train_test_rmse([\",\"position\":[9127,9149]}]},{\"clone_length\":6,\"clones\":[{\"psi\":\"[PsiElement(Py:IDENTIFIER), PsiElement(Py:LPAR), PsiElement(Py:IDENTIFIER), PsiElement(Py:LPAR), PsiElement(Py:LBRACKET), PsiElement(Py:COMMA)]\",\"text\":\"print(train_test_rmse([\\u0027temp\\u0027, \\u0027month\\u0027\",\"position\":[6992,7021]},{\"psi\":\"[PsiElement(Py:IDENTIFIER), PsiElement(Py:LPAR), PsiElement(Py:IDENTIFIER), PsiElement(Py:LPAR), PsiElement(Py:LBRACKET), PsiElement(Py:COMMA)]\",\"text\":\"print(train_test_rmse([\\u0027temp\\u0027, \\u0027month\\u0027\",\"position\":[6923,6952]},{\"psi\":\"[PsiElement(Py:IDENTIFIER), PsiElement(Py:LPAR), PsiElement(Py:IDENTIFIER), PsiElement(Py:LPAR), PsiElement(Py:LBRACKET), PsiElement(Py:COMMA)]\",\"text\":\"print(train_test_rmse([\\u0027temp\\u0027, \\u0027month\\u0027\",\"position\":[8432,8461]}]},{\"clone_length\":7,\"clones\":[{\"psi\":\"[PsiElement(Py:IDENTIFIER), PsiElement(Py:LPAR), PsiElement(Py:IDENTIFIER), PsiElement(Py:LPAR), PsiElement(Py:LBRACKET), PsiElement(Py:COMMA), PsiElement(Py:COMMA)]\",\"text\":\"print(train_test_rmse([\\u0027temp\\u0027, \\u0027month\\u0027, \\u0027humidity\\u0027\",\"position\":[6923,6961]},{\"psi\":\"[PsiElement(Py:IDENTIFIER), PsiElement(Py:LPAR), PsiElement(Py:IDENTIFIER), PsiElement(Py:LPAR), PsiElement(Py:LBRACKET), PsiElement(Py:COMMA), PsiElement(Py:COMMA)]\",\"text\":\"print(train_test_rmse([\\u0027temp\\u0027, \\u0027month\\u0027, \\u0027humidity\\u0027\",\"position\":[8432,8470]}]},{\"clone_length\":6,\"clones\":[{\"psi\":\"[PsiElement(Py:IDENTIFIER), PsiElement(Py:DOT), PsiElement(Py:IDENTIFIER), PsiElement(Py:DOT), PsiElement(Py:IDENTIFIER), PsiElement(Py:LPAR)]\",\"text\":\"weather.Date.astype(\",\"position\":[983,1002]},{\"psi\":\"[PsiElement(Py:IDENTIFIER), PsiElement(Py:DOT), PsiElement(Py:IDENTIFIER), PsiElement(Py:DOT), PsiElement(Py:IDENTIFIER), PsiElement(Py:DOT), PsiElement(Py:IDENTIFIER), PsiElement(Py:LPAR)]\",\"text\":\"weather.datetime.dt.floor(\",\"position\":[1075,1100]},{\"psi\":\"[PsiElement(Py:IDENTIFIER), PsiElement(Py:DOT), PsiElement(Py:IDENTIFIER), PsiElement(Py:RPAR), PsiElement(Py:IDENTIFIER), PsiElement(Py:DOT), PsiElement(Py:IDENTIFIER), PsiElement(Py:LPAR)]\",\"text\":\"weather.columns)\\nweather.head(\",\"position\":[1483,1512]}]},{\"clone_length\":10,\"clones\":[{\"psi\":\"[PsiElement(Py:RBRACKET), PsiElement(Py:COMMA), PsiElement(Py:IDENTIFIER), PsiElement(Py:RPAR), PsiElement(Py:RPAR), PsiElement(Py:IDENTIFIER), PsiElement(Py:LPAR), PsiElement(Py:IDENTIFIER), PsiElement(Py:LPAR), PsiElement(Py:LBRACKET)]\",\"text\":\"\\u0027humidity\\u0027], hours_weather))\\nprint(train_test_rmse([\\u0027temp\\u0027\",\"position\":[6973,7014]},{\"psi\":\"[PsiElement(Py:RBRACKET), PsiElement(Py:COMMA), PsiElement(Py:IDENTIFIER), PsiElement(Py:RPAR), PsiElement(Py:RPAR), PsiElement(Py:IDENTIFIER), PsiElement(Py:LPAR), PsiElement(Py:IDENTIFIER), PsiElement(Py:LPAR), PsiElement(Py:LBRACKET)]\",\"text\":\"\\u0027humidity\\u0027], hours_weather))\\nprint(train_test_rmse([\\u0027temp\\u0027\",\"position\":[7090,7131]}]},{\"clone_length\":11,\"clones\":[{\"psi\":\"[PsiElement(Py:IDENTIFIER), PsiElement(Py:DOT), PsiElement(Py:IDENTIFIER), PsiElement(Py:LPAR), PsiElement(Py:IDENTIFIER), PsiElement(Py:COMMA), PsiElement(Py:IDENTIFIER), PsiElement(Py:RPAR), PsiElement(Py:RPAR), PsiElement(Py:IDENTIFIER), PsiElement(Py:LPAR)]\",\"text\":\"metrics.mean_absolute_error(true, pred))\\nprint(\",\"position\":[5728,5774]},{\"psi\":\"[PsiElement(Py:IDENTIFIER), PsiElement(Py:DOT), PsiElement(Py:IDENTIFIER), PsiElement(Py:LPAR), PsiElement(Py:IDENTIFIER), PsiElement(Py:COMMA), PsiElement(Py:IDENTIFIER), PsiElement(Py:RPAR), PsiElement(Py:RPAR), PsiElement(Py:IDENTIFIER), PsiElement(Py:LPAR)]\",\"text\":\"metrics.mean_absolute_error(true, pred))\\n\\n# MSE and RMSE are larger than before\\nprint(\",\"position\":[6057,6142]},{\"psi\":\"[PsiElement(Py:IDENTIFIER), PsiElement(Py:DOT), PsiElement(Py:IDENTIFIER), PsiElement(Py:LPAR), PsiElement(Py:IDENTIFIER), PsiElement(Py:COMMA), PsiElement(Py:IDENTIFIER), PsiElement(Py:RPAR), PsiElement(Py:RPAR), PsiElement(Py:IDENTIFIER), PsiElement(Py:LPAR)]\",\"text\":\"metrics.mean_squared_error(true, pred))\\nprint(\",\"position\":[5783,5828]},{\"psi\":\"[PsiElement(Py:IDENTIFIER), PsiElement(Py:DOT), PsiElement(Py:IDENTIFIER), PsiElement(Py:LPAR), PsiElement(Py:IDENTIFIER), PsiElement(Py:COMMA), PsiElement(Py:IDENTIFIER), PsiElement(Py:RPAR), PsiElement(Py:RPAR), PsiElement(Py:IDENTIFIER), PsiElement(Py:LPAR)]\",\"text\":\"metrics.mean_squared_error(true, pred))\\nprint(\",\"position\":[6151,6196]}]},{\"clone_length\":5,\"clones\":[{\"psi\":\"[PsiElement(Py:IDENTIFIER), PsiElement(Py:IMPORT_KEYWORD), PsiElement(Py:IDENTIFIER), PsiElement(Py:AS_KEYWORD), PsiElement(Py:IDENTIFIER)]\",\"text\":\"metrics\\nimport numpy as np\",\"position\":[5687,5711]},{\"psi\":\"[PsiElement(Py:IDENTIFIER), PsiElement(Py:IMPORT_KEYWORD), PsiElement(Py:IDENTIFIER), PsiElement(Py:AS_KEYWORD), PsiElement(Py:IDENTIFIER)]\",\"text\":\"metrics\\nimport numpy as np\",\"position\":[6425,6449]}]},{\"clone_length\":3,\"clones\":[{\"psi\":\"[PsiElement(Py:IDENTIFIER), PsiElement(Py:EQ), PsiElement(Py:LBRACKET)]\",\"text\":\"feature_cols \\u003d [\\u0027temp\\u0027\",\"position\":[2398,2413]},{\"psi\":\"[PsiElement(Py:IDENTIFIER), PsiElement(Py:EQ), PsiElement(Py:LBRACKET)]\",\"text\":\"feature_cols \\u003d [\\u0027temp\\u0027\",\"position\":[3875,3890]},{\"psi\":\"[PsiElement(Py:IDENTIFIER), PsiElement(Py:EQ), PsiElement(Py:LBRACKET)]\",\"text\":\"feature_cols \\u003d [\\u0027temp\\u0027\",\"position\":[5109,5124]},{\"psi\":\"[PsiElement(Py:IDENTIFIER), PsiElement(Py:EQ), PsiElement(Py:LBRACKET)]\",\"text\":\"feature_cols \\u003d [\\u0027temp\\u0027\",\"position\":[8158,8173]}]},{\"clone_length\":5,\"clones\":[{\"psi\":\"[PsiElement(Py:IDENTIFIER), PsiElement(Py:EQ), PsiElement(Py:LBRACKET), PsiElement(Py:COMMA), PsiElement(Py:COMMA)]\",\"text\":\"feature_cols \\u003d [\\u0027temp\\u0027, \\u0027month\\u0027, \\u0027humidity\\u0027\",\"position\":[3875,3906]},{\"psi\":\"[PsiElement(Py:IDENTIFIER), PsiElement(Py:EQ), PsiElement(Py:LBRACKET), PsiElement(Py:COMMA), PsiElement(Py:COMMA)]\",\"text\":\"feature_cols \\u003d [\\u0027temp\\u0027, \\u0027month\\u0027, \\u0027humidity\\u0027\",\"position\":[5109,5140]}]}]}","initial_tree_length":1472,"project_name":"ee008254b6acb95905761d012f74e39f2ccff78b","file_name":"ee008254b6acb95905761d012f74e39f2ccff78b.ipynb.py"}