{"3":"{\"totalGroups\":54,\"totalClones\":182,\"groups\":[{\"clone_length\":5,\"clones\":[{\"psi\":\"[PsiElement(Py:IDENTIFIER), PsiElement(Py:LPAR), PsiElement(Py:IDENTIFIER), PsiElement(Py:COMMA), PsiElement(Py:IDENTIFIER)]\",\"text\":\"load_model_and_training_data(model_id, gpu_id\",\"position\":[1335,1374]},{\"psi\":\"[PsiElement(Py:IDENTIFIER), PsiElement(Py:LPAR), PsiElement(Py:IDENTIFIER), PsiElement(Py:COMMA), PsiElement(Py:IDENTIFIER)]\",\"text\":\"load_model_and_training_data(model_id, gpu_id\",\"position\":[1977,2016]}]},{\"clone_length\":10,\"clones\":[{\"psi\":\"[PsiElement(Py:IDENTIFIER), PsiElement(Py:COMMA), PsiElement(Py:COMMA), PsiElement(Py:IDENTIFIER), PsiElement(Py:EQ), PsiElement(Py:RPAR), PsiElement(Py:IDENTIFIER), PsiElement(Py:DOT), PsiElement(Py:IDENTIFIER), PsiElement(Py:LPAR)]\",\"text\":\"dropout_train_scores, \\u0027r\\u0027, label\\u003d\\u0027dropout train\\u0027)\\nplt.plot(\",\"position\":[3195,3253]},{\"psi\":\"[PsiElement(Py:IDENTIFIER), PsiElement(Py:COMMA), PsiElement(Py:COMMA), PsiElement(Py:IDENTIFIER), PsiElement(Py:EQ), PsiElement(Py:RPAR), PsiElement(Py:IDENTIFIER), PsiElement(Py:DOT), PsiElement(Py:IDENTIFIER), PsiElement(Py:LPAR)]\",\"text\":\"dropout_train_scores, \\u0027r\\u0027, label\\u003d\\u0027dropout train\\u0027)\\nplt.plot(\",\"position\":[3558,3616]}]},{\"clone_length\":10,\"clones\":[{\"psi\":\"[PsiElement(Py:IDENTIFIER), PsiElement(Py:COMMA), PsiElement(Py:COMMA), PsiElement(Py:IDENTIFIER), PsiElement(Py:EQ), PsiElement(Py:RPAR), PsiElement(Py:IDENTIFIER), PsiElement(Py:DOT), PsiElement(Py:IDENTIFIER), PsiElement(Py:LPAR)]\",\"text\":\"dropout_val_scores, \\u0027r--\\u0027, label\\u003d\\u0027dropout val\\u0027)\\nplt.plot(\",\"position\":[3254,3310]},{\"psi\":\"[PsiElement(Py:IDENTIFIER), PsiElement(Py:COMMA), PsiElement(Py:COMMA), PsiElement(Py:IDENTIFIER), PsiElement(Py:EQ), PsiElement(Py:RPAR), PsiElement(Py:IDENTIFIER), PsiElement(Py:DOT), PsiElement(Py:IDENTIFIER), PsiElement(Py:LPAR)]\",\"text\":\"dropout_val_scores, \\u0027r--\\u0027, label\\u003d\\u0027dropout val\\u0027)\\nplt.plot(\",\"position\":[3642,3698]}]},{\"clone_length\":4,\"clones\":[{\"psi\":\"[PsiElement(Py:IDENTIFIER), PsiElement(Py:DOT), PsiElement(Py:IDENTIFIER), PsiElement(Py:LPAR)]\",\"text\":\"transforms.Normalize(\",\"position\":[606,626]},{\"psi\":\"[PsiElement(Py:IDENTIFIER), PsiElement(Py:DOT), PsiElement(Py:IDENTIFIER), PsiElement(Py:LPAR)]\",\"text\":\"transforms.Compose(\",\"position\":[687,705]},{\"psi\":\"[PsiElement(Py:IDENTIFIER), PsiElement(Py:DOT), PsiElement(Py:IDENTIFIER), PsiElement(Py:LPAR)]\",\"text\":\"transforms.Compose(\",\"position\":[868,886]},{\"psi\":\"[PsiElement(Py:IDENTIFIER), PsiElement(Py:DOT), PsiElement(Py:IDENTIFIER), PsiElement(Py:LPAR)]\",\"text\":\"transforms.ToTensor(\",\"position\":[897,916]}]},{\"clone_length\":5,\"clones\":[{\"psi\":\"[PsiElement(Py:IDENTIFIER), PsiElement(Py:DOT), PsiElement(Py:IDENTIFIER), PsiElement(Py:LPAR), PsiElement(Py:LBRACKET)]\",\"text\":\"transforms.Compose([\",\"position\":[687,706]},{\"psi\":\"[PsiElement(Py:IDENTIFIER), PsiElement(Py:DOT), PsiElement(Py:IDENTIFIER), PsiElement(Py:LPAR), PsiElement(Py:LBRACKET)]\",\"text\":\"transforms.Compose([\",\"position\":[868,887]}]},{\"clone_length\":3,\"clones\":[{\"psi\":\"[PsiElement(Py:IDENTIFIER), PsiElement(Py:EQ), PsiElement(Py:IDENTIFIER)]\",\"text\":\"output \\u003d output\",\"position\":[6853,6862]},{\"psi\":\"[PsiElement(Py:IDENTIFIER), PsiElement(Py:EQ), PsiElement(Py:IDENTIFIER)]\",\"text\":\"output \\u003d output\",\"position\":[7171,7180]},{\"psi\":\"[PsiElement(Py:IDENTIFIER), PsiElement(Py:EQ), PsiElement(Py:IDENTIFIER)]\",\"text\":\"output \\u003d output\",\"position\":[6853,6862]},{\"psi\":\"[PsiElement(Py:IDENTIFIER), PsiElement(Py:EQ), PsiElement(Py:IDENTIFIER)]\",\"text\":\"output \\u003d output\",\"position\":[7171,7180]}]},{\"clone_length\":6,\"clones\":[{\"psi\":\"[PsiElement(Py:IDENTIFIER), PsiElement(Py:EQ), PsiElement(Py:IDENTIFIER), PsiElement(Py:DOT), PsiElement(Py:IDENTIFIER), PsiElement(Py:LPAR)]\",\"text\":\"output \\u003d output.argmax(\",\"position\":[6900,6922]},{\"psi\":\"[PsiElement(Py:IDENTIFIER), PsiElement(Py:DOT), PsiElement(Py:IDENTIFIER), PsiElement(Py:LPAR)]\",\"text\":\"output.detach(\",\"position\":[6862,6875]},{\"psi\":\"[PsiElement(Py:IDENTIFIER), PsiElement(Py:DOT), PsiElement(Py:IDENTIFIER), PsiElement(Py:LPAR)]\",\"text\":\"output.detach(\",\"position\":[7180,7193]}]},{\"clone_length\":30,\"clones\":[{\"psi\":\"[PsiElement(Py:IDENTIFIER), PsiElement(Py:EQ), PsiElement(Py:IDENTIFIER), PsiElement(Py:DOT), PsiElement(Py:IDENTIFIER), PsiElement(Py:DOT), PsiElement(Py:IDENTIFIER), PsiElement(Py:LPAR), PsiElement(Py:IDENTIFIER), PsiElement(Py:LPAR), PsiElement(Py:IDENTIFIER), PsiElement(Py:RPAR), PsiElement(Py:RPAR), PsiElement(Py:IDENTIFIER), PsiElement(Py:EQ), PsiElement(Py:IDENTIFIER), PsiElement(Py:DOT), PsiElement(Py:IDENTIFIER), PsiElement(Py:LPAR), PsiElement(Py:RPAR), PsiElement(Py:DOT), PsiElement(Py:IDENTIFIER), PsiElement(Py:LPAR), PsiElement(Py:RPAR), PsiElement(Py:DOT), PsiElement(Py:IDENTIFIER), PsiElement(Py:LPAR), PsiElement(Py:RPAR), PsiElement(Py:LBRACKET), PsiElement(Py:INTEGER_LITERAL)]\",\"text\":\"output \\u003d nn.functional.softmax(model(image))\\n    \\n    output \\u003d output.detach().cpu().numpy()[0\",\"position\":[6799,6892]},{\"psi\":\"[PsiElement(Py:IDENTIFIER), PsiElement(Py:EQ), PsiElement(Py:IDENTIFIER), PsiElement(Py:DOT), PsiElement(Py:IDENTIFIER), PsiElement(Py:DOT), PsiElement(Py:IDENTIFIER), PsiElement(Py:LPAR), PsiElement(Py:IDENTIFIER), PsiElement(Py:LPAR), PsiElement(Py:IDENTIFIER), PsiElement(Py:RPAR), PsiElement(Py:RPAR), PsiElement(Py:IDENTIFIER), PsiElement(Py:EQ), PsiElement(Py:IDENTIFIER), PsiElement(Py:DOT), PsiElement(Py:IDENTIFIER), PsiElement(Py:LPAR), PsiElement(Py:RPAR), PsiElement(Py:DOT), PsiElement(Py:IDENTIFIER), PsiElement(Py:LPAR), PsiElement(Py:RPAR), PsiElement(Py:DOT), PsiElement(Py:IDENTIFIER), PsiElement(Py:LPAR), PsiElement(Py:RPAR), PsiElement(Py:LBRACKET), PsiElement(Py:INTEGER_LITERAL)]\",\"text\":\"output \\u003d nn.functional.softmax(model(image))\\n        output \\u003d output.detach().cpu().numpy()[0\",\"position\":[7118,7210]}]},{\"clone_length\":17,\"clones\":[{\"psi\":\"[PsiElement(Py:IDENTIFIER), PsiElement(Py:COMMA), PsiElement(Py:IDENTIFIER), PsiElement(Py:COMMA), PsiElement(Py:IDENTIFIER), PsiElement(Py:COMMA), PsiElement(Py:INTEGER_LITERAL), PsiElement(Py:COMMA), PsiElement(Py:IDENTIFIER), PsiElement(Py:EQ), PsiElement(Py:INTEGER_LITERAL), PsiElement(Py:RPAR), PsiElement(Py:LBRACKET), PsiElement(Py:INTEGER_LITERAL), PsiElement(Py:RBRACKET), PsiElement(Py:IDENTIFIER), PsiElement(Py:LPAR)]\",\"text\":\"test_loader, criterion,\\n                                    gpu_id, 1, epoch\\u003d1)[1]\\nprint(\",\"position\":[4054,4142]},{\"psi\":\"[PsiElement(Py:IDENTIFIER), PsiElement(Py:COMMA), PsiElement(Py:IDENTIFIER), PsiElement(Py:COMMA), PsiElement(Py:IDENTIFIER), PsiElement(Py:COMMA), PsiElement(Py:INTEGER_LITERAL), PsiElement(Py:COMMA), PsiElement(Py:IDENTIFIER), PsiElement(Py:EQ), PsiElement(Py:INTEGER_LITERAL), PsiElement(Py:RPAR), PsiElement(Py:LBRACKET), PsiElement(Py:INTEGER_LITERAL), PsiElement(Py:RBRACKET), PsiElement(Py:IDENTIFIER), PsiElement(Py:LPAR)]\",\"text\":\"test_loader, criterion,\\n                                     gpu_id, 1, epoch\\u003d1)[1]\\nprint(\",\"position\":[4251,4340]}]},{\"clone_length\":12,\"clones\":[{\"psi\":\"[PsiElement(Py:LPAR), PsiElement(Py:IDENTIFIER), PsiElement(Py:EQ), PsiElement(Py:INTEGER_LITERAL), PsiElement(Py:RPAR), PsiElement(Py:IDENTIFIER), PsiElement(Py:DOT), PsiElement(Py:IDENTIFIER), PsiElement(Py:LPAR), PsiElement(Py:INTEGER_LITERAL), PsiElement(Py:COMMA), PsiElement(Py:INTEGER_LITERAL)]\",\"text\":\"(axis\\u003d0)\\n\\n    plt.subplot(2, 2\",\"position\":[6922,6951]},{\"psi\":\"[PsiElement(Py:LPAR), PsiElement(Py:IDENTIFIER), PsiElement(Py:EQ), PsiElement(Py:INTEGER_LITERAL), PsiElement(Py:RPAR), PsiElement(Py:IDENTIFIER), PsiElement(Py:DOT), PsiElement(Py:IDENTIFIER), PsiElement(Py:LPAR), PsiElement(Py:INTEGER_LITERAL), PsiElement(Py:COMMA), PsiElement(Py:INTEGER_LITERAL)]\",\"text\":\"(axis\\u003d0)\\n    \\n    plt.subplot(2, 2\",\"position\":[7296,7329]}]},{\"clone_length\":6,\"clones\":[{\"psi\":\"[PsiElement(Py:INTEGER_LITERAL), PsiElement(Py:RPAR), PsiElement(Py:IDENTIFIER), PsiElement(Py:DOT), PsiElement(Py:IDENTIFIER), PsiElement(Py:LPAR)]\",\"text\":\"3)\\n\\n    plt.figure(\",\"position\":[6504,6522]},{\"psi\":\"[PsiElement(Py:INTEGER_LITERAL), PsiElement(Py:RPAR), PsiElement(Py:IDENTIFIER), PsiElement(Py:DOT), PsiElement(Py:IDENTIFIER), PsiElement(Py:LPAR)]\",\"text\":\"3)\\n    plt.imshow(\",\"position\":[6954,6971]}]},{\"clone_length\":8,\"clones\":[{\"psi\":\"[PsiElement(Py:INTEGER_LITERAL), PsiElement(Py:COMMA), PsiElement(Py:INTEGER_LITERAL), PsiElement(Py:RPAR), PsiElement(Py:IDENTIFIER), PsiElement(Py:DOT), PsiElement(Py:IDENTIFIER), PsiElement(Py:LPAR)]\",\"text\":\"2, 2)\\n\\nplt.plot(\",\"position\":[3517,3532]},{\"psi\":\"[PsiElement(Py:INTEGER_LITERAL), PsiElement(Py:COMMA), PsiElement(Py:INTEGER_LITERAL), PsiElement(Py:RPAR), PsiElement(Py:IDENTIFIER), PsiElement(Py:DOT), PsiElement(Py:IDENTIFIER), PsiElement(Py:LPAR)]\",\"text\":\"2, 2)\\n    plt.imshow(\",\"position\":[6679,6699]}]},{\"clone_length\":8,\"clones\":[{\"psi\":\"[PsiElement(Py:INTEGER_LITERAL), PsiElement(Py:COMMA), PsiElement(Py:INTEGER_LITERAL), PsiElement(Py:RPAR), PsiElement(Py:IDENTIFIER), PsiElement(Py:DOT), PsiElement(Py:IDENTIFIER), PsiElement(Py:LPAR)]\",\"text\":\"2, 1)\\n\\nplt.plot(\",\"position\":[3179,3194]},{\"psi\":\"[PsiElement(Py:INTEGER_LITERAL), PsiElement(Py:COMMA), PsiElement(Py:INTEGER_LITERAL), PsiElement(Py:RPAR), PsiElement(Py:IDENTIFIER), PsiElement(Py:DOT), PsiElement(Py:IDENTIFIER), PsiElement(Py:LPAR)]\",\"text\":\"2, 1)\\n    plt.imshow(\",\"position\":[6561,6581]}]},{\"clone_length\":7,\"clones\":[{\"psi\":\"[PsiElement(Py:INTEGER_LITERAL), PsiElement(Py:RPAR), PsiElement(Py:RPAR), PsiElement(Py:IDENTIFIER), PsiElement(Py:DOT), PsiElement(Py:IDENTIFIER), PsiElement(Py:LPAR)]\",\"text\":\"4))\\n\\nplt.subplot(\",\"position\":[3159,3175]},{\"psi\":\"[PsiElement(Py:INTEGER_LITERAL), PsiElement(Py:RPAR), PsiElement(Py:IDENTIFIER), PsiElement(Py:DOT), PsiElement(Py:IDENTIFIER), PsiElement(Py:LPAR)]\",\"text\":\"4)\\n    plt.imshow(\",\"position\":[7332,7349]}]},{\"clone_length\":7,\"clones\":[{\"psi\":\"[PsiElement(Py:LBRACKET), PsiElement(Py:IDENTIFIER), PsiElement(Py:LBRACKET), PsiElement(Py:INTEGER_LITERAL), PsiElement(Py:RBRACKET), PsiElement(Py:FOR_KEYWORD), PsiElement(Py:IDENTIFIER)]\",\"text\":\"[x[2] for x\",\"position\":[2837,2847]},{\"psi\":\"[PsiElement(Py:LBRACKET), PsiElement(Py:IDENTIFIER), PsiElement(Py:LBRACKET), PsiElement(Py:INTEGER_LITERAL), PsiElement(Py:RBRACKET), PsiElement(Py:FOR_KEYWORD), PsiElement(Py:IDENTIFIER)]\",\"text\":\"[x[2] for x\",\"position\":[3077,3087]}]},{\"clone_length\":7,\"clones\":[{\"psi\":\"[PsiElement(Py:LBRACKET), PsiElement(Py:IDENTIFIER), PsiElement(Py:LBRACKET), PsiElement(Py:INTEGER_LITERAL), PsiElement(Py:RBRACKET), PsiElement(Py:FOR_KEYWORD), PsiElement(Py:IDENTIFIER)]\",\"text\":\"[x[1] for x\",\"position\":[2759,2769]},{\"psi\":\"[PsiElement(Py:LBRACKET), PsiElement(Py:IDENTIFIER), PsiElement(Py:LBRACKET), PsiElement(Py:INTEGER_LITERAL), PsiElement(Py:RBRACKET), PsiElement(Py:FOR_KEYWORD), PsiElement(Py:IDENTIFIER)]\",\"text\":\"[x[1] for x\",\"position\":[2993,3003]}]},{\"clone_length\":7,\"clones\":[{\"psi\":\"[PsiElement(Py:LBRACKET), PsiElement(Py:IDENTIFIER), PsiElement(Py:LBRACKET), PsiElement(Py:INTEGER_LITERAL), PsiElement(Py:RBRACKET), PsiElement(Py:FOR_KEYWORD), PsiElement(Py:IDENTIFIER)]\",\"text\":\"[x[0] for x\",\"position\":[2686,2696]},{\"psi\":\"[PsiElement(Py:LBRACKET), PsiElement(Py:IDENTIFIER), PsiElement(Py:LBRACKET), PsiElement(Py:INTEGER_LITERAL), PsiElement(Py:RBRACKET), PsiElement(Py:FOR_KEYWORD), PsiElement(Py:IDENTIFIER)]\",\"text\":\"[x[0] for x\",\"position\":[2914,2924]}]},{\"clone_length\":2,\"clones\":[{\"psi\":\"[PsiElement(Py:LBRACKET), PsiElement(Py:IDENTIFIER)]\",\"text\":\"[x\",\"position\":[2382,2383]},{\"psi\":\"[PsiElement(Py:LBRACKET), PsiElement(Py:IDENTIFIER)]\",\"text\":\"[x\",\"position\":[4971,4972]},{\"psi\":\"[PsiElement(Py:LBRACKET), PsiElement(Py:IDENTIFIER)]\",\"text\":\"[x\",\"position\":[5043,5044]}]},{\"clone_length\":7,\"clones\":[{\"psi\":\"[PsiElement(Py:IDENTIFIER), PsiElement(Py:IN_KEYWORD), PsiElement(Py:IDENTIFIER), PsiElement(Py:LBRACKET), PsiElement(Py:INTEGER_LITERAL), PsiElement(Py:RBRACKET), PsiElement(Py:LBRACKET)]\",\"text\":\"x in cdropout_training_datas[0][\\u0027epoch_data\\u0027\",\"position\":[2924,2955]},{\"psi\":\"[PsiElement(Py:IDENTIFIER), PsiElement(Py:IN_KEYWORD), PsiElement(Py:IDENTIFIER), PsiElement(Py:LBRACKET), PsiElement(Py:INTEGER_LITERAL), PsiElement(Py:RBRACKET), PsiElement(Py:LBRACKET)]\",\"text\":\"x in cdropout_training_datas[0][\\u0027epoch_data\\u0027\",\"position\":[3003,3034]},{\"psi\":\"[PsiElement(Py:IDENTIFIER), PsiElement(Py:IN_KEYWORD), PsiElement(Py:IDENTIFIER), PsiElement(Py:LBRACKET), PsiElement(Py:INTEGER_LITERAL), PsiElement(Py:RBRACKET), PsiElement(Py:LBRACKET)]\",\"text\":\"x in cdropout_training_datas[0][\\u0027epoch_data\\u0027\",\"position\":[3087,3118]}]},{\"clone_length\":4,\"clones\":[{\"psi\":\"[PsiElement(Py:IDENTIFIER), PsiElement(Py:IN_KEYWORD), PsiElement(Py:IDENTIFIER), PsiElement(Py:LBRACKET)]\",\"text\":\"x in dropout_training_data[\\u0027epoch_data\\u0027\",\"position\":[2696,2722]},{\"psi\":\"[PsiElement(Py:IDENTIFIER), PsiElement(Py:IN_KEYWORD), PsiElement(Py:IDENTIFIER), PsiElement(Py:LBRACKET)]\",\"text\":\"x in dropout_training_data[\\u0027epoch_data\\u0027\",\"position\":[2769,2795]},{\"psi\":\"[PsiElement(Py:IDENTIFIER), PsiElement(Py:IN_KEYWORD), PsiElement(Py:IDENTIFIER), PsiElement(Py:LBRACKET)]\",\"text\":\"x in dropout_training_data[\\u0027epoch_data\\u0027\",\"position\":[2847,2873]}]},{\"clone_length\":4,\"clones\":[{\"psi\":\"[PsiElement(Py:IDENTIFIER), PsiElement(Py:DOT), PsiElement(Py:IDENTIFIER), PsiElement(Py:LPAR)]\",\"text\":\"nn.NLLLoss2d(\",\"position\":[3987,3999]},{\"psi\":\"[PsiElement(Py:IDENTIFIER), PsiElement(Py:DOT), PsiElement(Py:IDENTIFIER), PsiElement(Py:DOT), PsiElement(Py:IDENTIFIER), PsiElement(Py:LPAR)]\",\"text\":\"nn.functional.softmax(\",\"position\":[6808,6829]},{\"psi\":\"[PsiElement(Py:IDENTIFIER), PsiElement(Py:DOT), PsiElement(Py:IDENTIFIER), PsiElement(Py:DOT), PsiElement(Py:IDENTIFIER), PsiElement(Py:LPAR)]\",\"text\":\"nn.functional.softmax(\",\"position\":[7127,7148]}]},{\"clone_length\":6,\"clones\":[{\"psi\":\"[PsiElement(Py:IDENTIFIER), PsiElement(Py:DOT), PsiElement(Py:IDENTIFIER), PsiElement(Py:LPAR), PsiElement(Py:LBRACKET), PsiElement(Py:IDENTIFIER)]\",\"text\":\"np.concatenate([x\",\"position\":[4956,4972]},{\"psi\":\"[PsiElement(Py:IDENTIFIER), PsiElement(Py:DOT), PsiElement(Py:IDENTIFIER), PsiElement(Py:LPAR), PsiElement(Py:LBRACKET), PsiElement(Py:IDENTIFIER)]\",\"text\":\"np.concatenate([x\",\"position\":[5028,5044]}]},{\"clone_length\":4,\"clones\":[{\"psi\":\"[PsiElement(Py:IDENTIFIER), PsiElement(Py:DOT), PsiElement(Py:IDENTIFIER), PsiElement(Py:LPAR)]\",\"text\":\"np.array(\",\"position\":[6404,6412]},{\"psi\":\"[PsiElement(Py:IDENTIFIER), PsiElement(Py:DOT), PsiElement(Py:IDENTIFIER), PsiElement(Py:LPAR)]\",\"text\":\"np.array(\",\"position\":[6468,6476]},{\"psi\":\"[PsiElement(Py:IDENTIFIER), PsiElement(Py:DOT), PsiElement(Py:IDENTIFIER), PsiElement(Py:LPAR)]\",\"text\":\"np.array(\",\"position\":[7263,7271]}]},{\"clone_length\":1,\"clones\":[{\"psi\":\"[PsiElement(Py:IDENTIFIER)]\",\"text\":\"np\",\"position\":[7263,7263]},{\"psi\":\"[PsiElement(Py:IDENTIFIER)]\",\"text\":\"np\",\"position\":[7263,7263]}]},{\"clone_length\":1,\"clones\":[{\"psi\":\"[PsiElement(Py:IDENTIFIER)]\",\"text\":\"plt\",\"position\":[2279,2279]},{\"psi\":\"[PsiElement(Py:IDENTIFIER)]\",\"text\":\"plt\",\"position\":[3164,3164]},{\"psi\":\"[PsiElement(Py:IDENTIFIER)]\",\"text\":\"plt\",\"position\":[3502,3502]},{\"psi\":\"[PsiElement(Py:IDENTIFIER)]\",\"text\":\"plt\",\"position\":[2448,2448]},{\"psi\":\"[PsiElement(Py:IDENTIFIER)]\",\"text\":\"plt\",\"position\":[2627,2627]},{\"psi\":\"[PsiElement(Py:IDENTIFIER)]\",\"text\":\"plt\",\"position\":[3186,3186]},{\"psi\":\"[PsiElement(Py:IDENTIFIER)]\",\"text\":\"plt\",\"position\":[3245,3245]},{\"psi\":\"[PsiElement(Py:IDENTIFIER)]\",\"text\":\"plt\",\"position\":[3474,3474]},{\"psi\":\"[PsiElement(Py:IDENTIFIER)]\",\"text\":\"plt\",\"position\":[6045,6045]},{\"psi\":\"[PsiElement(Py:IDENTIFIER)]\",\"text\":\"plt\",\"position\":[6596,6596]},{\"psi\":\"[PsiElement(Py:IDENTIFIER)]\",\"text\":\"plt\",\"position\":[7339,7339]},{\"psi\":\"[PsiElement(Py:IDENTIFIER)]\",\"text\":\"plt\",\"position\":[7367,7367]},{\"psi\":\"[PsiElement(Py:IDENTIFIER)]\",\"text\":\"plt\",\"position\":[2478,2478]},{\"psi\":\"[PsiElement(Py:IDENTIFIER)]\",\"text\":\"plt\",\"position\":[2526,2526]},{\"psi\":\"[PsiElement(Py:IDENTIFIER)]\",\"text\":\"plt\",\"position\":[3435,3435]},{\"psi\":\"[PsiElement(Py:IDENTIFIER)]\",\"text\":\"plt\",\"position\":[2157,2157]},{\"psi\":\"[PsiElement(Py:IDENTIFIER)]\",\"text\":\"plt\",\"position\":[3135,3135]},{\"psi\":\"[PsiElement(Py:IDENTIFIER)]\",\"text\":\"plt\",\"position\":[5405,5405]},{\"psi\":\"[PsiElement(Py:IDENTIFIER)]\",\"text\":\"plt\",\"position\":[6512,6512]},{\"psi\":\"[PsiElement(Py:IDENTIFIER)]\",\"text\":\"plt\",\"position\":[6961,6961]},{\"psi\":\"[PsiElement(Py:IDENTIFIER)]\",\"text\":\"plt\",\"position\":[3690,3690]},{\"psi\":\"[PsiElement(Py:IDENTIFIER)]\",\"text\":\"plt\",\"position\":[3777,3777]},{\"psi\":\"[PsiElement(Py:IDENTIFIER)]\",\"text\":\"plt\",\"position\":[6718,6718]},{\"psi\":\"[PsiElement(Py:IDENTIFIER)]\",\"text\":\"plt\",\"position\":[3363,3363]},{\"psi\":\"[PsiElement(Py:IDENTIFIER)]\",\"text\":\"plt\",\"position\":[2582,2582]},{\"psi\":\"[PsiElement(Py:IDENTIFIER)]\",\"text\":\"plt\",\"position\":[5481,5481]},{\"psi\":\"[PsiElement(Py:IDENTIFIER)]\",\"text\":\"plt\",\"position\":[6936,6936]},{\"psi\":\"[PsiElement(Py:IDENTIFIER)]\",\"text\":\"plt\",\"position\":[6664,6664]},{\"psi\":\"[PsiElement(Py:IDENTIFIER)]\",\"text\":\"plt\",\"position\":[6546,6546]},{\"psi\":\"[PsiElement(Py:IDENTIFIER)]\",\"text\":\"plt\",\"position\":[7314,7314]},{\"psi\":\"[PsiElement(Py:IDENTIFIER)]\",\"text\":\"plt\",\"position\":[2555,2555]},{\"psi\":\"[PsiElement(Py:IDENTIFIER)]\",\"text\":\"plt\",\"position\":[5971,5971]},{\"psi\":\"[PsiElement(Py:IDENTIFIER)]\",\"text\":\"plt\",\"position\":[6154,6154]},{\"psi\":\"[PsiElement(Py:IDENTIFIER)]\",\"text\":\"plt\",\"position\":[3456,3456]},{\"psi\":\"[PsiElement(Py:IDENTIFIER)]\",\"text\":\"plt\",\"position\":[3894,3894]},{\"psi\":\"[PsiElement(Py:IDENTIFIER)]\",\"text\":\"plt\",\"position\":[6120,6120]},{\"psi\":\"[PsiElement(Py:IDENTIFIER)]\",\"text\":\"plt\",\"position\":[3422,3422]},{\"psi\":\"[PsiElement(Py:IDENTIFIER)]\",\"text\":\"plt\",\"position\":[2599,2599]},{\"psi\":\"[PsiElement(Py:IDENTIFIER)]\",\"text\":\"plt\",\"position\":[3862,3862]},{\"psi\":\"[PsiElement(Py:IDENTIFIER)]\",\"text\":\"plt\",\"position\":[6134,6134]},{\"psi\":\"[PsiElement(Py:IDENTIFIER)]\",\"text\":\"plt\",\"position\":[7397,7397]},{\"psi\":\"[PsiElement(Py:IDENTIFIER)]\",\"text\":\"plt\",\"position\":[5912,5912]},{\"psi\":\"[PsiElement(Py:IDENTIFIER)]\",\"text\":\"plt\",\"position\":[6689,6689]},{\"psi\":\"[PsiElement(Py:IDENTIFIER)]\",\"text\":\"plt\",\"position\":[3302,3302]},{\"psi\":\"[PsiElement(Py:IDENTIFIER)]\",\"text\":\"plt\",\"position\":[3875,3875]},{\"psi\":\"[PsiElement(Py:IDENTIFIER)]\",\"text\":\"plt\",\"position\":[6011,6011]},{\"psi\":\"[PsiElement(Py:IDENTIFIER)]\",\"text\":\"plt\",\"position\":[3939,3939]},{\"psi\":\"[PsiElement(Py:IDENTIFIER)]\",\"text\":\"plt\",\"position\":[6074,6074]},{\"psi\":\"[PsiElement(Py:IDENTIFIER)]\",\"text\":\"plt\",\"position\":[3524,3524]},{\"psi\":\"[PsiElement(Py:IDENTIFIER)]\",\"text\":\"plt\",\"position\":[3608,3608]},{\"psi\":\"[PsiElement(Py:IDENTIFIER)]\",\"text\":\"plt\",\"position\":[3912,3912]},{\"psi\":\"[PsiElement(Py:IDENTIFIER)]\",\"text\":\"plt\",\"position\":[6571,6571]},{\"psi\":\"[PsiElement(Py:IDENTIFIER)]\",\"text\":\"plt\",\"position\":[6984,6984]},{\"psi\":\"[PsiElement(Py:IDENTIFIER)]\",\"text\":\"plt\",\"position\":[2279,2279]},{\"psi\":\"[PsiElement(Py:IDENTIFIER)]\",\"text\":\"plt\",\"position\":[5481,5481]}]},{\"clone_length\":5,\"clones\":[{\"psi\":\"[PsiElement(Py:IDENTIFIER), PsiElement(Py:DOT), PsiElement(Py:IDENTIFIER), PsiElement(Py:LPAR), PsiElement(Py:INTEGER_LITERAL)]\",\"text\":\"plt.subplot(1\",\"position\":[2279,2291]},{\"psi\":\"[PsiElement(Py:IDENTIFIER), PsiElement(Py:DOT), PsiElement(Py:IDENTIFIER), PsiElement(Py:LPAR), PsiElement(Py:INTEGER_LITERAL)]\",\"text\":\"plt.subplot(1\",\"position\":[3164,3176]},{\"psi\":\"[PsiElement(Py:IDENTIFIER), PsiElement(Py:DOT), PsiElement(Py:IDENTIFIER), PsiElement(Py:LPAR), PsiElement(Py:INTEGER_LITERAL)]\",\"text\":\"plt.subplot(1\",\"position\":[3502,3514]}]},{\"clone_length\":7,\"clones\":[{\"psi\":\"[PsiElement(Py:IDENTIFIER), PsiElement(Py:DOT), PsiElement(Py:IDENTIFIER), PsiElement(Py:LPAR), PsiElement(Py:INTEGER_LITERAL), PsiElement(Py:COMMA), PsiElement(Py:INTEGER_LITERAL)]\",\"text\":\"plt.subplot(1, 2\",\"position\":[3164,3179]},{\"psi\":\"[PsiElement(Py:IDENTIFIER), PsiElement(Py:DOT), PsiElement(Py:IDENTIFIER), PsiElement(Py:LPAR), PsiElement(Py:INTEGER_LITERAL), PsiElement(Py:COMMA), PsiElement(Py:INTEGER_LITERAL)]\",\"text\":\"plt.subplot(1, 2\",\"position\":[3502,3517]}]},{\"clone_length\":6,\"clones\":[{\"psi\":\"[PsiElement(Py:IDENTIFIER), PsiElement(Py:DOT), PsiElement(Py:IDENTIFIER), PsiElement(Py:LPAR), PsiElement(Py:RPAR), PsiElement(Py:IDENTIFIER)]\",\"text\":\"plt.show()\\n# [___CELL_SEPARATOR___]\\ndropout_train_scores\",\"position\":[2627,2663]},{\"psi\":\"[PsiElement(Py:IDENTIFIER), PsiElement(Py:DOT), PsiElement(Py:IDENTIFIER), PsiElement(Py:LPAR), PsiElement(Py:IDENTIFIER)]\",\"text\":\"plt.plot(dropout_train_scores\",\"position\":[3186,3195]}]},{\"clone_length\":9,\"clones\":[{\"psi\":\"[PsiElement(Py:IDENTIFIER), PsiElement(Py:DOT), PsiElement(Py:IDENTIFIER), PsiElement(Py:LPAR), PsiElement(Py:RPAR), PsiElement(Py:IDENTIFIER), PsiElement(Py:DOT), PsiElement(Py:IDENTIFIER), PsiElement(Py:LPAR)]\",\"text\":\"plt.xlabel(\\u0027#epoch\\u0027)\\n        plt.ylim(\",\"position\":[2526,2563]},{\"psi\":\"[PsiElement(Py:IDENTIFIER), PsiElement(Py:DOT), PsiElement(Py:IDENTIFIER), PsiElement(Py:LPAR), PsiElement(Py:RPAR), PsiElement(Py:IDENTIFIER), PsiElement(Py:DOT), PsiElement(Py:IDENTIFIER), PsiElement(Py:LPAR)]\",\"text\":\"plt.xlabel(\\u0027#epoch\\u0027)\\nplt.ylabel(\",\"position\":[3435,3466]}]},{\"clone_length\":7,\"clones\":[{\"psi\":\"[PsiElement(Py:IDENTIFIER), PsiElement(Py:DOT), PsiElement(Py:IDENTIFIER), PsiElement(Py:LPAR), PsiElement(Py:IDENTIFIER), PsiElement(Py:EQ), PsiElement(Py:LPAR)]\",\"text\":\"plt.figure(figsize\\u003d(\",\"position\":[2157,2176]},{\"psi\":\"[PsiElement(Py:IDENTIFIER), PsiElement(Py:DOT), PsiElement(Py:IDENTIFIER), PsiElement(Py:LPAR), PsiElement(Py:IDENTIFIER), PsiElement(Py:EQ), PsiElement(Py:LPAR)]\",\"text\":\"plt.figure(figsize\\u003d(\",\"position\":[3135,3154]},{\"psi\":\"[PsiElement(Py:IDENTIFIER), PsiElement(Py:DOT), PsiElement(Py:IDENTIFIER), PsiElement(Py:LPAR), PsiElement(Py:IDENTIFIER), PsiElement(Py:EQ), PsiElement(Py:LPAR)]\",\"text\":\"plt.figure(figsize\\u003d(\",\"position\":[5405,5424]},{\"psi\":\"[PsiElement(Py:IDENTIFIER), PsiElement(Py:DOT), PsiElement(Py:IDENTIFIER), PsiElement(Py:LPAR), PsiElement(Py:IDENTIFIER), PsiElement(Py:EQ), PsiElement(Py:LPAR)]\",\"text\":\"plt.figure(figsize\\u003d(\",\"position\":[6512,6531]}]},{\"clone_length\":8,\"clones\":[{\"psi\":\"[PsiElement(Py:IDENTIFIER), PsiElement(Py:DOT), PsiElement(Py:IDENTIFIER), PsiElement(Py:LPAR), PsiElement(Py:IDENTIFIER), PsiElement(Py:EQ), PsiElement(Py:LPAR), PsiElement(Py:INTEGER_LITERAL)]\",\"text\":\"plt.figure(figsize\\u003d(15\",\"position\":[2157,2177]},{\"psi\":\"[PsiElement(Py:IDENTIFIER), PsiElement(Py:DOT), PsiElement(Py:IDENTIFIER), PsiElement(Py:LPAR), PsiElement(Py:IDENTIFIER), PsiElement(Py:EQ), PsiElement(Py:LPAR), PsiElement(Py:INTEGER_LITERAL)]\",\"text\":\"plt.figure(figsize\\u003d(15\",\"position\":[3135,3155]},{\"psi\":\"[PsiElement(Py:IDENTIFIER), PsiElement(Py:DOT), PsiElement(Py:IDENTIFIER), PsiElement(Py:LPAR), PsiElement(Py:IDENTIFIER), PsiElement(Py:EQ), PsiElement(Py:LPAR), PsiElement(Py:INTEGER_LITERAL)]\",\"text\":\"plt.figure(figsize\\u003d(15\",\"position\":[5405,5425]}]},{\"clone_length\":5,\"clones\":[{\"psi\":\"[PsiElement(Py:IDENTIFIER), PsiElement(Py:DOT), PsiElement(Py:IDENTIFIER), PsiElement(Py:LPAR), PsiElement(Py:IDENTIFIER)]\",\"text\":\"plt.plot(cdropout_execution_times\",\"position\":[3690,3699]},{\"psi\":\"[PsiElement(Py:IDENTIFIER), PsiElement(Py:DOT), PsiElement(Py:IDENTIFIER), PsiElement(Py:LPAR), PsiElement(Py:IDENTIFIER)]\",\"text\":\"plt.plot(cdropout_execution_times\",\"position\":[3777,3786]}]},{\"clone_length\":6,\"clones\":[{\"psi\":\"[PsiElement(Py:IDENTIFIER), PsiElement(Py:DOT), PsiElement(Py:IDENTIFIER), PsiElement(Py:LPAR), PsiElement(Py:LBRACKET), PsiElement(Py:INTEGER_LITERAL)]\",\"text\":\"plt.ylim([0\",\"position\":[2555,2565]},{\"psi\":\"[PsiElement(Py:IDENTIFIER), PsiElement(Py:DOT), PsiElement(Py:IDENTIFIER), PsiElement(Py:LPAR), PsiElement(Py:LBRACKET), PsiElement(Py:INTEGER_LITERAL)]\",\"text\":\"plt.plot([0\",\"position\":[5971,5981]}]},{\"clone_length\":9,\"clones\":[{\"psi\":\"[PsiElement(Py:IDENTIFIER), PsiElement(Py:DOT), PsiElement(Py:IDENTIFIER), PsiElement(Py:LPAR), PsiElement(Py:RPAR), PsiElement(Py:IDENTIFIER), PsiElement(Py:DOT), PsiElement(Py:IDENTIFIER), PsiElement(Py:LPAR)]\",\"text\":\"plt.ylabel(\\u0027IoU\\u0027)\\nplt.title(\",\"position\":[3456,3483]},{\"psi\":\"[PsiElement(Py:IDENTIFIER), PsiElement(Py:DOT), PsiElement(Py:IDENTIFIER), PsiElement(Py:LPAR), PsiElement(Py:RPAR), PsiElement(Py:IDENTIFIER), PsiElement(Py:DOT), PsiElement(Py:IDENTIFIER), PsiElement(Py:LPAR)]\",\"text\":\"plt.ylabel(\\u0027IoU\\u0027)\\nplt.title(\",\"position\":[3894,3921]}]},{\"clone_length\":5,\"clones\":[{\"psi\":\"[PsiElement(Py:IDENTIFIER), PsiElement(Py:DOT), PsiElement(Py:IDENTIFIER), PsiElement(Py:LPAR), PsiElement(Py:IDENTIFIER)]\",\"text\":\"plt.plot(dropout_execution_times\",\"position\":[3524,3533]},{\"psi\":\"[PsiElement(Py:IDENTIFIER), PsiElement(Py:DOT), PsiElement(Py:IDENTIFIER), PsiElement(Py:LPAR), PsiElement(Py:IDENTIFIER)]\",\"text\":\"plt.plot(dropout_execution_times\",\"position\":[3608,3617]}]},{\"clone_length\":4,\"clones\":[{\"psi\":\"[PsiElement(Py:IDENTIFIER), PsiElement(Py:DOT), PsiElement(Py:IDENTIFIER), PsiElement(Py:LPAR)]\",\"text\":\"plt.subplot(\",\"position\":[2279,2290]},{\"psi\":\"[PsiElement(Py:IDENTIFIER), PsiElement(Py:DOT), PsiElement(Py:IDENTIFIER), PsiElement(Py:LPAR)]\",\"text\":\"plt.subplot(\",\"position\":[5481,5492]}]},{\"clone_length\":3,\"clones\":[{\"psi\":\"[PsiElement(Py:IDENTIFIER), PsiElement(Py:EQ), PsiElement(Py:IDENTIFIER)]\",\"text\":\"model \\u003d model\",\"position\":[1548,1556]},{\"psi\":\"[PsiElement(Py:IDENTIFIER)]\",\"text\":\"model\",\"position\":[1467,1467]},{\"psi\":\"[PsiElement(Py:IDENTIFIER), PsiElement(Py:EQ), PsiElement(Py:IDENTIFIER)]\",\"text\":\"model \\u003d model\",\"position\":[1548,1556]},{\"psi\":\"[PsiElement(Py:IDENTIFIER)]\",\"text\":\"model\",\"position\":[1954,1954]}]},{\"clone_length\":4,\"clones\":[{\"psi\":\"[PsiElement(Py:IDENTIFIER), PsiElement(Py:DOT), PsiElement(Py:IDENTIFIER), PsiElement(Py:LPAR)]\",\"text\":\"model.load_state_dict(\",\"position\":[1467,1488]},{\"psi\":\"[PsiElement(Py:IDENTIFIER), PsiElement(Py:EQ), PsiElement(Py:IDENTIFIER), PsiElement(Py:DOT), PsiElement(Py:IDENTIFIER), PsiElement(Py:LPAR)]\",\"text\":\"model \\u003d model.cuda(\",\"position\":[1548,1566]}]},{\"clone_length\":1,\"clones\":[{\"psi\":\"[PsiElement(Py:IDENTIFIER)]\",\"text\":\"image\",\"position\":[6337,6337]},{\"psi\":\"[PsiElement(Py:IDENTIFIER)]\",\"text\":\"image\",\"position\":[6337,6337]}]},{\"clone_length\":4,\"clones\":[{\"psi\":\"[PsiElement(Py:IDENTIFIER), PsiElement(Py:RPAR), PsiElement(Py:COLON), PsiElement(Py:IDENTIFIER)]\",\"text\":\"dropout_data):\\n\\n    model\",\"position\":[1382,1402]},{\"psi\":\"[PsiElement(Py:IDENTIFIER), PsiElement(Py:RPAR), PsiElement(Py:IDENTIFIER)]\",\"text\":\"dropout_data)\\n\\n    model\",\"position\":[1448,1467]}]},{\"clone_length\":5,\"clones\":[{\"psi\":\"[PsiElement(Py:IDENTIFIER), PsiElement(Py:DOT), PsiElement(Py:IDENTIFIER), PsiElement(Py:IMPORT_KEYWORD), PsiElement(Py:IDENTIFIER)]\",\"text\":\"utils.imgs\\nimport utils\",\"position\":[356,374]},{\"psi\":\"[PsiElement(Py:IDENTIFIER), PsiElement(Py:DOT), PsiElement(Py:IDENTIFIER), PsiElement(Py:IMPORT_KEYWORD), PsiElement(Py:IDENTIFIER)]\",\"text\":\"utils.imgs\\nimport utils\",\"position\":[356,374]}]},{\"clone_length\":8,\"clones\":[{\"psi\":\"[PsiElement(Py:IDENTIFIER), PsiElement(Py:DOT), PsiElement(Py:IDENTIFIER), PsiElement(Py:DOT), PsiElement(Py:IDENTIFIER), PsiElement(Py:DOT), PsiElement(Py:IDENTIFIER), PsiElement(Py:LPAR)]\",\"text\":\"torch.utils.data.DataLoader(\",\"position\":[960,987]},{\"psi\":\"[PsiElement(Py:IDENTIFIER), PsiElement(Py:DOT), PsiElement(Py:IDENTIFIER), PsiElement(Py:LPAR)]\",\"text\":\"torch.load(\",\"position\":[1489,1499]}]},{\"clone_length\":1,\"clones\":[{\"psi\":\"[PsiElement(Py:IDENTIFIER)]\",\"text\":\"torch\",\"position\":[960,960]},{\"psi\":\"[PsiElement(Py:IDENTIFIER)]\",\"text\":\"torch\",\"position\":[960,960]}]},{\"clone_length\":3,\"clones\":[{\"psi\":\"[PsiElement(Py:IDENTIFIER), PsiElement(Py:EQ), PsiElement(Py:IDENTIFIER)]\",\"text\":\"ground_truth \\u003d ground_truth\",\"position\":[6620,6635]},{\"psi\":\"[PsiElement(Py:IDENTIFIER), PsiElement(Py:EQ), PsiElement(Py:IDENTIFIER)]\",\"text\":\"ground_truth \\u003d ground_truth\",\"position\":[6620,6635]}]},{\"clone_length\":15,\"clones\":[{\"psi\":\"[PsiElement(Py:IDENTIFIER), PsiElement(Py:COMMA), PsiElement(Py:COMMA), PsiElement(Py:IDENTIFIER), PsiElement(Py:EQ), PsiElement(Py:RPAR), PsiElement(Py:IDENTIFIER), PsiElement(Py:DOT), PsiElement(Py:IDENTIFIER), PsiElement(Py:LPAR), PsiElement(Py:RPAR), PsiElement(Py:IDENTIFIER), PsiElement(Py:DOT), PsiElement(Py:IDENTIFIER), PsiElement(Py:LPAR)]\",\"text\":\"cdropout_val_scores, \\u0027b--\\u0027, label\\u003d\\u0027cdropout val\\u0027)\\nplt.legend()\\nplt.xlabel(\",\"position\":[3372,3445]},{\"psi\":\"[PsiElement(Py:IDENTIFIER), PsiElement(Py:COMMA), PsiElement(Py:COMMA), PsiElement(Py:IDENTIFIER), PsiElement(Py:EQ), PsiElement(Py:RPAR), PsiElement(Py:IDENTIFIER), PsiElement(Py:DOT), PsiElement(Py:IDENTIFIER), PsiElement(Py:LPAR), PsiElement(Py:RPAR), PsiElement(Py:IDENTIFIER), PsiElement(Py:DOT), PsiElement(Py:IDENTIFIER), PsiElement(Py:LPAR)]\",\"text\":\"cdropout_val_scores, \\u0027b--\\u0027, label\\u003d\\u0027cdropout val\\u0027)\\nplt.legend()\\nplt.xlabel(\",\"position\":[3812,3885]}]},{\"clone_length\":6,\"clones\":[{\"psi\":\"[PsiElement(Py:RBRACKET), PsiElement(Py:RBRACKET), PsiElement(Py:IDENTIFIER), PsiElement(Py:DOT), PsiElement(Py:IDENTIFIER), PsiElement(Py:LPAR)]\",\"text\":\"\\u0027epoch_data\\u0027]]\\n\\n        plt.plot(\",\"position\":[2436,2456]},{\"psi\":\"[PsiElement(Py:RBRACKET), PsiElement(Py:RBRACKET), PsiElement(Py:IDENTIFIER), PsiElement(Py:DOT), PsiElement(Py:IDENTIFIER), PsiElement(Py:LPAR)]\",\"text\":\"\\u0027epoch_data\\u0027]]\\n\\nplt.figure(\",\"position\":[3131,3145]}]},{\"clone_length\":10,\"clones\":[{\"psi\":\"[PsiElement(Py:IDENTIFIER), PsiElement(Py:COMMA), PsiElement(Py:COMMA), PsiElement(Py:IDENTIFIER), PsiElement(Py:EQ), PsiElement(Py:RPAR), PsiElement(Py:IDENTIFIER), PsiElement(Py:DOT), PsiElement(Py:IDENTIFIER), PsiElement(Py:LPAR)]\",\"text\":\"cdropout_train_scores, \\u0027b\\u0027, label\\u003d\\u0027cdropout train\\u0027)\\nplt.plot(\",\"position\":[3311,3371]},{\"psi\":\"[PsiElement(Py:IDENTIFIER), PsiElement(Py:COMMA), PsiElement(Py:COMMA), PsiElement(Py:IDENTIFIER), PsiElement(Py:EQ), PsiElement(Py:RPAR), PsiElement(Py:IDENTIFIER), PsiElement(Py:DOT), PsiElement(Py:IDENTIFIER), PsiElement(Py:LPAR)]\",\"text\":\"cdropout_train_scores, \\u0027b\\u0027, label\\u003d\\u0027cdropout train\\u0027)\\nplt.plot(\",\"position\":[3725,3785]}]},{\"clone_length\":4,\"clones\":[{\"psi\":\"[PsiElement(Py:IDENTIFIER), PsiElement(Py:DOT), PsiElement(Py:IDENTIFIER), PsiElement(Py:LPAR)]\",\"text\":\"train_utils.test(\",\"position\":[4022,4038]},{\"psi\":\"[PsiElement(Py:IDENTIFIER), PsiElement(Py:DOT), PsiElement(Py:IDENTIFIER), PsiElement(Py:LPAR)]\",\"text\":\"train_utils.test(\",\"position\":[4214,4230]},{\"psi\":\"[PsiElement(Py:IDENTIFIER), PsiElement(Py:DOT), PsiElement(Py:IDENTIFIER), PsiElement(Py:LPAR)]\",\"text\":\"train_utils.test(\",\"position\":[4417,4433]},{\"psi\":\"[PsiElement(Py:IDENTIFIER), PsiElement(Py:DOT), PsiElement(Py:IDENTIFIER), PsiElement(Py:LPAR)]\",\"text\":\"train_utils._set_dropout_state(\",\"position\":[6749,6779]},{\"psi\":\"[PsiElement(Py:IDENTIFIER), PsiElement(Py:DOT), PsiElement(Py:IDENTIFIER), PsiElement(Py:LPAR)]\",\"text\":\"train_utils._set_dropout_state(\",\"position\":[7012,7042]}]},{\"clone_length\":14,\"clones\":[{\"psi\":\"[PsiElement(Py:IDENTIFIER), PsiElement(Py:DOT), PsiElement(Py:IDENTIFIER), PsiElement(Py:LPAR), PsiElement(Py:IDENTIFIER), PsiElement(Py:LBRACKET), PsiElement(Py:INTEGER_LITERAL), PsiElement(Py:RBRACKET), PsiElement(Py:COMMA), PsiElement(Py:IDENTIFIER), PsiElement(Py:COMMA), PsiElement(Py:IDENTIFIER), PsiElement(Py:COMMA), PsiElement(Py:IDENTIFIER)]\",\"text\":\"train_utils.test(cdropout_models[0], test_loader, criterion,\\n                                     gpu_id\",\"position\":[4214,4312]},{\"psi\":\"[PsiElement(Py:IDENTIFIER), PsiElement(Py:DOT), PsiElement(Py:IDENTIFIER), PsiElement(Py:LPAR), PsiElement(Py:IDENTIFIER), PsiElement(Py:LBRACKET), PsiElement(Py:INTEGER_LITERAL), PsiElement(Py:RBRACKET), PsiElement(Py:COMMA), PsiElement(Py:IDENTIFIER), PsiElement(Py:COMMA), PsiElement(Py:IDENTIFIER), PsiElement(Py:COMMA), PsiElement(Py:IDENTIFIER)]\",\"text\":\"train_utils.test(cdropout_models[0], test_loader, criterion,\\n                                        gpu_id\",\"position\":[4417,4518]}]},{\"clone_length\":5,\"clones\":[{\"psi\":\"[PsiElement(Py:IDENTIFIER), PsiElement(Py:DOT), PsiElement(Py:IDENTIFIER), PsiElement(Py:LPAR), PsiElement(Py:IDENTIFIER)]\",\"text\":\"train_utils._set_dropout_state(model\",\"position\":[6749,6780]},{\"psi\":\"[PsiElement(Py:IDENTIFIER), PsiElement(Py:DOT), PsiElement(Py:IDENTIFIER), PsiElement(Py:LPAR), PsiElement(Py:IDENTIFIER)]\",\"text\":\"train_utils._set_dropout_state(model\",\"position\":[7012,7043]}]},{\"clone_length\":10,\"clones\":[{\"psi\":\"[PsiElement(Py:IDENTIFIER), PsiElement(Py:DOT), PsiElement(Py:IDENTIFIER), PsiElement(Py:LPAR), PsiElement(Py:IDENTIFIER), PsiElement(Py:LBRACKET), PsiElement(Py:INTEGER_LITERAL), PsiElement(Py:RBRACKET), PsiElement(Py:COMMA), PsiElement(Py:IDENTIFIER)]\",\"text\":\"train_utils.test(cdropout_models[0], test_loader\",\"position\":[4214,4251]},{\"psi\":\"[PsiElement(Py:IDENTIFIER), PsiElement(Py:DOT), PsiElement(Py:IDENTIFIER), PsiElement(Py:LPAR), PsiElement(Py:IDENTIFIER), PsiElement(Py:LBRACKET), PsiElement(Py:INTEGER_LITERAL), PsiElement(Py:RBRACKET), PsiElement(Py:COMMA), PsiElement(Py:IDENTIFIER)]\",\"text\":\"train_utils.test(cdropout_models[0], test_loader\",\"position\":[4417,4454]},{\"psi\":\"[PsiElement(Py:IDENTIFIER), PsiElement(Py:DOT), PsiElement(Py:IDENTIFIER), PsiElement(Py:LPAR), PsiElement(Py:IDENTIFIER), PsiElement(Py:LBRACKET), PsiElement(Py:INTEGER_LITERAL), PsiElement(Py:RBRACKET), PsiElement(Py:COMMA), PsiElement(Py:IDENTIFIER)]\",\"text\":\"train_utils.predict(cdropout_models[0], test_loader\",\"position\":[4735,4775]},{\"psi\":\"[PsiElement(Py:IDENTIFIER), PsiElement(Py:DOT), PsiElement(Py:IDENTIFIER), PsiElement(Py:LPAR), PsiElement(Py:IDENTIFIER), PsiElement(Py:LBRACKET), PsiElement(Py:INTEGER_LITERAL), PsiElement(Py:RBRACKET), PsiElement(Py:COMMA), PsiElement(Py:IDENTIFIER)]\",\"text\":\"train_utils.predict(cdropout_models[0], test_loader\",\"position\":[4825,4865]}]},{\"clone_length\":12,\"clones\":[{\"psi\":\"[PsiElement(Py:IDENTIFIER), PsiElement(Py:DOT), PsiElement(Py:IDENTIFIER), PsiElement(Py:LPAR), PsiElement(Py:IDENTIFIER), PsiElement(Py:LBRACKET), PsiElement(Py:INTEGER_LITERAL), PsiElement(Py:RBRACKET), PsiElement(Py:COMMA), PsiElement(Py:IDENTIFIER), PsiElement(Py:COMMA), PsiElement(Py:IDENTIFIER)]\",\"text\":\"train_utils.predict(cdropout_models[0], test_loader, gpu_id\",\"position\":[4735,4788]},{\"psi\":\"[PsiElement(Py:IDENTIFIER), PsiElement(Py:DOT), PsiElement(Py:IDENTIFIER), PsiElement(Py:LPAR), PsiElement(Py:IDENTIFIER), PsiElement(Py:LBRACKET), PsiElement(Py:INTEGER_LITERAL), PsiElement(Py:RBRACKET), PsiElement(Py:COMMA), PsiElement(Py:IDENTIFIER), PsiElement(Py:COMMA), PsiElement(Py:IDENTIFIER)]\",\"text\":\"train_utils.predict(cdropout_models[0], test_loader, gpu_id\",\"position\":[4825,4878]}]},{\"clone_length\":7,\"clones\":[{\"psi\":\"[PsiElement(Py:IDENTIFIER), PsiElement(Py:DOT), PsiElement(Py:IDENTIFIER), PsiElement(Py:LPAR), PsiElement(Py:IDENTIFIER), PsiElement(Py:COMMA), PsiElement(Py:IDENTIFIER)]\",\"text\":\"train_utils.test(dropout_model, test_loader\",\"position\":[4022,4054]},{\"psi\":\"[PsiElement(Py:IDENTIFIER), PsiElement(Py:DOT), PsiElement(Py:IDENTIFIER), PsiElement(Py:LPAR), PsiElement(Py:IDENTIFIER), PsiElement(Py:COMMA), PsiElement(Py:IDENTIFIER)]\",\"text\":\"train_utils.predict(dropout_model, test_loader\",\"position\":[4653,4688]}]},{\"clone_length\":20,\"clones\":[{\"psi\":\"[PsiElement(Py:IDENTIFIER), PsiElement(Py:EQ), PsiElement(Py:IDENTIFIER), PsiElement(Py:MULT), PsiElement(Py:IDENTIFIER), PsiElement(Py:DOT), PsiElement(Py:IDENTIFIER), PsiElement(Py:LPAR), PsiElement(Py:IDENTIFIER), PsiElement(Py:DOT), PsiElement(Py:IDENTIFIER), PsiElement(Py:RPAR), PsiElement(Py:DOT), PsiElement(Py:IDENTIFIER), PsiElement(Py:LPAR), PsiElement(Py:INTEGER_LITERAL), PsiElement(Py:COMMA), PsiElement(Py:INTEGER_LITERAL), PsiElement(Py:COMMA), PsiElement(Py:INTEGER_LITERAL)]\",\"text\":\"np_image \\u003d np_image*np.array(camvid.std).reshape(1, 1, 3\",\"position\":[6384,6439]},{\"psi\":\"[PsiElement(Py:IDENTIFIER), PsiElement(Py:EQ), PsiElement(Py:IDENTIFIER), PsiElement(Py:PLUS), PsiElement(Py:IDENTIFIER), PsiElement(Py:DOT), PsiElement(Py:IDENTIFIER), PsiElement(Py:LPAR), PsiElement(Py:IDENTIFIER), PsiElement(Py:DOT), PsiElement(Py:IDENTIFIER), PsiElement(Py:RPAR), PsiElement(Py:DOT), PsiElement(Py:IDENTIFIER), PsiElement(Py:LPAR), PsiElement(Py:INTEGER_LITERAL), PsiElement(Py:COMMA), PsiElement(Py:INTEGER_LITERAL), PsiElement(Py:COMMA), PsiElement(Py:INTEGER_LITERAL)]\",\"text\":\"np_image \\u003d np_image + np.array(camvid.mean).reshape(1, 1, 3\",\"position\":[6446,6504]}]}]}","initial_tree_length":1294,"project_name":"f3538f4e8708591eef2e44394da896e5518887f8","file_name":"f3538f4e8708591eef2e44394da896e5518887f8.ipynb.py"}