{"3":"{\"totalGroups\":17,\"totalClones\":43,\"groups\":[{\"clone_length\":1,\"clones\":[{\"psi\":\"[PsiElement(Py:IDENTIFIER)]\",\"text\":\"requests\",\"position\":[4550,4550]},{\"psi\":\"[PsiElement(Py:IDENTIFIER)]\",\"text\":\"requests\",\"position\":[4692,4692]},{\"psi\":\"[PsiElement(Py:IDENTIFIER)]\",\"text\":\"requests\",\"position\":[4953,4953]},{\"psi\":\"[PsiElement(Py:IDENTIFIER)]\",\"text\":\"requests\",\"position\":[5198,5198]},{\"psi\":\"[PsiElement(Py:IDENTIFIER)]\",\"text\":\"requests\",\"position\":[4550,4550]},{\"psi\":\"[PsiElement(Py:IDENTIFIER)]\",\"text\":\"requests\",\"position\":[4953,4953]},{\"psi\":\"[PsiElement(Py:IDENTIFIER)]\",\"text\":\"requests\",\"position\":[5198,5198]}]},{\"clone_length\":4,\"clones\":[{\"psi\":\"[PsiElement(Py:IDENTIFIER), PsiElement(Py:DOT), PsiElement(Py:IDENTIFIER), PsiElement(Py:LPAR)]\",\"text\":\"requests.get(\",\"position\":[4550,4562]},{\"psi\":\"[PsiElement(Py:IDENTIFIER), PsiElement(Py:DOT), PsiElement(Py:IDENTIFIER), PsiElement(Py:LPAR)]\",\"text\":\"requests.get(\",\"position\":[4953,4965]},{\"psi\":\"[PsiElement(Py:IDENTIFIER), PsiElement(Py:DOT), PsiElement(Py:IDENTIFIER), PsiElement(Py:LPAR)]\",\"text\":\"requests.get(\",\"position\":[5198,5210]}]},{\"clone_length\":6,\"clones\":[{\"psi\":\"[PsiElement(Py:IDENTIFIER), PsiElement(Py:LPAR), PsiElement(Py:IDENTIFIER), PsiElement(Py:RPAR), PsiElement(Py:COLON), PsiElement(Py:IF_KEYWORD)]\",\"text\":\"monitor_order(order_id):\\n\\n    if\",\"position\":[1606,1636]},{\"psi\":\"[PsiElement(Py:IDENTIFIER), PsiElement(Py:LPAR), PsiElement(Py:IDENTIFIER), PsiElement(Py:RPAR), PsiElement(Py:IF_KEYWORD)]\",\"text\":\"monitor_order(order_id)\\n    \\n    if\",\"position\":[3124,3157]}]},{\"clone_length\":4,\"clones\":[{\"psi\":\"[PsiElement(Py:IDENTIFIER), PsiElement(Py:LBRACKET), PsiElement(Py:RBRACKET), PsiElement(Py:LBRACKET)]\",\"text\":\"assets[\\u0027ortho_visual\\u0027][\\u0027_links\\u0027\",\"position\":[4631,4653]},{\"psi\":\"[PsiElement(Py:IDENTIFIER), PsiElement(Py:LBRACKET), PsiElement(Py:RBRACKET), PsiElement(Py:LBRACKET)]\",\"text\":\"assets[\\u0027ortho_visual\\u0027][\\u0027_links\\u0027\",\"position\":[4779,4801]}]},{\"clone_length\":4,\"clones\":[{\"psi\":\"[PsiElement(Py:IDENTIFIER), PsiElement(Py:DOT), PsiElement(Py:IDENTIFIER), PsiElement(Py:LPAR)]\",\"text\":\"response.json(\",\"position\":[1393,1406]},{\"psi\":\"[PsiElement(Py:IDENTIFIER), PsiElement(Py:DOT), PsiElement(Py:IDENTIFIER), PsiElement(Py:LPAR)]\",\"text\":\"response.json(\",\"position\":[3747,3760]}]},{\"clone_length\":21,\"clones\":[{\"psi\":\"[PsiElement(Py:IDENTIFIER), PsiElement(Py:EQ), PsiElement(Py:IDENTIFIER), PsiElement(Py:DOT), PsiElement(Py:IDENTIFIER), PsiElement(Py:LPAR), PsiElement(Py:FSTRING_START), PsiElement(Py:FSTRING_TEXT), PsiElement(Py:FSTRING_FRAGMENT_START), PsiElement(Py:IDENTIFIER), PsiElement(Py:FSTRING_FRAGMENT_END), PsiElement(Py:FSTRING_TEXT), PsiElement(Py:FSTRING_FRAGMENT_START), PsiElement(Py:IDENTIFIER), PsiElement(Py:FSTRING_FRAGMENT_END), PsiElement(Py:FSTRING_TEXT), PsiElement(Py:FSTRING_END), PsiElement(Py:COMMA), PsiElement(Py:IDENTIFIER), PsiElement(Py:EQ), PsiElement(Py:IDENTIFIER)]\",\"text\":\"response \\u003d requests.get(f\\u0027https://{PLANET_API_HOST}/tasking/v2/orders/{order_id}/\\u0027, headers\\u003dheaders\",\"position\":[1856,1948]},{\"psi\":\"[PsiElement(Py:IDENTIFIER), PsiElement(Py:EQ), PsiElement(Py:IDENTIFIER), PsiElement(Py:DOT), PsiElement(Py:IDENTIFIER), PsiElement(Py:LPAR), PsiElement(Py:FSTRING_START), PsiElement(Py:FSTRING_TEXT), PsiElement(Py:FSTRING_FRAGMENT_START), PsiElement(Py:IDENTIFIER), PsiElement(Py:FSTRING_FRAGMENT_END), PsiElement(Py:FSTRING_TEXT), PsiElement(Py:FSTRING_FRAGMENT_START), PsiElement(Py:IDENTIFIER), PsiElement(Py:FSTRING_FRAGMENT_END), PsiElement(Py:FSTRING_TEXT), PsiElement(Py:FSTRING_END), PsiElement(Py:COMMA), PsiElement(Py:IDENTIFIER), PsiElement(Py:EQ), PsiElement(Py:IDENTIFIER)]\",\"text\":\"response \\u003d requests.get(f\\u0027https://{PLANET_API_HOST}/tasking/v2/captures/?order_id\\u003d{order_id}\\u0026fulfilling\\u003dtrue\\u0027,\\n                                headers\\u003dheaders\",\"position\":[3183,3334]}]},{\"clone_length\":7,\"clones\":[{\"psi\":\"[PsiElement(Py:LPAR), PsiElement(Py:RPAR), PsiElement(Py:IDENTIFIER), PsiElement(Py:LPAR), PsiElement(Py:FSTRING_START), PsiElement(Py:FSTRING_TEXT), PsiElement(Py:FSTRING_FRAGMENT_START)]\",\"text\":\"()\\n        print(f\\u0027Your order is {\",\"position\":[2473,2506]},{\"psi\":\"[PsiElement(Py:LPAR), PsiElement(Py:RPAR), PsiElement(Py:IDENTIFIER), PsiElement(Py:LPAR), PsiElement(Py:FSTRING_START), PsiElement(Py:FSTRING_TEXT), PsiElement(Py:FSTRING_FRAGMENT_START)]\",\"text\":\"()\\n                print(f\\u0027Open the following link in a browser or download it to a file:\\\\n{\",\"position\":[5250,5341]}]},{\"clone_length\":23,\"clones\":[{\"psi\":\"[PsiElement(Py:LPAR), PsiElement(Py:IDENTIFIER), PsiElement(Py:RPAR), PsiElement(Py:COLON), PsiElement(Py:IF_KEYWORD), PsiElement(Py:NOT_KEYWORD), PsiElement(Py:IDENTIFIER), PsiElement(Py:COLON), PsiElement(Py:IDENTIFIER), PsiElement(Py:LPAR), PsiElement(Py:RPAR), PsiElement(Py:IDENTIFIER), PsiElement(Py:EQ), PsiElement(Py:LBRACE), PsiElement(Py:COLON), PsiElement(Py:FSTRING_START), PsiElement(Py:FSTRING_TEXT), PsiElement(Py:FSTRING_FRAGMENT_START), PsiElement(Py:IDENTIFIER), PsiElement(Py:FSTRING_FRAGMENT_END), PsiElement(Py:FSTRING_END), PsiElement(Py:COMMA), PsiElement(Py:COLON)]\",\"text\":\"(order_id):\\n\\n    if not API_KEY:\\n        print(\\u0027Please set your planet api key in your environment as PLANET_API_KEY\\u0027)\\n\\n    headers \\u003d {\\n        \\u0027Authorization\\u0027: f\\u0027api-key {API_KEY}\\u0027,\\n        \\u0027Content-Type\\u0027: \\u0027application/json\\u0027\",\"position\":[1619,1824]},{\"psi\":\"[PsiElement(Py:LPAR), PsiElement(Py:IDENTIFIER), PsiElement(Py:RPAR), PsiElement(Py:COLON), PsiElement(Py:IF_KEYWORD), PsiElement(Py:NOT_KEYWORD), PsiElement(Py:IDENTIFIER), PsiElement(Py:COLON), PsiElement(Py:IDENTIFIER), PsiElement(Py:LPAR), PsiElement(Py:RPAR), PsiElement(Py:IDENTIFIER), PsiElement(Py:EQ), PsiElement(Py:LBRACE), PsiElement(Py:COLON), PsiElement(Py:FSTRING_START), PsiElement(Py:FSTRING_TEXT), PsiElement(Py:FSTRING_FRAGMENT_START), PsiElement(Py:IDENTIFIER), PsiElement(Py:FSTRING_FRAGMENT_END), PsiElement(Py:FSTRING_END), PsiElement(Py:COMMA), PsiElement(Py:COLON)]\",\"text\":\"(order_id):\\n    if not API_KEY:\\n        print(\\u0027Please set your planet api key in your environment as PLANET_API_KEY\\u0027)\\n\\n    headers \\u003d {\\n        \\u0027Authorization\\u0027: f\\u0027api-key {API_KEY}\\u0027,\\n        \\u0027Content-Type\\u0027: \\u0027application/json\\u0027\",\"position\":[2875,3079]}]},{\"clone_length\":30,\"clones\":[{\"psi\":\"[PsiElement(Py:IF_KEYWORD), PsiElement(Py:NOT_KEYWORD), PsiElement(Py:IDENTIFIER), PsiElement(Py:COLON), PsiElement(Py:IDENTIFIER), PsiElement(Py:LPAR), PsiElement(Py:RPAR), PsiElement(Py:IDENTIFIER), PsiElement(Py:EQ), PsiElement(Py:LBRACE), PsiElement(Py:COLON), PsiElement(Py:FSTRING_START), PsiElement(Py:FSTRING_TEXT), PsiElement(Py:FSTRING_FRAGMENT_START), PsiElement(Py:IDENTIFIER), PsiElement(Py:FSTRING_FRAGMENT_END), PsiElement(Py:FSTRING_END), PsiElement(Py:COMMA), PsiElement(Py:COLON), PsiElement(Py:RBRACE), PsiElement(Py:IDENTIFIER), PsiElement(Py:EQ), PsiElement(Py:IDENTIFIER), PsiElement(Py:DOT), PsiElement(Py:IDENTIFIER), PsiElement(Py:LPAR), PsiElement(Py:FSTRING_START), PsiElement(Py:FSTRING_TEXT), PsiElement(Py:FSTRING_FRAGMENT_START), PsiElement(Py:IDENTIFIER)]\",\"text\":\"if not API_KEY:\\n        print(\\u0027Please set your planet api key in your environment as PLANET_API_KEY\\u0027)\\n\\n    headers \\u003d {\\n        \\u0027Authorization\\u0027: f\\u0027api-key {API_KEY}\\u0027,\\n        \\u0027Content-Type\\u0027: \\u0027application/json\\u0027\\n    }\\n\\n    response \\u003d requests.post(f\\u0027https://{PLANET_API_HOST\",\"position\":[770,1026]},{\"psi\":\"[PsiElement(Py:IF_KEYWORD), PsiElement(Py:NOT_KEYWORD), PsiElement(Py:IDENTIFIER), PsiElement(Py:COLON), PsiElement(Py:IDENTIFIER), PsiElement(Py:LPAR), PsiElement(Py:RPAR), PsiElement(Py:IDENTIFIER), PsiElement(Py:EQ), PsiElement(Py:LBRACE), PsiElement(Py:COLON), PsiElement(Py:FSTRING_START), PsiElement(Py:FSTRING_TEXT), PsiElement(Py:FSTRING_FRAGMENT_START), PsiElement(Py:IDENTIFIER), PsiElement(Py:FSTRING_FRAGMENT_END), PsiElement(Py:FSTRING_END), PsiElement(Py:COMMA), PsiElement(Py:COLON), PsiElement(Py:RBRACE), PsiElement(Py:IDENTIFIER), PsiElement(Py:EQ), PsiElement(Py:IDENTIFIER), PsiElement(Py:DOT), PsiElement(Py:IDENTIFIER), PsiElement(Py:LPAR), PsiElement(Py:FSTRING_START), PsiElement(Py:FSTRING_TEXT), PsiElement(Py:FSTRING_FRAGMENT_START), PsiElement(Py:IDENTIFIER)]\",\"text\":\"if not API_KEY:\\n        print(\\u0027Please set your planet api key in your environment as PLANET_API_KEY\\u0027)\\n\\n    headers \\u003d {\\n        \\u0027Authorization\\u0027: f\\u0027api-key {API_KEY}\\u0027,\\n        \\u0027Content-Type\\u0027: \\u0027application/json\\u0027\\n    }\\n\\n    response \\u003d requests.get(f\\u0027https://{PLANET_API_HOST\",\"position\":[1636,1891]}]},{\"clone_length\":22,\"clones\":[{\"psi\":\"[PsiElement(Py:IF_KEYWORD), PsiElement(Py:IDENTIFIER), PsiElement(Py:DOT), PsiElement(Py:IDENTIFIER), PsiElement(Py:EQEQ), PsiElement(Py:INTEGER_LITERAL), PsiElement(Py:COLON), PsiElement(Py:IDENTIFIER), PsiElement(Py:LPAR), PsiElement(Py:RPAR), PsiElement(Py:ELIF_KEYWORD), PsiElement(Py:IDENTIFIER), PsiElement(Py:DOT), PsiElement(Py:IDENTIFIER), PsiElement(Py:EQEQ), PsiElement(Py:INTEGER_LITERAL), PsiElement(Py:COLON), PsiElement(Py:IDENTIFIER), PsiElement(Py:LPAR), PsiElement(Py:RPAR), PsiElement(Py:ELIF_KEYWORD), PsiElement(Py:IDENTIFIER)]\",\"text\":\"if response.status_code \\u003d\\u003d 403:\\n        print(\\u0027Your API KEY is valid, but you are not authorized to view this order.\\u0027)\\n    elif response.status_code \\u003d\\u003d 401:\\n        print(\\u0027Your API KEY is incorrect\\u0027)\\n    elif response\",\"position\":[2001,2210]},{\"psi\":\"[PsiElement(Py:IF_KEYWORD), PsiElement(Py:IDENTIFIER), PsiElement(Py:DOT), PsiElement(Py:IDENTIFIER), PsiElement(Py:EQEQ), PsiElement(Py:INTEGER_LITERAL), PsiElement(Py:COLON), PsiElement(Py:IDENTIFIER), PsiElement(Py:LPAR), PsiElement(Py:RPAR), PsiElement(Py:ELIF_KEYWORD), PsiElement(Py:IDENTIFIER), PsiElement(Py:DOT), PsiElement(Py:IDENTIFIER), PsiElement(Py:EQEQ), PsiElement(Py:INTEGER_LITERAL), PsiElement(Py:COLON), PsiElement(Py:IDENTIFIER), PsiElement(Py:LPAR), PsiElement(Py:RPAR), PsiElement(Py:ELIF_KEYWORD), PsiElement(Py:IDENTIFIER)]\",\"text\":\"if response.status_code \\u003d\\u003d 403:\\n            print(\\u0027Your API KEY is valid, but you are not authorized to view this order.\\u0027)\\n        elif response.status_code \\u003d\\u003d 401:\\n            print(\\u0027Your API KEY is incorrect\\u0027)\\n        elif response\",\"position\":[3352,3577]}]},{\"clone_length\":4,\"clones\":[{\"psi\":\"[PsiElement(Py:FSTRING_START), PsiElement(Py:FSTRING_TEXT), PsiElement(Py:FSTRING_FRAGMENT_START), PsiElement(Py:IDENTIFIER)]\",\"text\":\"f\\u0027Your order is {order\",\"position\":[2490,2507]},{\"psi\":\"[PsiElement(Py:FSTRING_START), PsiElement(Py:FSTRING_TEXT), PsiElement(Py:FSTRING_FRAGMENT_START), PsiElement(Py:IDENTIFIER)]\",\"text\":\"f\\u0027and {order\",\"position\":[2608,2615]}]},{\"clone_length\":3,\"clones\":[{\"psi\":\"[PsiElement(Py:IDENTIFIER), PsiElement(Py:LPAR), PsiElement(Py:IDENTIFIER)]\",\"text\":\"timedelta(days\",\"position\":[447,457]},{\"psi\":\"[PsiElement(Py:IDENTIFIER), PsiElement(Py:LPAR), PsiElement(Py:IDENTIFIER)]\",\"text\":\"timedelta(days\",\"position\":[493,503]}]},{\"clone_length\":20,\"clones\":[{\"psi\":\"[PsiElement(Py:ELIF_KEYWORD), PsiElement(Py:IDENTIFIER), PsiElement(Py:DOT), PsiElement(Py:IDENTIFIER), PsiElement(Py:NE), PsiElement(Py:INTEGER_LITERAL), PsiElement(Py:COLON), PsiElement(Py:IDENTIFIER), PsiElement(Py:LPAR), PsiElement(Py:FSTRING_START), PsiElement(Py:FSTRING_TEXT), PsiElement(Py:FSTRING_FRAGMENT_START), PsiElement(Py:IDENTIFIER), PsiElement(Py:DOT), PsiElement(Py:IDENTIFIER), PsiElement(Py:FSTRING_FRAGMENT_END), PsiElement(Py:FSTRING_TEXT), PsiElement(Py:FSTRING_END), PsiElement(Py:RPAR), PsiElement(Py:ELSE_KEYWORD)]\",\"text\":\"elif response.status_code !\\u003d 200:\\n        print(f\\u0027Received status code {response.status_code} from the API. Please contact support.\\u0027)\\n    else\",\"position\":[2300,2438]},{\"psi\":\"[PsiElement(Py:ELIF_KEYWORD), PsiElement(Py:IDENTIFIER), PsiElement(Py:DOT), PsiElement(Py:IDENTIFIER), PsiElement(Py:NE), PsiElement(Py:INTEGER_LITERAL), PsiElement(Py:COLON), PsiElement(Py:IDENTIFIER), PsiElement(Py:LPAR), PsiElement(Py:FSTRING_START), PsiElement(Py:FSTRING_TEXT), PsiElement(Py:FSTRING_FRAGMENT_START), PsiElement(Py:IDENTIFIER), PsiElement(Py:DOT), PsiElement(Py:IDENTIFIER), PsiElement(Py:FSTRING_FRAGMENT_END), PsiElement(Py:FSTRING_TEXT), PsiElement(Py:FSTRING_END), PsiElement(Py:RPAR), PsiElement(Py:ELSE_KEYWORD)]\",\"text\":\"elif response.status_code !\\u003d 200:\\n            print(f\\u0027Received status code {response.status_code} from the API. Please contact support.\\u0027)\\n        else\",\"position\":[3572,3718]}]},{\"clone_length\":5,\"clones\":[{\"psi\":\"[PsiElement(Py:IDENTIFIER), PsiElement(Py:LPAR), PsiElement(Py:FSTRING_START), PsiElement(Py:FSTRING_TEXT), PsiElement(Py:FSTRING_FRAGMENT_START)]\",\"text\":\"print(f\\u0027Your order ({\",\"position\":[2247,2267]},{\"psi\":\"[PsiElement(Py:IDENTIFIER), PsiElement(Py:LPAR), PsiElement(Py:FSTRING_START), PsiElement(Py:FSTRING_TEXT), PsiElement(Py:FSTRING_FRAGMENT_START)]\",\"text\":\"print(f\\u0027Received status code {\",\"position\":[1435,1464]},{\"psi\":\"[PsiElement(Py:IDENTIFIER), PsiElement(Py:LPAR), PsiElement(Py:FSTRING_START), PsiElement(Py:FSTRING_TEXT), PsiElement(Py:FSTRING_FRAGMENT_START)]\",\"text\":\"print(f\\u0027Received status code {\",\"position\":[2342,2371]},{\"psi\":\"[PsiElement(Py:IDENTIFIER), PsiElement(Py:LPAR), PsiElement(Py:FSTRING_START), PsiElement(Py:FSTRING_TEXT), PsiElement(Py:FSTRING_FRAGMENT_START)]\",\"text\":\"print(f\\u0027Received status code {\",\"position\":[3618,3647]}]},{\"clone_length\":6,\"clones\":[{\"psi\":\"[PsiElement(Py:IDENTIFIER), PsiElement(Py:LPAR), PsiElement(Py:FSTRING_START), PsiElement(Py:FSTRING_TEXT), PsiElement(Py:FSTRING_FRAGMENT_START), PsiElement(Py:IDENTIFIER)]\",\"text\":\"print(f\\u0027Received status code {response\",\"position\":[1435,1465]},{\"psi\":\"[PsiElement(Py:IDENTIFIER), PsiElement(Py:LPAR), PsiElement(Py:FSTRING_START), PsiElement(Py:FSTRING_TEXT), PsiElement(Py:FSTRING_FRAGMENT_START), PsiElement(Py:IDENTIFIER)]\",\"text\":\"print(f\\u0027Received status code {response\",\"position\":[2342,2372]},{\"psi\":\"[PsiElement(Py:IDENTIFIER), PsiElement(Py:LPAR), PsiElement(Py:FSTRING_START), PsiElement(Py:FSTRING_TEXT), PsiElement(Py:FSTRING_FRAGMENT_START), PsiElement(Py:IDENTIFIER)]\",\"text\":\"print(f\\u0027Received status code {response\",\"position\":[3618,3648]}]},{\"clone_length\":15,\"clones\":[{\"psi\":\"[PsiElement(Py:IDENTIFIER), PsiElement(Py:EQ), PsiElement(Py:IDENTIFIER), PsiElement(Py:DOT), PsiElement(Py:IDENTIFIER), PsiElement(Py:LPAR), PsiElement(Py:IDENTIFIER), PsiElement(Py:COMMA), PsiElement(Py:IDENTIFIER), PsiElement(Py:EQ), PsiElement(Py:IDENTIFIER), PsiElement(Py:RPAR), PsiElement(Py:DOT), PsiElement(Py:IDENTIFIER), PsiElement(Py:LPAR)]\",\"text\":\"ortho_visual \\u003d requests.get(ortho_visual_url, headers\\u003dheaders).json(\",\"position\":[4938,5005]},{\"psi\":\"[PsiElement(Py:IDENTIFIER), PsiElement(Py:EQ), PsiElement(Py:IDENTIFIER), PsiElement(Py:DOT), PsiElement(Py:IDENTIFIER), PsiElement(Py:LPAR), PsiElement(Py:IDENTIFIER), PsiElement(Py:COMMA), PsiElement(Py:IDENTIFIER), PsiElement(Py:EQ), PsiElement(Py:IDENTIFIER), PsiElement(Py:RPAR), PsiElement(Py:DOT), PsiElement(Py:IDENTIFIER), PsiElement(Py:LPAR)]\",\"text\":\"ortho_visual \\u003d requests.get(ortho_visual_url, headers\\u003dheaders).json(\",\"position\":[5183,5250]}]},{\"clone_length\":13,\"clones\":[{\"psi\":\"[PsiElement(Py:IDENTIFIER), PsiElement(Py:EQ), PsiElement(Py:IDENTIFIER), PsiElement(Py:RPAR), PsiElement(Py:IF_KEYWORD), PsiElement(Py:IDENTIFIER), PsiElement(Py:DOT), PsiElement(Py:IDENTIFIER), PsiElement(Py:EQEQ), PsiElement(Py:INTEGER_LITERAL), PsiElement(Py:COLON), PsiElement(Py:IDENTIFIER), PsiElement(Py:LPAR)]\",\"text\":\"headers\\u003dheaders)\\n\\n    if response.status_code \\u003d\\u003d 403:\\n        print(\",\"position\":[1081,1148]},{\"psi\":\"[PsiElement(Py:IDENTIFIER), PsiElement(Py:EQ), PsiElement(Py:IDENTIFIER), PsiElement(Py:RPAR), PsiElement(Py:IF_KEYWORD), PsiElement(Py:IDENTIFIER), PsiElement(Py:DOT), PsiElement(Py:IDENTIFIER), PsiElement(Py:EQEQ), PsiElement(Py:INTEGER_LITERAL), PsiElement(Py:COLON), PsiElement(Py:IDENTIFIER), PsiElement(Py:LPAR)]\",\"text\":\"headers\\u003dheaders)\\n\\n        if response.status_code \\u003d\\u003d 403:\\n            print(\",\"position\":[3326,3401]}]}]}","initial_tree_length":633,"project_name":"f4633984f9e0d877acae7f14aa44c263f185984b","file_name":"f4633984f9e0d877acae7f14aa44c263f185984b.ipynb.py"}