{"3":"{\"totalGroups\":56,\"totalClones\":163,\"groups\":[{\"clone_length\":4,\"clones\":[{\"psi\":\"[PsiElement(Py:IDENTIFIER), PsiElement(Py:DOT), PsiElement(Py:IDENTIFIER), PsiElement(Py:LPAR)]\",\"text\":\"random.shuffle(\",\"position\":[6473,6487]},{\"psi\":\"[PsiElement(Py:IDENTIFIER), PsiElement(Py:DOT), PsiElement(Py:IDENTIFIER), PsiElement(Py:LPAR)]\",\"text\":\"random.sample(\",\"position\":[4978,4991]},{\"psi\":\"[PsiElement(Py:IDENTIFIER), PsiElement(Py:DOT), PsiElement(Py:IDENTIFIER), PsiElement(Py:LPAR)]\",\"text\":\"random.sample(\",\"position\":[6525,6538]}]},{\"clone_length\":2,\"clones\":[{\"psi\":\"[PsiElement(Py:IDENTIFIER), PsiElement(Py:LPAR)]\",\"text\":\"enable_entities(\",\"position\":[4059,4074]},{\"psi\":\"[PsiElement(Py:IDENTIFIER), PsiElement(Py:LPAR)]\",\"text\":\"enable_entities(\",\"position\":[4914,4929]},{\"psi\":\"[PsiElement(Py:IDENTIFIER), PsiElement(Py:LPAR)]\",\"text\":\"enable_entities(\",\"position\":[6025,6040]}]},{\"clone_length\":3,\"clones\":[{\"psi\":\"[PsiElement(Py:IDENTIFIER), PsiElement(Py:LPAR), PsiElement(Py:IDENTIFIER)]\",\"text\":\"enable_entities(model\",\"position\":[4914,4930]},{\"psi\":\"[PsiElement(Py:IDENTIFIER), PsiElement(Py:LPAR), PsiElement(Py:IDENTIFIER)]\",\"text\":\"enable_entities(model\",\"position\":[6025,6041]}]},{\"clone_length\":4,\"clones\":[{\"psi\":\"[PsiElement(Py:IDENTIFIER), PsiElement(Py:RPAR), PsiElement(Py:COLON), PsiElement(Py:IDENTIFIER)]\",\"text\":\"output_dir):\\n    output_dir\",\"position\":[8247,8264]},{\"psi\":\"[PsiElement(Py:IDENTIFIER)]\",\"text\":\"output_dir\",\"position\":[8334,8334]},{\"psi\":\"[PsiElement(Py:IDENTIFIER)]\",\"text\":\"output_dir\",\"position\":[8334,8334]}]},{\"clone_length\":4,\"clones\":[{\"psi\":\"[PsiElement(Py:IDENTIFIER), PsiElement(Py:DOT), PsiElement(Py:IDENTIFIER), PsiElement(Py:LPAR)]\",\"text\":\"output_dir.exists(\",\"position\":[8305,8322]},{\"psi\":\"[PsiElement(Py:IDENTIFIER), PsiElement(Py:DOT), PsiElement(Py:IDENTIFIER), PsiElement(Py:LPAR)]\",\"text\":\"output_dir.mkdir(\",\"position\":[8334,8350]}]},{\"clone_length\":2,\"clones\":[{\"psi\":\"[PsiElement(Py:IDENTIFIER), PsiElement(Py:IDENTIFIER)]\",\"text\":\"pandas\\npandas\",\"position\":[4213,4220]},{\"psi\":\"[PsiElement(Py:IDENTIFIER), PsiElement(Py:IDENTIFIER)]\",\"text\":\"pandas\\npandas\",\"position\":[4213,4220]},{\"psi\":\"[PsiElement(Py:IDENTIFIER)]\",\"text\":\"pandas\",\"position\":[5205,5205]}]},{\"clone_length\":5,\"clones\":[{\"psi\":\"[PsiElement(Py:IDENTIFIER), PsiElement(Py:IDENTIFIER), PsiElement(Py:DOT), PsiElement(Py:IDENTIFIER), PsiElement(Py:LPAR)]\",\"text\":\"pandas\\npandas.set_option(\",\"position\":[4213,4237]},{\"psi\":\"[PsiElement(Py:IDENTIFIER), PsiElement(Py:DOT), PsiElement(Py:IDENTIFIER), PsiElement(Py:DOT), PsiElement(Py:IDENTIFIER), PsiElement(Py:LPAR)]\",\"text\":\"pandas.DataFrame.from_records(\",\"position\":[5205,5234]}]},{\"clone_length\":1,\"clones\":[{\"psi\":\"[PsiElement(Py:IDENTIFIER)]\",\"text\":\"scorer\",\"position\":[4583,4583]},{\"psi\":\"[PsiElement(Py:IDENTIFIER)]\",\"text\":\"scorer\",\"position\":[4583,4583]}]},{\"clone_length\":1,\"clones\":[{\"psi\":\"[PsiElement(Py:IDENTIFIER)]\",\"text\":\"unseen\",\"position\":[3896,3896]},{\"psi\":\"[PsiElement(Py:IDENTIFIER)]\",\"text\":\"unseen\",\"position\":[3896,3896]}]},{\"clone_length\":3,\"clones\":[{\"psi\":\"[PsiElement(Py:IDENTIFIER), PsiElement(Py:LPAR), PsiElement(Py:IDENTIFIER)]\",\"text\":\"evaluate_data_source(nlp\",\"position\":[5451,5472]},{\"psi\":\"[PsiElement(Py:IDENTIFIER), PsiElement(Py:LPAR), PsiElement(Py:IDENTIFIER)]\",\"text\":\"evaluate_data_source(nlp\",\"position\":[6973,6994]},{\"psi\":\"[PsiElement(Py:IDENTIFIER), PsiElement(Py:LPAR), PsiElement(Py:IDENTIFIER)]\",\"text\":\"evaluate_data_source(nlp\",\"position\":[7421,7442]},{\"psi\":\"[PsiElement(Py:IDENTIFIER), PsiElement(Py:LPAR), PsiElement(Py:IDENTIFIER)]\",\"text\":\"evaluate_data_source(nlp\",\"position\":[7600,7621]}]},{\"clone_length\":20,\"clones\":[{\"psi\":\"[PsiElement(Py:LPAR), PsiElement(Py:IDENTIFIER), PsiElement(Py:COMMA), PsiElement(Py:MULT), PsiElement(Py:IDENTIFIER), PsiElement(Py:RPAR), PsiElement(Py:COLON), PsiElement(Py:IDENTIFIER), PsiElement(Py:EQ), PsiElement(Py:LBRACKET), PsiElement(Py:RBRACKET), PsiElement(Py:FOR_KEYWORD), PsiElement(Py:IDENTIFIER), PsiElement(Py:IN_KEYWORD), PsiElement(Py:IDENTIFIER), PsiElement(Py:COLON), PsiElement(Py:IDENTIFIER), PsiElement(Py:DOT), PsiElement(Py:IDENTIFIER), PsiElement(Py:LPAR)]\",\"text\":\"(dict_list, *attrs):\\n    r \\u003d []\\n    for e in dict_list:\\n        r.append(\",\"position\":[1946,2018]},{\"psi\":\"[PsiElement(Py:LPAR), PsiElement(Py:IDENTIFIER), PsiElement(Py:COMMA), PsiElement(Py:MULT), PsiElement(Py:IDENTIFIER), PsiElement(Py:RPAR), PsiElement(Py:COLON), PsiElement(Py:IDENTIFIER), PsiElement(Py:EQ), PsiElement(Py:LBRACKET), PsiElement(Py:RBRACKET), PsiElement(Py:FOR_KEYWORD), PsiElement(Py:IDENTIFIER), PsiElement(Py:IN_KEYWORD), PsiElement(Py:IDENTIFIER), PsiElement(Py:COLON), PsiElement(Py:IDENTIFIER), PsiElement(Py:DOT), PsiElement(Py:IDENTIFIER), PsiElement(Py:LPAR)]\",\"text\":\"(dict_list, *attrs):\\n    r \\u003d []\\n    for e in dict_list:\\n        r.append(\",\"position\":[2070,2142]}]},{\"clone_length\":7,\"clones\":[{\"psi\":\"[PsiElement(Py:IDENTIFIER), PsiElement(Py:EQ), PsiElement(Py:IDENTIFIER), PsiElement(Py:COMMA), PsiElement(Py:IDENTIFIER), PsiElement(Py:EQ), PsiElement(Py:INTEGER_LITERAL)]\",\"text\":\"batch_size\\u003dsize_, count\\u003d1000\",\"position\":[6762,6786]},{\"psi\":\"[PsiElement(Py:IDENTIFIER), PsiElement(Py:EQ), PsiElement(Py:IDENTIFIER), PsiElement(Py:COMMA), PsiElement(Py:IDENTIFIER), PsiElement(Py:EQ), PsiElement(Py:INTEGER_LITERAL)]\",\"text\":\"batch_size\\u003dsize_, count\\u003d1000\",\"position\":[6873,6897]},{\"psi\":\"[PsiElement(Py:IDENTIFIER), PsiElement(Py:EQ), PsiElement(Py:IDENTIFIER), PsiElement(Py:COMMA), PsiElement(Py:IDENTIFIER), PsiElement(Py:EQ), PsiElement(Py:INTEGER_LITERAL)]\",\"text\":\"batch_size\\u003dsize_, count\\u003d1000\",\"position\":[7328,7352]}]},{\"clone_length\":12,\"clones\":[{\"psi\":\"[PsiElement(Py:IDENTIFIER), PsiElement(Py:EQ), PsiElement(Py:IDENTIFIER), PsiElement(Py:COMMA), PsiElement(Py:IDENTIFIER), PsiElement(Py:EQ), PsiElement(Py:INTEGER_LITERAL), PsiElement(Py:RPAR), PsiElement(Py:IF_KEYWORD), PsiElement(Py:IDENTIFIER), PsiElement(Py:OR_KEYWORD), PsiElement(Py:INTEGER_LITERAL)]\",\"text\":\"batch_size\\u003dsize_, count\\u003d1000)\\n\\nif TESTS or 0\",\"position\":[6762,6805]},{\"psi\":\"[PsiElement(Py:IDENTIFIER), PsiElement(Py:EQ), PsiElement(Py:IDENTIFIER), PsiElement(Py:COMMA), PsiElement(Py:IDENTIFIER), PsiElement(Py:EQ), PsiElement(Py:INTEGER_LITERAL), PsiElement(Py:RPAR), PsiElement(Py:IF_KEYWORD), PsiElement(Py:IDENTIFIER), PsiElement(Py:OR_KEYWORD), PsiElement(Py:INTEGER_LITERAL)]\",\"text\":\"batch_size\\u003dsize_, count\\u003d1000)\\n\\nif TESTS or 0\",\"position\":[6873,6916]}]},{\"clone_length\":6,\"clones\":[{\"psi\":\"[PsiElement(Py:IDENTIFIER), PsiElement(Py:COLON), PsiElement(Py:IDENTIFIER), PsiElement(Py:RBRACKET), PsiElement(Py:COMMA), PsiElement(Py:IDENTIFIER)]\",\"text\":\"a:b],c\",\"position\":[7925,7930]},{\"psi\":\"[PsiElement(Py:IDENTIFIER), PsiElement(Py:COMMA), PsiElement(Py:IDENTIFIER), PsiElement(Py:COMMA), PsiElement(Py:IDENTIFIER)]\",\"text\":\"a,b,c\",\"position\":[7941,7945]}]},{\"clone_length\":12,\"clones\":[{\"psi\":\"[PsiElement(Py:IDENTIFIER), PsiElement(Py:LBRACKET), PsiElement(Py:IDENTIFIER), PsiElement(Py:RBRACKET), PsiElement(Py:FOR_KEYWORD), PsiElement(Py:IDENTIFIER), PsiElement(Py:IN_KEYWORD), PsiElement(Py:IDENTIFIER), PsiElement(Py:RBRACKET), PsiElement(Py:RPAR), PsiElement(Py:RETURN_KEYWORD), PsiElement(Py:IDENTIFIER)]\",\"text\":\"e[a] for a in attrs])\\n    return r\",\"position\":[2020,2053]},{\"psi\":\"[PsiElement(Py:IDENTIFIER), PsiElement(Py:LBRACKET), PsiElement(Py:IDENTIFIER), PsiElement(Py:RBRACKET), PsiElement(Py:FOR_KEYWORD), PsiElement(Py:IDENTIFIER), PsiElement(Py:IN_KEYWORD), PsiElement(Py:IDENTIFIER), PsiElement(Py:RBRACE), PsiElement(Py:RPAR), PsiElement(Py:RETURN_KEYWORD), PsiElement(Py:IDENTIFIER)]\",\"text\":\"e[a] for a in attrs})\\n    return r\",\"position\":[2147,2180]}]},{\"clone_length\":7,\"clones\":[{\"psi\":\"[PsiElement(Py:IDENTIFIER), PsiElement(Py:COMMA), PsiElement(Py:IDENTIFIER), PsiElement(Py:IN_KEYWORD), PsiElement(Py:IDENTIFIER), PsiElement(Py:LPAR), PsiElement(Py:IDENTIFIER)]\",\"text\":\"i, mt in enumerate(ner\",\"position\":[3401,3420]},{\"psi\":\"[PsiElement(Py:IDENTIFIER), PsiElement(Py:COMMA), PsiElement(Py:IDENTIFIER), PsiElement(Py:IN_KEYWORD), PsiElement(Py:IDENTIFIER), PsiElement(Py:LPAR), PsiElement(Py:IDENTIFIER)]\",\"text\":\"i, mt in enumerate(ner\",\"position\":[3727,3746]}]},{\"clone_length\":1,\"clones\":[{\"psi\":\"[PsiElement(Py:IDENTIFIER)]\",\"text\":\"r\",\"position\":[1900,1900]},{\"psi\":\"[PsiElement(Py:IDENTIFIER)]\",\"text\":\"r\",\"position\":[2010,2010]},{\"psi\":\"[PsiElement(Py:IDENTIFIER)]\",\"text\":\"r\",\"position\":[2134,2134]},{\"psi\":\"[PsiElement(Py:IDENTIFIER)]\",\"text\":\"r\",\"position\":[1900,1900]},{\"psi\":\"[PsiElement(Py:IDENTIFIER)]\",\"text\":\"r\",\"position\":[2010,2010]},{\"psi\":\"[PsiElement(Py:IDENTIFIER)]\",\"text\":\"r\",\"position\":[2134,2134]}]},{\"clone_length\":20,\"clones\":[{\"psi\":\"[PsiElement(Py:IF_KEYWORD), PsiElement(Py:IDENTIFIER), PsiElement(Py:DOT), PsiElement(Py:IDENTIFIER), PsiElement(Py:LPAR), PsiElement(Py:RPAR), PsiElement(Py:DOT), PsiElement(Py:IDENTIFIER), PsiElement(Py:IS_KEYWORD), PsiElement(Py:TRUE_KEYWORD), PsiElement(Py:COLON), PsiElement(Py:IDENTIFIER), PsiElement(Py:LPAR), PsiElement(Py:RPAR), PsiElement(Py:IDENTIFIER), PsiElement(Py:DOT), PsiElement(Py:IDENTIFIER), PsiElement(Py:LPAR), PsiElement(Py:EXP), PsiElement(Py:IDENTIFIER)]\",\"text\":\"if model.get_pipe(\\u0027ner\\u0027).model is True:\\n        print(\\\"Initializing model!\\\")\\n        model.begin_training(**CFG\",\"position\":[4299,4407]},{\"psi\":\"[PsiElement(Py:IF_KEYWORD), PsiElement(Py:IDENTIFIER), PsiElement(Py:DOT), PsiElement(Py:IDENTIFIER), PsiElement(Py:LPAR), PsiElement(Py:RPAR), PsiElement(Py:DOT), PsiElement(Py:IDENTIFIER), PsiElement(Py:IS_KEYWORD), PsiElement(Py:TRUE_KEYWORD), PsiElement(Py:COLON), PsiElement(Py:IDENTIFIER), PsiElement(Py:LPAR), PsiElement(Py:RPAR), PsiElement(Py:IDENTIFIER), PsiElement(Py:DOT), PsiElement(Py:IDENTIFIER), PsiElement(Py:LPAR), PsiElement(Py:EXP), PsiElement(Py:IDENTIFIER)]\",\"text\":\"if model.get_pipe(\\u0027ner\\u0027).model is True:\\n            print(\\\"Initializing model!\\\")\\n            model.begin_training(**CFG\",\"position\":[5685,5801]}]},{\"clone_length\":18,\"clones\":[{\"psi\":\"[PsiElement(Py:IF_KEYWORD), PsiElement(Py:IDENTIFIER), PsiElement(Py:OR_KEYWORD), PsiElement(Py:INTEGER_LITERAL), PsiElement(Py:COLON), PsiElement(Py:IDENTIFIER), PsiElement(Py:EQ), PsiElement(Py:IDENTIFIER), PsiElement(Py:LPAR), PsiElement(Py:FLOAT_LITERAL), PsiElement(Py:COMMA), PsiElement(Py:FLOAT_LITERAL), PsiElement(Py:COMMA), PsiElement(Py:FLOAT_LITERAL), PsiElement(Py:RPAR), PsiElement(Py:IDENTIFIER), PsiElement(Py:LPAR), PsiElement(Py:IDENTIFIER)]\",\"text\":\"if TESTS or 0:\\n    size_ \\u003d compounding(1., 32., 1.001)\\n    train_epoch(nlp\",\"position\":[6679,6750]},{\"psi\":\"[PsiElement(Py:IF_KEYWORD), PsiElement(Py:IDENTIFIER), PsiElement(Py:OR_KEYWORD), PsiElement(Py:INTEGER_LITERAL), PsiElement(Py:COLON), PsiElement(Py:IDENTIFIER), PsiElement(Py:EQ), PsiElement(Py:IDENTIFIER), PsiElement(Py:LPAR), PsiElement(Py:FLOAT_LITERAL), PsiElement(Py:COMMA), PsiElement(Py:FLOAT_LITERAL), PsiElement(Py:COMMA), PsiElement(Py:FLOAT_LITERAL), PsiElement(Py:RPAR), PsiElement(Py:IDENTIFIER), PsiElement(Py:LPAR), PsiElement(Py:IDENTIFIER)]\",\"text\":\"if TESTS or 0:\\n    size_ \\u003d compounding(1., 32., 1.001)\\n    train_epoch(nlp\",\"position\":[6793,6864]}]},{\"clone_length\":6,\"clones\":[{\"psi\":\"[PsiElement(Py:IF_KEYWORD), PsiElement(Py:IDENTIFIER), PsiElement(Py:OR_KEYWORD), PsiElement(Py:INTEGER_LITERAL), PsiElement(Py:COLON), PsiElement(Py:IDENTIFIER)]\",\"text\":\"if TESTS or 0:\\n    res\",\"position\":[5255,5274]},{\"psi\":\"[PsiElement(Py:IF_KEYWORD), PsiElement(Py:IDENTIFIER), PsiElement(Py:OR_KEYWORD), PsiElement(Py:INTEGER_LITERAL), PsiElement(Py:COLON), PsiElement(Py:IDENTIFIER)]\",\"text\":\"if TESTS or 0:\\n    res\",\"position\":[6904,6923]}]},{\"clone_length\":1,\"clones\":[{\"psi\":\"[PsiElement(Py:IF_KEYWORD)]\",\"text\":\"if \\u0027ner\\u0027\",\"position\":[2656,2656]},{\"psi\":\"[PsiElement(Py:IF_KEYWORD)]\",\"text\":\"if \\u0027ner\\u0027\",\"position\":[2733,2733]}]},{\"clone_length\":1,\"clones\":[{\"psi\":\"[PsiElement(Py:IDENTIFIER)]\",\"text\":\"res\",\"position\":[5112,5112]},{\"psi\":\"[PsiElement(Py:IDENTIFIER)]\",\"text\":\"res\",\"position\":[6962,6962]},{\"psi\":\"[PsiElement(Py:IDENTIFIER)]\",\"text\":\"res\",\"position\":[7410,7410]},{\"psi\":\"[PsiElement(Py:IDENTIFIER)]\",\"text\":\"res\",\"position\":[6962,6962]},{\"psi\":\"[PsiElement(Py:IDENTIFIER)]\",\"text\":\"res\",\"position\":[7410,7410]}]},{\"clone_length\":18,\"clones\":[{\"psi\":\"[PsiElement(Py:IDENTIFIER), PsiElement(Py:EQ), PsiElement(Py:LBRACE), PsiElement(Py:RBRACE), PsiElement(Py:FOR_KEYWORD), PsiElement(Py:IDENTIFIER), PsiElement(Py:IN_KEYWORD), PsiElement(Py:IDENTIFIER), PsiElement(Py:COLON), PsiElement(Py:IDENTIFIER), PsiElement(Py:DOT), PsiElement(Py:IDENTIFIER), PsiElement(Py:LPAR), PsiElement(Py:IDENTIFIER), PsiElement(Py:LPAR), PsiElement(Py:IDENTIFIER), PsiElement(Py:COMMA), PsiElement(Py:IDENTIFIER)]\",\"text\":\"res \\u003d {}\\n    for c in CORPORA:\\n        res.update(evaluate_data_source(nlp, c\",\"position\":[6923,6999]},{\"psi\":\"[PsiElement(Py:IDENTIFIER), PsiElement(Py:EQ), PsiElement(Py:LBRACE), PsiElement(Py:RBRACE), PsiElement(Py:FOR_KEYWORD), PsiElement(Py:IDENTIFIER), PsiElement(Py:IN_KEYWORD), PsiElement(Py:IDENTIFIER), PsiElement(Py:COLON), PsiElement(Py:IDENTIFIER), PsiElement(Py:DOT), PsiElement(Py:IDENTIFIER), PsiElement(Py:LPAR), PsiElement(Py:IDENTIFIER), PsiElement(Py:LPAR), PsiElement(Py:IDENTIFIER), PsiElement(Py:COMMA), PsiElement(Py:IDENTIFIER)]\",\"text\":\"res \\u003d {}\\n    for c in CORPORA:\\n        res.update(evaluate_data_source(nlp, c\",\"position\":[7371,7447]}]},{\"clone_length\":4,\"clones\":[{\"psi\":\"[PsiElement(Py:IDENTIFIER), PsiElement(Py:EQ), PsiElement(Py:IDENTIFIER), PsiElement(Py:LPAR)]\",\"text\":\"res \\u003d evaluate(\",\"position\":[5054,5068]},{\"psi\":\"[PsiElement(Py:IDENTIFIER), PsiElement(Py:EQ), PsiElement(Py:IDENTIFIER), PsiElement(Py:LPAR)]\",\"text\":\"res \\u003d evaluate(\",\"position\":[5274,5288]}]},{\"clone_length\":10,\"clones\":[{\"psi\":\"[PsiElement(Py:IDENTIFIER), PsiElement(Py:LPAR), PsiElement(Py:IDENTIFIER), PsiElement(Py:DOT), PsiElement(Py:IDENTIFIER), PsiElement(Py:RPAR), PsiElement(Py:COMMA), PsiElement(Py:IDENTIFIER), PsiElement(Py:LPAR), PsiElement(Py:IDENTIFIER)]\",\"text\":\"len(c.ner), len(c\",\"position\":[1643,1659]},{\"psi\":\"[PsiElement(Py:IDENTIFIER), PsiElement(Py:LPAR), PsiElement(Py:IDENTIFIER), PsiElement(Py:DOT), PsiElement(Py:IDENTIFIER), PsiElement(Py:RPAR), PsiElement(Py:COMMA), PsiElement(Py:IDENTIFIER), PsiElement(Py:LPAR), PsiElement(Py:IDENTIFIER)]\",\"text\":\"len(c.ds_train), len(c\",\"position\":[1655,1676]}]},{\"clone_length\":4,\"clones\":[{\"psi\":\"[PsiElement(Py:FOR_KEYWORD), PsiElement(Py:IDENTIFIER), PsiElement(Py:IN_KEYWORD), PsiElement(Py:IDENTIFIER)]\",\"text\":\"for c in CORPORA\",\"position\":[1615,1624]},{\"psi\":\"[PsiElement(Py:FOR_KEYWORD), PsiElement(Py:IDENTIFIER), PsiElement(Py:IN_KEYWORD), PsiElement(Py:IDENTIFIER)]\",\"text\":\"for c in CORPORA\",\"position\":[6936,6945]},{\"psi\":\"[PsiElement(Py:FOR_KEYWORD), PsiElement(Py:IDENTIFIER), PsiElement(Py:IN_KEYWORD), PsiElement(Py:IDENTIFIER)]\",\"text\":\"for c in CORPORA\",\"position\":[7384,7393]}]},{\"clone_length\":4,\"clones\":[{\"psi\":\"[PsiElement(Py:FOR_KEYWORD), PsiElement(Py:IDENTIFIER), PsiElement(Py:IN_KEYWORD), PsiElement(Py:IDENTIFIER)]\",\"text\":\"for batch in batches\",\"position\":[4438,4451]},{\"psi\":\"[PsiElement(Py:FOR_KEYWORD), PsiElement(Py:IDENTIFIER), PsiElement(Py:IN_KEYWORD), PsiElement(Py:IDENTIFIER)]\",\"text\":\"for batch in batches\",\"position\":[5902,5915]}]},{\"clone_length\":1,\"clones\":[{\"psi\":\"[PsiElement(Py:IDENTIFIER)]\",\"text\":\"nlp\",\"position\":[2704,2704]},{\"psi\":\"[PsiElement(Py:IDENTIFIER)]\",\"text\":\"nlp\",\"position\":[7554,7554]},{\"psi\":\"[PsiElement(Py:IDENTIFIER)]\",\"text\":\"nlp\",\"position\":[2704,2704]},{\"psi\":\"[PsiElement(Py:IDENTIFIER)]\",\"text\":\"nlp\",\"position\":[3204,3204]},{\"psi\":\"[PsiElement(Py:IDENTIFIER)]\",\"text\":\"nlp\",\"position\":[8357,8357]},{\"psi\":\"[PsiElement(Py:IDENTIFIER)]\",\"text\":\"nlp\",\"position\":[2851,2851]},{\"psi\":\"[PsiElement(Py:IDENTIFIER)]\",\"text\":\"nlp\",\"position\":[8479,8479]}]},{\"clone_length\":4,\"clones\":[{\"psi\":\"[PsiElement(Py:IDENTIFIER), PsiElement(Py:DOT), PsiElement(Py:IDENTIFIER), PsiElement(Py:LPAR)]\",\"text\":\"nlp.use_params(\",\"position\":[7554,7568]},{\"psi\":\"[PsiElement(Py:IDENTIFIER), PsiElement(Py:DOT), PsiElement(Py:IDENTIFIER), PsiElement(Py:LPAR)]\",\"text\":\"nlp.disable_pipes(\",\"position\":[2704,2721]},{\"psi\":\"[PsiElement(Py:IDENTIFIER), PsiElement(Py:DOT), PsiElement(Py:IDENTIFIER), PsiElement(Py:LPAR)]\",\"text\":\"nlp.get_pipe(\",\"position\":[3204,3216]},{\"psi\":\"[PsiElement(Py:IDENTIFIER), PsiElement(Py:DOT), PsiElement(Py:IDENTIFIER), PsiElement(Py:LPAR)]\",\"text\":\"nlp.to_disk(\",\"position\":[8357,8368]},{\"psi\":\"[PsiElement(Py:IDENTIFIER), PsiElement(Py:DOT), PsiElement(Py:IDENTIFIER), PsiElement(Py:LPAR)]\",\"text\":\"nlp.add_pipe(\",\"position\":[2851,2863]},{\"psi\":\"[PsiElement(Py:IDENTIFIER), PsiElement(Py:DOT), PsiElement(Py:IDENTIFIER), PsiElement(Py:LPAR)]\",\"text\":\"nlp.tokenizer(\",\"position\":[8479,8492]}]},{\"clone_length\":4,\"clones\":[{\"psi\":\"[PsiElement(Py:IDENTIFIER), PsiElement(Py:DOT), PsiElement(Py:IDENTIFIER), PsiElement(Py:LPAR)]\",\"text\":\"nlp.disable_pipes(\\u0027ner\\u0027\",\"position\":[2704,2721]},{\"psi\":\"[PsiElement(Py:IDENTIFIER), PsiElement(Py:DOT), PsiElement(Py:IDENTIFIER), PsiElement(Py:LPAR)]\",\"text\":\"nlp.get_pipe(\\u0027ner\\u0027\",\"position\":[3204,3216]}]},{\"clone_length\":6,\"clones\":[{\"psi\":\"[PsiElement(Py:IDENTIFIER), PsiElement(Py:EQ), PsiElement(Py:IDENTIFIER), PsiElement(Py:DOT), PsiElement(Py:IDENTIFIER), PsiElement(Py:LPAR)]\",\"text\":\"ner \\u003d nlp.get_pipe(\\u0027ner\\u0027\",\"position\":[3356,3374]},{\"psi\":\"[PsiElement(Py:IDENTIFIER), PsiElement(Py:EQ), PsiElement(Py:IDENTIFIER), PsiElement(Py:DOT), PsiElement(Py:IDENTIFIER), PsiElement(Py:LPAR)]\",\"text\":\"ner \\u003d nlp.get_pipe(\\u0027ner\\u0027\",\"position\":[3491,3509]},{\"psi\":\"[PsiElement(Py:IDENTIFIER), PsiElement(Py:EQ), PsiElement(Py:IDENTIFIER), PsiElement(Py:DOT), PsiElement(Py:IDENTIFIER), PsiElement(Py:LPAR)]\",\"text\":\"ner \\u003d nlp.get_pipe(\\u0027ner\\u0027\",\"position\":[3593,3611]}]},{\"clone_length\":1,\"clones\":[{\"psi\":\"[PsiElement(Py:IDENTIFIER)]\",\"text\":\"ner\",\"position\":[3521,3521]},{\"psi\":\"[PsiElement(Py:IDENTIFIER)]\",\"text\":\"ner\",\"position\":[3979,3979]}]},{\"clone_length\":3,\"clones\":[{\"psi\":\"[PsiElement(Py:TRUE_KEYWORD), PsiElement(Py:RPAR), PsiElement(Py:IDENTIFIER)]\",\"text\":\"True)\\nprint\",\"position\":[3168,3174]},{\"psi\":\"[PsiElement(Py:TRUE_KEYWORD), PsiElement(Py:COLON), PsiElement(Py:IDENTIFIER)]\",\"text\":\"True:\\n        print\",\"position\":[4333,4347]},{\"psi\":\"[PsiElement(Py:TRUE_KEYWORD), PsiElement(Py:COLON), PsiElement(Py:IDENTIFIER)]\",\"text\":\"True:\\n            print\",\"position\":[5719,5737]}]},{\"clone_length\":3,\"clones\":[{\"psi\":\"[PsiElement(Py:ELSE_KEYWORD), PsiElement(Py:COLON), PsiElement(Py:IDENTIFIER)]\",\"text\":\"else:\\n        dataset\",\"position\":[5015,5029]},{\"psi\":\"[PsiElement(Py:ELSE_KEYWORD), PsiElement(Py:COLON), PsiElement(Py:IDENTIFIER)]\",\"text\":\"else:\\n        dataset\",\"position\":[6501,6515]}]},{\"clone_length\":6,\"clones\":[{\"psi\":\"[PsiElement(Py:IDENTIFIER), PsiElement(Py:DOT), PsiElement(Py:IDENTIFIER), PsiElement(Py:EQ), PsiElement(Py:IDENTIFIER), PsiElement(Py:LPAR)]\",\"text\":\"NERUS.ds_test \\u003d load_entries(\",\"position\":[1152,1180]},{\"psi\":\"[PsiElement(Py:IDENTIFIER), PsiElement(Py:DOT), PsiElement(Py:IDENTIFIER), PsiElement(Py:EQ), PsiElement(Py:IDENTIFIER), PsiElement(Py:LPAR)]\",\"text\":\"NERUS.ds_train \\u003d load_entries(\",\"position\":[1224,1253]}]},{\"clone_length\":2,\"clones\":[{\"psi\":\"[PsiElement(Py:IN_KEYWORD), PsiElement(Py:IDENTIFIER)]\",\"text\":\"\\u0027ner\\u0027 in nlp\",\"position\":[2665,2668]},{\"psi\":\"[PsiElement(Py:NOT_KEYWORD), PsiElement(Py:IN_KEYWORD), PsiElement(Py:IDENTIFIER)]\",\"text\":\"\\u0027ner\\u0027 not in nlp\",\"position\":[2742,2749]}]},{\"clone_length\":3,\"clones\":[{\"psi\":\"[PsiElement(Py:IDENTIFIER), PsiElement(Py:FROM_KEYWORD), PsiElement(Py:IDENTIFIER)]\",\"text\":\"spacy\\nfrom spacy\",\"position\":[228,239]},{\"psi\":\"[PsiElement(Py:IDENTIFIER)]\",\"text\":\"spacy\",\"position\":[382,382]},{\"psi\":\"[PsiElement(Py:IDENTIFIER)]\",\"text\":\"spacy\",\"position\":[7970,7970]},{\"psi\":\"[PsiElement(Py:IDENTIFIER)]\",\"text\":\"spacy\",\"position\":[8542,8542]},{\"psi\":\"[PsiElement(Py:IDENTIFIER)]\",\"text\":\"spacy\",\"position\":[7970,7970]},{\"psi\":\"[PsiElement(Py:IDENTIFIER)]\",\"text\":\"spacy\",\"position\":[8542,8542]}]},{\"clone_length\":6,\"clones\":[{\"psi\":\"[PsiElement(Py:IDENTIFIER), PsiElement(Py:DOT), PsiElement(Py:IDENTIFIER), PsiElement(Py:DOT), PsiElement(Py:IDENTIFIER), PsiElement(Py:LPAR)]\",\"text\":\"spacy.displacy.render(\",\"position\":[7970,7991]},{\"psi\":\"[PsiElement(Py:IDENTIFIER), PsiElement(Py:DOT), PsiElement(Py:IDENTIFIER), PsiElement(Py:DOT), PsiElement(Py:IDENTIFIER), PsiElement(Py:LPAR)]\",\"text\":\"spacy.displacy.render(\",\"position\":[8542,8563]}]},{\"clone_length\":4,\"clones\":[{\"psi\":\"[PsiElement(Py:IDENTIFIER), PsiElement(Py:LPAR), PsiElement(Py:IDENTIFIER), PsiElement(Py:COMMA)]\",\"text\":\"pluck(batch, \\u0027raw\\u0027\",\"position\":[4475,4486]},{\"psi\":\"[PsiElement(Py:IDENTIFIER), PsiElement(Py:LPAR), PsiElement(Py:IDENTIFIER), PsiElement(Py:COMMA)]\",\"text\":\"pluck(batch, \\u0027raw\\u0027\",\"position\":[5944,5955]}]},{\"clone_length\":1,\"clones\":[{\"psi\":\"[PsiElement(Py:IDENTIFIER)]\",\"text\":\"model\",\"position\":[4302,4302]},{\"psi\":\"[PsiElement(Py:IDENTIFIER)]\",\"text\":\"model\",\"position\":[5688,5688]},{\"psi\":\"[PsiElement(Py:IDENTIFIER)]\",\"text\":\"model\",\"position\":[5626,5626]},{\"psi\":\"[PsiElement(Py:IDENTIFIER)]\",\"text\":\"model\",\"position\":[4384,4384]},{\"psi\":\"[PsiElement(Py:IDENTIFIER)]\",\"text\":\"model\",\"position\":[5778,5778]},{\"psi\":\"[PsiElement(Py:IDENTIFIER)]\",\"text\":\"model\",\"position\":[6068,6068]},{\"psi\":\"[PsiElement(Py:IDENTIFIER)]\",\"text\":\"model\",\"position\":[4302,4302]},{\"psi\":\"[PsiElement(Py:IDENTIFIER)]\",\"text\":\"model\",\"position\":[5688,5688]}]},{\"clone_length\":4,\"clones\":[{\"psi\":\"[PsiElement(Py:IDENTIFIER), PsiElement(Py:DOT), PsiElement(Py:IDENTIFIER), PsiElement(Py:LPAR)]\",\"text\":\"model.get_pipe(\",\"position\":[4302,4316]},{\"psi\":\"[PsiElement(Py:IDENTIFIER), PsiElement(Py:DOT), PsiElement(Py:IDENTIFIER), PsiElement(Py:LPAR)]\",\"text\":\"model.get_pipe(\",\"position\":[5688,5702]},{\"psi\":\"[PsiElement(Py:IDENTIFIER), PsiElement(Py:DOT), PsiElement(Py:IDENTIFIER), PsiElement(Py:LPAR)]\",\"text\":\"model.disable_pipes(\",\"position\":[5626,5645]},{\"psi\":\"[PsiElement(Py:IDENTIFIER), PsiElement(Py:DOT), PsiElement(Py:IDENTIFIER), PsiElement(Py:LPAR)]\",\"text\":\"model.begin_training(\",\"position\":[4384,4404]},{\"psi\":\"[PsiElement(Py:IDENTIFIER), PsiElement(Py:DOT), PsiElement(Py:IDENTIFIER), PsiElement(Py:LPAR)]\",\"text\":\"model.begin_training(\",\"position\":[5778,5798]},{\"psi\":\"[PsiElement(Py:IDENTIFIER), PsiElement(Py:DOT), PsiElement(Py:IDENTIFIER), PsiElement(Py:LPAR)]\",\"text\":\"model.update(\",\"position\":[6068,6080]}]},{\"clone_length\":2,\"clones\":[{\"psi\":\"[PsiElement(Py:IDENTIFIER), PsiElement(Py:LPAR)]\",\"text\":\"print(\",\"position\":[2773,2778]},{\"psi\":\"[PsiElement(Py:IDENTIFIER), PsiElement(Py:LPAR)]\",\"text\":\"print(\",\"position\":[4028,4033]},{\"psi\":\"[PsiElement(Py:IDENTIFIER), PsiElement(Py:LPAR)]\",\"text\":\"print(\",\"position\":[4347,4352]},{\"psi\":\"[PsiElement(Py:IDENTIFIER), PsiElement(Py:LPAR)]\",\"text\":\"print(\",\"position\":[5737,5742]},{\"psi\":\"[PsiElement(Py:IDENTIFIER), PsiElement(Py:LPAR)]\",\"text\":\"print(\",\"position\":[7784,7789]},{\"psi\":\"[PsiElement(Py:IDENTIFIER), PsiElement(Py:LPAR)]\",\"text\":\"print(\",\"position\":[2891,2896]},{\"psi\":\"[PsiElement(Py:IDENTIFIER), PsiElement(Py:LPAR)]\",\"text\":\"print(\",\"position\":[1637,1642]}]},{\"clone_length\":7,\"clones\":[{\"psi\":\"[PsiElement(Py:IDENTIFIER), PsiElement(Py:EQ), PsiElement(Py:IDENTIFIER), PsiElement(Py:LPAR), PsiElement(Py:FLOAT_LITERAL), PsiElement(Py:COMMA), PsiElement(Py:FLOAT_LITERAL)]\",\"text\":\"size_ \\u003d compounding(1., 32.\",\"position\":[6698,6722]},{\"psi\":\"[PsiElement(Py:IDENTIFIER), PsiElement(Py:EQ), PsiElement(Py:IDENTIFIER), PsiElement(Py:LPAR), PsiElement(Py:FLOAT_LITERAL), PsiElement(Py:COMMA), PsiElement(Py:FLOAT_LITERAL)]\",\"text\":\"size_ \\u003d compounding(1., 32.\",\"position\":[6812,6836]},{\"psi\":\"[PsiElement(Py:IDENTIFIER), PsiElement(Py:EQ), PsiElement(Py:IDENTIFIER), PsiElement(Py:LPAR), PsiElement(Py:FLOAT_LITERAL), PsiElement(Py:COMMA), PsiElement(Py:FLOAT_LITERAL)]\",\"text\":\"size_ \\u003d compounding(1., 32.\",\"position\":[7201,7225]}]},{\"clone_length\":5,\"clones\":[{\"psi\":\"[PsiElement(Py:IDENTIFIER), PsiElement(Py:EQ), PsiElement(Py:IDENTIFIER), PsiElement(Py:LPAR), PsiElement(Py:IDENTIFIER)]\",\"text\":\"total\\u003dlen(dataset\",\"position\":[4775,4785]},{\"psi\":\"[PsiElement(Py:IDENTIFIER), PsiElement(Py:EQ), PsiElement(Py:IDENTIFIER), PsiElement(Py:LPAR), PsiElement(Py:IDENTIFIER)]\",\"text\":\"total\\u003dlen(dataset\",\"position\":[6657,6667]}]},{\"clone_length\":5,\"clones\":[{\"psi\":\"[PsiElement(Py:IDENTIFIER), PsiElement(Py:LPAR), PsiElement(Py:IDENTIFIER), PsiElement(Py:COMMA), PsiElement(Py:IDENTIFIER)]\",\"text\":\"evaluate(model, dataset\",\"position\":[4675,4691]},{\"psi\":\"[PsiElement(Py:IDENTIFIER), PsiElement(Py:LPAR), PsiElement(Py:IDENTIFIER), PsiElement(Py:COMMA), PsiElement(Py:IDENTIFIER)]\",\"text\":\"evaluate(model, dataset\",\"position\":[5060,5076]}]},{\"clone_length\":3,\"clones\":[{\"psi\":\"[PsiElement(Py:IDENTIFIER), PsiElement(Py:LPAR), PsiElement(Py:IDENTIFIER)]\",\"text\":\"minibatch(dataset\",\"position\":[4743,4753]},{\"psi\":\"[PsiElement(Py:IDENTIFIER), PsiElement(Py:LPAR), PsiElement(Py:IDENTIFIER)]\",\"text\":\"minibatch(dataset\",\"position\":[6573,6583]}]},{\"clone_length\":5,\"clones\":[{\"psi\":\"[PsiElement(Py:IDENTIFIER), PsiElement(Py:LPAR), PsiElement(Py:IDENTIFIER), PsiElement(Py:COMMA), PsiElement(Py:IDENTIFIER)]\",\"text\":\"_evaluate(model, batches\",\"position\":[4268,4285]},{\"psi\":\"[PsiElement(Py:IDENTIFIER), PsiElement(Py:LPAR), PsiElement(Py:IDENTIFIER), PsiElement(Py:COMMA), PsiElement(Py:IDENTIFIER)]\",\"text\":\"_evaluate(model, batches\",\"position\":[4819,4836]}]},{\"clone_length\":5,\"clones\":[{\"psi\":\"[PsiElement(Py:IDENTIFIER), PsiElement(Py:LPAR), PsiElement(Py:IDENTIFIER), PsiElement(Py:COMMA), PsiElement(Py:IDENTIFIER)]\",\"text\":\"view_example(nlp, s\",\"position\":[7758,7776]},{\"psi\":\"[PsiElement(Py:IDENTIFIER), PsiElement(Py:LPAR), PsiElement(Py:IDENTIFIER), PsiElement(Py:COMMA), PsiElement(Py:IDENTIFIER)]\",\"text\":\"view_example(nlp, s\",\"position\":[8069,8087]}]},{\"clone_length\":2,\"clones\":[{\"psi\":\"[PsiElement(Py:IDENTIFIER), PsiElement(Py:LPAR)]\",\"text\":\"enable_all_entities(\",\"position\":[6310,6329]},{\"psi\":\"[PsiElement(Py:IDENTIFIER), PsiElement(Py:LPAR)]\",\"text\":\"enable_all_entities(\",\"position\":[8011,8030]}]},{\"clone_length\":3,\"clones\":[{\"psi\":\"[PsiElement(Py:IDENTIFIER), PsiElement(Py:EQ), PsiElement(Py:IDENTIFIER)]\",\"text\":\"dataset \\u003d ds\",\"position\":[5029,5039]},{\"psi\":\"[PsiElement(Py:IDENTIFIER), PsiElement(Py:EQ), PsiElement(Py:IDENTIFIER)]\",\"text\":\"dataset \\u003d ds\",\"position\":[6436,6446]}]},{\"clone_length\":11,\"clones\":[{\"psi\":\"[PsiElement(Py:IDENTIFIER), PsiElement(Py:EQ), PsiElement(Py:IDENTIFIER), PsiElement(Py:DOT), PsiElement(Py:IDENTIFIER), PsiElement(Py:LPAR), PsiElement(Py:IDENTIFIER), PsiElement(Py:DOT), PsiElement(Py:IDENTIFIER), PsiElement(Py:COMMA), PsiElement(Py:IDENTIFIER)]\",\"text\":\"dataset \\u003d random.sample(ds.ds_test, count\",\"position\":[4968,5004]},{\"psi\":\"[PsiElement(Py:IDENTIFIER), PsiElement(Py:EQ), PsiElement(Py:IDENTIFIER), PsiElement(Py:DOT), PsiElement(Py:IDENTIFIER), PsiElement(Py:LPAR), PsiElement(Py:IDENTIFIER), PsiElement(Py:DOT), PsiElement(Py:IDENTIFIER), PsiElement(Py:COMMA), PsiElement(Py:IDENTIFIER)]\",\"text\":\"dataset \\u003d random.sample(ds.ds_train, count\",\"position\":[6515,6552]}]},{\"clone_length\":2,\"clones\":[{\"psi\":\"[PsiElement(Py:IDENTIFIER), PsiElement(Py:LPAR)]\",\"text\":\"display_ents(\",\"position\":[5515,5527]},{\"psi\":\"[PsiElement(Py:IDENTIFIER), PsiElement(Py:LPAR)]\",\"text\":\"display_ents(\",\"position\":[5387,5399]},{\"psi\":\"[PsiElement(Py:IDENTIFIER), PsiElement(Py:LPAR)]\",\"text\":\"display_ents(\",\"position\":[7013,7025]},{\"psi\":\"[PsiElement(Py:IDENTIFIER), PsiElement(Py:LPAR)]\",\"text\":\"display_ents(\",\"position\":[7467,7479]},{\"psi\":\"[PsiElement(Py:IDENTIFIER), PsiElement(Py:LPAR)]\",\"text\":\"display_ents(\",\"position\":[7645,7657]}]},{\"clone_length\":3,\"clones\":[{\"psi\":\"[PsiElement(Py:IDENTIFIER), PsiElement(Py:LPAR), PsiElement(Py:IDENTIFIER)]\",\"text\":\"display_ents(res\",\"position\":[5387,5400]},{\"psi\":\"[PsiElement(Py:IDENTIFIER), PsiElement(Py:LPAR), PsiElement(Py:IDENTIFIER)]\",\"text\":\"display_ents(res\",\"position\":[7013,7026]},{\"psi\":\"[PsiElement(Py:IDENTIFIER), PsiElement(Py:LPAR), PsiElement(Py:IDENTIFIER)]\",\"text\":\"display_ents(res\",\"position\":[7467,7480]},{\"psi\":\"[PsiElement(Py:IDENTIFIER), PsiElement(Py:LPAR), PsiElement(Py:IDENTIFIER)]\",\"text\":\"display_ents(res\",\"position\":[7645,7658]}]},{\"clone_length\":5,\"clones\":[{\"psi\":\"[PsiElement(Py:IDENTIFIER), PsiElement(Py:LPAR), PsiElement(Py:IDENTIFIER), PsiElement(Py:RPAR), PsiElement(Py:IDENTIFIER)]\",\"text\":\"display_ents(res)\\n# [___CELL_SEPARATOR___]\\noptimizer\",\"position\":[7467,7510]},{\"psi\":\"[PsiElement(Py:IDENTIFIER), PsiElement(Py:LPAR), PsiElement(Py:IDENTIFIER), PsiElement(Py:RPAR), PsiElement(Py:IDENTIFIER)]\",\"text\":\"display_ents(res)\\n# [___CELL_SEPARATOR___]\\noptimizer\",\"position\":[7645,7688]}]},{\"clone_length\":1,\"clones\":[{\"psi\":\"[PsiElement(Py:IDENTIFIER)]\",\"text\":\"nlp_ner\",\"position\":[3013,3013]},{\"psi\":\"[PsiElement(Py:IDENTIFIER)]\",\"text\":\"nlp_ner\",\"position\":[3013,3013]}]},{\"clone_length\":6,\"clones\":[{\"psi\":\"[PsiElement(Py:IDENTIFIER), PsiElement(Py:EQ), PsiElement(Py:IDENTIFIER), PsiElement(Py:DOT), PsiElement(Py:IDENTIFIER), PsiElement(Py:LPAR)]\",\"text\":\"nlp_ner \\u003d nlp.create_pipe(\\u0027ner\\u0027\",\"position\":[2810,2835]},{\"psi\":\"[PsiElement(Py:IDENTIFIER), PsiElement(Py:EQ), PsiElement(Py:IDENTIFIER), PsiElement(Py:DOT), PsiElement(Py:IDENTIFIER), PsiElement(Py:LPAR)]\",\"text\":\"nlp_ner \\u003d nlp.get_pipe(\\u0027ner\\u0027\",\"position\":[2930,2952]}]}]}","initial_tree_length":1490,"project_name":"f72a0512970238b553958fa52ab73c8f5b640233","file_name":"f72a0512970238b553958fa52ab73c8f5b640233.ipynb.py"}