{"3":"{\"totalGroups\":8,\"totalClones\":18,\"groups\":[{\"clone_length\":3,\"clones\":[{\"psi\":\"[PsiElement(Py:IDENTIFIER), PsiElement(Py:IMPORT_KEYWORD), PsiElement(Py:IDENTIFIER)]\",\"text\":\"os\\nimport os\",\"position\":[74,84]},{\"psi\":\"[PsiElement(Py:IDENTIFIER), PsiElement(Py:IMPORT_KEYWORD), PsiElement(Py:IDENTIFIER)]\",\"text\":\"os\\nimport os\",\"position\":[74,84]},{\"psi\":\"[PsiElement(Py:IDENTIFIER)]\",\"text\":\"os\",\"position\":[900,900]}]},{\"clone_length\":2,\"clones\":[{\"psi\":\"[PsiElement(Py:IDENTIFIER), PsiElement(Py:IDENTIFIER)]\",\"text\":\"IPKernelApp\\n    IPKernelApp\",\"position\":[2318,2334]},{\"psi\":\"[PsiElement(Py:IDENTIFIER), PsiElement(Py:IDENTIFIER)]\",\"text\":\"IPKernelApp\\n    IPKernelApp\",\"position\":[2318,2334]}]},{\"clone_length\":3,\"clones\":[{\"psi\":\"[PsiElement(Py:PERC), PsiElement(Py:PERC), PsiElement(Py:IDENTIFIER)]\",\"text\":\"%%writefile\",\"position\":[1100,1102]},{\"psi\":\"[PsiElement(Py:PERC), PsiElement(Py:PERC), PsiElement(Py:IDENTIFIER)]\",\"text\":\"%%writefile\",\"position\":[36,38]},{\"psi\":\"[PsiElement(Py:PERC), PsiElement(Py:PERC), PsiElement(Py:IDENTIFIER)]\",\"text\":\"%%writefile\",\"position\":[2411,2413]}]},{\"clone_length\":4,\"clones\":[{\"psi\":\"[PsiElement(Py:PERC), PsiElement(Py:PERC), PsiElement(Py:IDENTIFIER), PsiElement(Py:IDENTIFIER)]\",\"text\":\"%%writefile cpp\",\"position\":[36,48]},{\"psi\":\"[PsiElement(Py:PERC), PsiElement(Py:PERC), PsiElement(Py:IDENTIFIER), PsiElement(Py:IDENTIFIER)]\",\"text\":\"%%writefile cpp\",\"position\":[2411,2423]}]},{\"clone_length\":3,\"clones\":[{\"psi\":\"[PsiElement(BAD_CHARACTER), PsiElement(Py:IDENTIFIER), PsiElement(Py:IDENTIFIER)]\",\"text\":\"!jupyter kernelspec\",\"position\":[2618,2627]},{\"psi\":\"[PsiElement(BAD_CHARACTER), PsiElement(Py:IDENTIFIER), PsiElement(Py:IDENTIFIER)]\",\"text\":\"!jupyter kernelspec\",\"position\":[2692,2701]}]},{\"clone_length\":5,\"clones\":[{\"psi\":\"[PsiElement(Py:IDENTIFIER), PsiElement(Py:DOT), PsiElement(Py:IDENTIFIER), PsiElement(Py:LPAR), PsiElement(Py:IDENTIFIER)]\",\"text\":\"op.join(tmpdir\",\"position\":[648,656]},{\"psi\":\"[PsiElement(Py:IDENTIFIER), PsiElement(Py:DOT), PsiElement(Py:IDENTIFIER), PsiElement(Py:LPAR), PsiElement(Py:IDENTIFIER)]\",\"text\":\"op.join(tmpdir\",\"position\":[699,707]}]},{\"clone_length\":3,\"clones\":[{\"psi\":\"[PsiElement(Py:IDENTIFIER), PsiElement(Py:COLON), PsiElement(Py:IDENTIFIER)]\",\"text\":\"f:\\n            f\",\"position\":[808,823]},{\"psi\":\"[PsiElement(Py:IDENTIFIER)]\",\"text\":\"f\",\"position\":[823,823]}]},{\"clone_length\":3,\"clones\":[{\"psi\":\"[PsiElement(Py:IDENTIFIER), PsiElement(Py:DIV), PsiElement(Py:IDENTIFIER)]\",\"text\":\"cpp/cpp_kernel\",\"position\":[48,52]},{\"psi\":\"[PsiElement(Py:IDENTIFIER), PsiElement(Py:DIV), PsiElement(Py:IDENTIFIER)]\",\"text\":\"cpp/cpp_kernel\",\"position\":[1115,1119]}]}]}","initial_tree_length":314,"project_name":"f7d47dfdd151a870520f08675aa5edcf0e9d879b","file_name":"f7d47dfdd151a870520f08675aa5edcf0e9d879b.ipynb.py"}