{"3":"{\"totalGroups\":6,\"totalClones\":14,\"groups\":[{\"clone_length\":1,\"clones\":[{\"psi\":\"[PsiElement(Py:TRIPLE_QUOTED_STRING)]\",\"text\":\"\\u0027\\u0027\\u0027\\n  gloss\\n  nametype\\n  voc_lex\\n  voc_lex_utf8\\n\\u0027\\u0027\\u0027\",\"position\":[342,342]},{\"psi\":\"[PsiElement(Py:TRIPLE_QUOTED_STRING)]\",\"text\":\"\\u0027\\u0027\\u0027\\n  gloss\\n  nametype\\n  voc_lex\\n  voc_lex_utf8\\n\\u0027\\u0027\\u0027\",\"position\":[342,342]}]},{\"clone_length\":1,\"clones\":[{\"psi\":\"[PsiElement(Py:IDENTIFIER)]\",\"text\":\"nodeFeatures\",\"position\":[1317,1317]},{\"psi\":\"[PsiElement(Py:IDENTIFIER)]\",\"text\":\"nodeFeatures\",\"position\":[1317,1317]},{\"psi\":\"[PsiElement(Py:IDENTIFIER)]\",\"text\":\"nodeFeatures\",\"position\":[1353,1353]}]},{\"clone_length\":3,\"clones\":[{\"psi\":\"[PsiElement(Py:IDENTIFIER), PsiElement(Py:LBRACKET), PsiElement(Py:IDENTIFIER)]\",\"text\":\"nodeFeatures[feat\",\"position\":[1317,1330]},{\"psi\":\"[PsiElement(Py:IDENTIFIER), PsiElement(Py:LBRACKET), PsiElement(Py:IDENTIFIER)]\",\"text\":\"nodeFeatures[feat\",\"position\":[1353,1366]}]},{\"clone_length\":7,\"clones\":[{\"psi\":\"[PsiElement(Py:FSTRING_START), PsiElement(Py:FSTRING_FRAGMENT_START), PsiElement(Py:IDENTIFIER), PsiElement(Py:FSTRING_FRAGMENT_END), PsiElement(Py:FSTRING_TEXT), PsiElement(Py:FSTRING_FRAGMENT_START), PsiElement(Py:IDENTIFIER)]\",\"text\":\"f\\u0027{REPO_PATH}/tf/{VERSION\",\"position\":[231,249]},{\"psi\":\"[PsiElement(Py:FSTRING_START), PsiElement(Py:FSTRING_FRAGMENT_START), PsiElement(Py:IDENTIFIER), PsiElement(Py:FSTRING_FRAGMENT_END), PsiElement(Py:FSTRING_TEXT), PsiElement(Py:FSTRING_FRAGMENT_START), PsiElement(Py:IDENTIFIER)]\",\"text\":\"f\\u0027{REPO_PATH}/_temp/lex/{VERSION\",\"position\":[268,293]}]},{\"clone_length\":6,\"clones\":[{\"psi\":\"[PsiElement(Py:IDENTIFIER), PsiElement(Py:EQ), PsiElement(Py:IDENTIFIER), PsiElement(Py:DOT), PsiElement(Py:IDENTIFIER), PsiElement(Py:LPAR)]\",\"text\":\"results \\u003d A.search(\",\"position\":[1794,1812]},{\"psi\":\"[PsiElement(Py:IDENTIFIER), PsiElement(Py:EQ), PsiElement(Py:IDENTIFIER), PsiElement(Py:DOT), PsiElement(Py:IDENTIFIER), PsiElement(Py:LPAR)]\",\"text\":\"results \\u003d A.search(\",\"position\":[1845,1863]},{\"psi\":\"[PsiElement(Py:IDENTIFIER), PsiElement(Py:EQ), PsiElement(Py:IDENTIFIER), PsiElement(Py:DOT), PsiElement(Py:IDENTIFIER), PsiElement(Py:LPAR)]\",\"text\":\"results \\u003d A.search(\",\"position\":[1897,1915]}]},{\"clone_length\":3,\"clones\":[{\"psi\":\"[PsiElement(Py:IDENTIFIER), PsiElement(Py:LPAR), PsiElement(Py:IDENTIFIER)]\",\"text\":\"Fabric(locations\",\"position\":[960,967]},{\"psi\":\"[PsiElement(Py:IDENTIFIER), PsiElement(Py:LPAR), PsiElement(Py:IDENTIFIER)]\",\"text\":\"Fabric(locations\",\"position\":[1417,1424]}]}]}","initial_tree_length":327,"project_name":"f7f882eaa81922b83ed243ea1f5cd132c972723d","file_name":"f7f882eaa81922b83ed243ea1f5cd132c972723d.ipynb.py"}