{"3":"{\"totalGroups\":4,\"totalClones\":8,\"groups\":[{\"clone_length\":2,\"clones\":[{\"psi\":\"[PsiElement(Py:IDENTIFIER), PsiElement(Py:IDENTIFIER)]\",\"text\":\"random\\nrandom\",\"position\":[18,25]},{\"psi\":\"[PsiElement(Py:IDENTIFIER), PsiElement(Py:IDENTIFIER)]\",\"text\":\"random\\nrandom\",\"position\":[18,25]}]},{\"clone_length\":4,\"clones\":[{\"psi\":\"[PsiElement(Py:IDENTIFIER), PsiElement(Py:DOT), PsiElement(Py:IDENTIFIER), PsiElement(Py:LPAR)]\",\"text\":\"random.seed(\",\"position\":[25,36]},{\"psi\":\"[PsiElement(Py:IDENTIFIER), PsiElement(Py:DOT), PsiElement(Py:IDENTIFIER), PsiElement(Py:LPAR)]\",\"text\":\"random.random(\",\"position\":[300,313]}]},{\"clone_length\":24,\"clones\":[{\"psi\":\"[PsiElement(Py:LBRACE), PsiElement(Py:INTEGER_LITERAL), PsiElement(Py:COLON), PsiElement(Py:INTEGER_LITERAL), PsiElement(Py:COMMA), PsiElement(Py:INTEGER_LITERAL), PsiElement(Py:COLON), PsiElement(Py:INTEGER_LITERAL), PsiElement(Py:COMMA), PsiElement(Py:INTEGER_LITERAL), PsiElement(Py:COLON), PsiElement(Py:INTEGER_LITERAL), PsiElement(Py:COMMA), PsiElement(Py:INTEGER_LITERAL), PsiElement(Py:COLON), PsiElement(Py:INTEGER_LITERAL), PsiElement(Py:COMMA), PsiElement(Py:INTEGER_LITERAL), PsiElement(Py:COLON), PsiElement(Py:INTEGER_LITERAL), PsiElement(Py:COMMA), PsiElement(Py:INTEGER_LITERAL), PsiElement(Py:COLON), PsiElement(Py:INTEGER_LITERAL)]\",\"text\":\"{20:0, 30:0, 40:0, 50:0, 60:0, 70:0\",\"position\":[50,84]},{\"psi\":\"[PsiElement(Py:LBRACE), PsiElement(Py:INTEGER_LITERAL), PsiElement(Py:COLON), PsiElement(Py:INTEGER_LITERAL), PsiElement(Py:COMMA), PsiElement(Py:INTEGER_LITERAL), PsiElement(Py:COLON), PsiElement(Py:INTEGER_LITERAL), PsiElement(Py:COMMA), PsiElement(Py:INTEGER_LITERAL), PsiElement(Py:COLON), PsiElement(Py:INTEGER_LITERAL), PsiElement(Py:COMMA), PsiElement(Py:INTEGER_LITERAL), PsiElement(Py:COLON), PsiElement(Py:INTEGER_LITERAL), PsiElement(Py:COMMA), PsiElement(Py:INTEGER_LITERAL), PsiElement(Py:COLON), PsiElement(Py:INTEGER_LITERAL), PsiElement(Py:COMMA), PsiElement(Py:INTEGER_LITERAL), PsiElement(Py:COLON), PsiElement(Py:INTEGER_LITERAL)]\",\"text\":\"{20:0, 30:0, 40:0, 50:0, 60:0, 70:0\",\"position\":[99,133]}]},{\"clone_length\":2,\"clones\":[{\"psi\":\"[PsiElement(Py:IDENTIFIER), PsiElement(Py:LPAR)]\",\"text\":\"float(\",\"position\":[433,438]},{\"psi\":\"[PsiElement(Py:IDENTIFIER), PsiElement(Py:LPAR)]\",\"text\":\"float(\",\"position\":[537,542]}]}]}","initial_tree_length":158,"project_name":"fb8fc4471878779a9a25255e27a68d259afed94d","file_name":"fb8fc4471878779a9a25255e27a68d259afed94d.ipynb.py"}