{"3":"{\"totalGroups\":12,\"totalClones\":43,\"groups\":[{\"clone_length\":9,\"clones\":[{\"psi\":\"[PsiElement(Py:IDENTIFIER), PsiElement(Py:COMMA), PsiElement(Py:IDENTIFIER), PsiElement(Py:COMMA), PsiElement(Py:IDENTIFIER), PsiElement(Py:COMMA), PsiElement(Py:IDENTIFIER), PsiElement(Py:COMMA), PsiElement(Py:IDENTIFIER)]\",\"text\":\"item_price_1,\\n            item_price_2,\\n            item_price_3,\\n            item_price_4,\\n            item_price_5\",\"position\":[498,602]},{\"psi\":\"[PsiElement(Py:IDENTIFIER), PsiElement(Py:COMMA), PsiElement(Py:IDENTIFIER), PsiElement(Py:COMMA), PsiElement(Py:IDENTIFIER), PsiElement(Py:COMMA), PsiElement(Py:IDENTIFIER), PsiElement(Py:COMMA), PsiElement(Py:IDENTIFIER)]\",\"text\":\"item_price_1,\\n            item_price_2,\\n            item_price_3,\\n            item_price_4,\\n            item_price_5\",\"position\":[2274,2378]}]},{\"clone_length\":2,\"clones\":[{\"psi\":\"[PsiElement(Py:ASSERT_KEYWORD), PsiElement(Py:IDENTIFIER)]\",\"text\":\"assert stdout_list\",\"position\":[1031,1038]},{\"psi\":\"[PsiElement(Py:ASSERT_KEYWORD), PsiElement(Py:IDENTIFIER)]\",\"text\":\"assert stdout_list\",\"position\":[927,934]},{\"psi\":\"[PsiElement(Py:ASSERT_KEYWORD), PsiElement(Py:IDENTIFIER)]\",\"text\":\"assert stdout_list\",\"position\":[823,830]},{\"psi\":\"[PsiElement(Py:ASSERT_KEYWORD), PsiElement(Py:IDENTIFIER)]\",\"text\":\"assert stdout_list\",\"position\":[1135,1142]},{\"psi\":\"[PsiElement(Py:ASSERT_KEYWORD), PsiElement(Py:IDENTIFIER)]\",\"text\":\"assert stdout_list\",\"position\":[1239,1246]}]},{\"clone_length\":9,\"clones\":[{\"psi\":\"[PsiElement(Py:IDENTIFIER), PsiElement(Py:COMMA), PsiElement(Py:IDENTIFIER), PsiElement(Py:COMMA), PsiElement(Py:IDENTIFIER), PsiElement(Py:COMMA), PsiElement(Py:IDENTIFIER), PsiElement(Py:COMMA), PsiElement(Py:IDENTIFIER)]\",\"text\":\"item_quant_1,\\n            item_quant_2,\\n            item_quant_3,\\n            item_quant_4,\\n            item_quant_5\",\"position\":[628,732]},{\"psi\":\"[PsiElement(Py:IDENTIFIER), PsiElement(Py:COMMA), PsiElement(Py:IDENTIFIER), PsiElement(Py:COMMA), PsiElement(Py:IDENTIFIER), PsiElement(Py:COMMA), PsiElement(Py:IDENTIFIER), PsiElement(Py:COMMA), PsiElement(Py:IDENTIFIER)]\",\"text\":\"item_quant_1,\\n            item_quant_2,\\n            item_quant_3,\\n            item_quant_4,\\n            item_quant_5\",\"position\":[2752,2856]}]},{\"clone_length\":7,\"clones\":[{\"psi\":\"[PsiElement(Py:AT), PsiElement(Py:IDENTIFIER), PsiElement(Py:DOT), PsiElement(Py:IDENTIFIER), PsiElement(Py:DOT), PsiElement(Py:IDENTIFIER), PsiElement(Py:LPAR)]\",\"text\":\"@pytest.mark.it(\",\"position\":[1439,1454]},{\"psi\":\"[PsiElement(Py:AT), PsiElement(Py:IDENTIFIER), PsiElement(Py:DOT), PsiElement(Py:IDENTIFIER), PsiElement(Py:DOT), PsiElement(Py:IDENTIFIER), PsiElement(Py:LPAR)]\",\"text\":\"@pytest.mark.describe(\",\"position\":[89,110]},{\"psi\":\"[PsiElement(Py:AT), PsiElement(Py:IDENTIFIER), PsiElement(Py:DOT), PsiElement(Py:IDENTIFIER), PsiElement(Py:DOT), PsiElement(Py:IDENTIFIER), PsiElement(Py:LPAR)]\",\"text\":\"@pytest.mark.describe(\",\"position\":[1337,1358]},{\"psi\":\"[PsiElement(Py:AT), PsiElement(Py:IDENTIFIER), PsiElement(Py:DOT), PsiElement(Py:IDENTIFIER), PsiElement(Py:DOT), PsiElement(Py:IDENTIFIER), PsiElement(Py:LPAR)]\",\"text\":\"@pytest.mark.it(\",\"position\":[2163,2178]},{\"psi\":\"[PsiElement(Py:AT), PsiElement(Py:IDENTIFIER), PsiElement(Py:DOT), PsiElement(Py:IDENTIFIER), PsiElement(Py:DOT), PsiElement(Py:IDENTIFIER), PsiElement(Py:LPAR)]\",\"text\":\"@pytest.mark.it(\",\"position\":[185,200]},{\"psi\":\"[PsiElement(Py:AT), PsiElement(Py:IDENTIFIER), PsiElement(Py:DOT), PsiElement(Py:IDENTIFIER), PsiElement(Py:DOT), PsiElement(Py:IDENTIFIER), PsiElement(Py:LPAR)]\",\"text\":\"@pytest.mark.describe(\",\"position\":[1594,1615]},{\"psi\":\"[PsiElement(Py:AT), PsiElement(Py:IDENTIFIER), PsiElement(Py:DOT), PsiElement(Py:IDENTIFIER), PsiElement(Py:DOT), PsiElement(Py:IDENTIFIER), PsiElement(Py:LPAR)]\",\"text\":\"@pytest.mark.it(\",\"position\":[1704,1719]},{\"psi\":\"[PsiElement(Py:AT), PsiElement(Py:IDENTIFIER), PsiElement(Py:DOT), PsiElement(Py:IDENTIFIER), PsiElement(Py:DOT), PsiElement(Py:IDENTIFIER), PsiElement(Py:LPAR)]\",\"text\":\"@pytest.mark.it(\",\"position\":[2643,2658]}]},{\"clone_length\":3,\"clones\":[{\"psi\":\"[PsiElement(Py:AT), PsiElement(Py:IDENTIFIER), PsiElement(Py:LPAR)]\",\"text\":\"@patch(\",\"position\":[249,255]},{\"psi\":\"[PsiElement(Py:AT), PsiElement(Py:IDENTIFIER), PsiElement(Py:LPAR)]\",\"text\":\"@patch(\",\"position\":[1487,1493]}]},{\"clone_length\":5,\"clones\":[{\"psi\":\"[PsiElement(Py:LPAR), PsiElement(Py:RPAR), PsiElement(Py:EQEQ), PsiElement(Py:FSTRING_START), PsiElement(Py:FSTRING_FRAGMENT_START)]\",\"text\":\"() \\u003d\\u003d f\\\"{\",\"position\":[1058,1066]},{\"psi\":\"[PsiElement(Py:LPAR), PsiElement(Py:RPAR), PsiElement(Py:EQEQ), PsiElement(Py:FSTRING_START), PsiElement(Py:FSTRING_FRAGMENT_START)]\",\"text\":\"() \\u003d\\u003d f\\\"{\",\"position\":[954,962]},{\"psi\":\"[PsiElement(Py:LPAR), PsiElement(Py:RPAR), PsiElement(Py:EQEQ), PsiElement(Py:FSTRING_START), PsiElement(Py:FSTRING_FRAGMENT_START)]\",\"text\":\"() \\u003d\\u003d f\\\"{\",\"position\":[850,858]},{\"psi\":\"[PsiElement(Py:LPAR), PsiElement(Py:RPAR), PsiElement(Py:EQEQ), PsiElement(Py:FSTRING_START), PsiElement(Py:FSTRING_FRAGMENT_START)]\",\"text\":\"() \\u003d\\u003d f\\\"{\",\"position\":[1162,1170]},{\"psi\":\"[PsiElement(Py:LPAR), PsiElement(Py:RPAR), PsiElement(Py:EQEQ), PsiElement(Py:FSTRING_START), PsiElement(Py:FSTRING_FRAGMENT_START)]\",\"text\":\"() \\u003d\\u003d f\\\"{\",\"position\":[1266,1274]}]},{\"clone_length\":6,\"clones\":[{\"psi\":\"[PsiElement(Py:LPAR), PsiElement(Py:IDENTIFIER), PsiElement(Py:RPAR), PsiElement(Py:COLON), PsiElement(Py:FROM_KEYWORD), PsiElement(Py:IDENTIFIER)]\",\"text\":\"(self):\\n        from p3\",\"position\":[1769,1790]},{\"psi\":\"[PsiElement(Py:LPAR), PsiElement(Py:IDENTIFIER), PsiElement(Py:RPAR), PsiElement(Py:COLON), PsiElement(Py:FROM_KEYWORD), PsiElement(Py:IDENTIFIER)]\",\"text\":\"(self):\\n        from p3\",\"position\":[2229,2250]},{\"psi\":\"[PsiElement(Py:LPAR), PsiElement(Py:IDENTIFIER), PsiElement(Py:RPAR), PsiElement(Py:COLON), PsiElement(Py:FROM_KEYWORD), PsiElement(Py:IDENTIFIER)]\",\"text\":\"(self):\\n        from p3\",\"position\":[2707,2728]}]},{\"clone_length\":5,\"clones\":[{\"psi\":\"[PsiElement(Py:IDENTIFIER), PsiElement(Py:RPAR), PsiElement(Py:ASSERT_KEYWORD), PsiElement(Py:IDENTIFIER), PsiElement(Py:LPAR)]\",\"text\":\"str)\\n        assert isinstance(\",\"position\":[2065,2095]},{\"psi\":\"[PsiElement(Py:IDENTIFIER), PsiElement(Py:RPAR), PsiElement(Py:ASSERT_KEYWORD), PsiElement(Py:IDENTIFIER), PsiElement(Py:LPAR)]\",\"text\":\"str)\\n        assert isinstance(\",\"position\":[2021,2051]},{\"psi\":\"[PsiElement(Py:IDENTIFIER), PsiElement(Py:RPAR), PsiElement(Py:ASSERT_KEYWORD), PsiElement(Py:IDENTIFIER), PsiElement(Py:LPAR)]\",\"text\":\"str)\\n        assert isinstance(\",\"position\":[1977,2007]},{\"psi\":\"[PsiElement(Py:IDENTIFIER), PsiElement(Py:RPAR), PsiElement(Py:ASSERT_KEYWORD), PsiElement(Py:IDENTIFIER), PsiElement(Py:LPAR)]\",\"text\":\"str)\\n        assert isinstance(\",\"position\":[2109,2139]}]},{\"clone_length\":5,\"clones\":[{\"psi\":\"[PsiElement(Py:IDENTIFIER), PsiElement(Py:RPAR), PsiElement(Py:ASSERT_KEYWORD), PsiElement(Py:IDENTIFIER), PsiElement(Py:LPAR)]\",\"text\":\"int)\\n        assert isinstance(\",\"position\":[3011,3041]},{\"psi\":\"[PsiElement(Py:IDENTIFIER), PsiElement(Py:RPAR), PsiElement(Py:ASSERT_KEYWORD), PsiElement(Py:IDENTIFIER), PsiElement(Py:LPAR)]\",\"text\":\"int)\\n        assert isinstance(\",\"position\":[2966,2996]},{\"psi\":\"[PsiElement(Py:IDENTIFIER), PsiElement(Py:RPAR), PsiElement(Py:ASSERT_KEYWORD), PsiElement(Py:IDENTIFIER), PsiElement(Py:LPAR)]\",\"text\":\"int)\\n        assert isinstance(\",\"position\":[2921,2951]},{\"psi\":\"[PsiElement(Py:IDENTIFIER), PsiElement(Py:RPAR), PsiElement(Py:ASSERT_KEYWORD), PsiElement(Py:IDENTIFIER), PsiElement(Py:LPAR)]\",\"text\":\"int)\\n        assert isinstance(\",\"position\":[3056,3086]}]},{\"clone_length\":13,\"clones\":[{\"psi\":\"[PsiElement(Py:FROM_KEYWORD), PsiElement(Py:IDENTIFIER), PsiElement(Py:IMPORT_KEYWORD), PsiElement(Py:LPAR), PsiElement(Py:IDENTIFIER), PsiElement(Py:COMMA), PsiElement(Py:IDENTIFIER), PsiElement(Py:COMMA), PsiElement(Py:IDENTIFIER), PsiElement(Py:COMMA), PsiElement(Py:IDENTIFIER), PsiElement(Py:COMMA), PsiElement(Py:IDENTIFIER)]\",\"text\":\"from p3 import (\\n            item_name_1,\\n            item_name_2,\\n            item_name_3,\\n            item_name_4,\\n            item_name_5\",\"position\":[344,473]},{\"psi\":\"[PsiElement(Py:FROM_KEYWORD), PsiElement(Py:IDENTIFIER), PsiElement(Py:IMPORT_KEYWORD), PsiElement(Py:LPAR), PsiElement(Py:IDENTIFIER), PsiElement(Py:COMMA), PsiElement(Py:IDENTIFIER), PsiElement(Py:COMMA), PsiElement(Py:IDENTIFIER), PsiElement(Py:COMMA), PsiElement(Py:IDENTIFIER), PsiElement(Py:COMMA), PsiElement(Py:IDENTIFIER)]\",\"text\":\"from p3 import (\\n            item_name_1,\\n            item_name_2,\\n            item_name_3,\\n            item_name_4,\\n            item_name_5\",\"position\":[1785,1914]}]},{\"clone_length\":5,\"clones\":[{\"psi\":\"[PsiElement(Py:IDENTIFIER), PsiElement(Py:RPAR), PsiElement(Py:ASSERT_KEYWORD), PsiElement(Py:IDENTIFIER), PsiElement(Py:LPAR)]\",\"text\":\"float)\\n        assert isinstance(\",\"position\":[2537,2569]},{\"psi\":\"[PsiElement(Py:IDENTIFIER), PsiElement(Py:RPAR), PsiElement(Py:ASSERT_KEYWORD), PsiElement(Py:IDENTIFIER), PsiElement(Py:LPAR)]\",\"text\":\"float)\\n        assert isinstance(\",\"position\":[2490,2522]},{\"psi\":\"[PsiElement(Py:IDENTIFIER), PsiElement(Py:RPAR), PsiElement(Py:ASSERT_KEYWORD), PsiElement(Py:IDENTIFIER), PsiElement(Py:LPAR)]\",\"text\":\"float)\\n        assert isinstance(\",\"position\":[2443,2475]},{\"psi\":\"[PsiElement(Py:IDENTIFIER), PsiElement(Py:RPAR), PsiElement(Py:ASSERT_KEYWORD), PsiElement(Py:IDENTIFIER), PsiElement(Py:LPAR)]\",\"text\":\"float)\\n        assert isinstance(\",\"position\":[2584,2616]}]},{\"clone_length\":1,\"clones\":[{\"psi\":\"[PsiElement(Py:IDENTIFIER)]\",\"text\":\"mock_stdout\",\"position\":[779,779]},{\"psi\":\"[PsiElement(Py:IDENTIFIER)]\",\"text\":\"mock_stdout\",\"position\":[779,779]}]}]}","initial_tree_length":397,"project_name":"fbed0d0d872354ffc165d74f5b564c73310ae8fe","file_name":"fbed0d0d872354ffc165d74f5b564c73310ae8fe.ipynb.py"}