{"3":"{\"totalGroups\":11,\"totalClones\":39,\"groups\":[{\"clone_length\":17,\"clones\":[{\"psi\":\"[PsiElement(Py:LPAR), PsiElement(Py:RPAR), PsiElement(Py:DOT), PsiElement(Py:IDENTIFIER), PsiElement(Py:LPAR), PsiElement(Py:RPAR), PsiElement(Py:IDENTIFIER), PsiElement(Py:DOT), PsiElement(Py:IDENTIFIER), PsiElement(Py:LPAR), PsiElement(Py:INTEGER_LITERAL), PsiElement(Py:RPAR), PsiElement(Py:IDENTIFIER), PsiElement(Py:DOT), PsiElement(Py:IDENTIFIER), PsiElement(Py:LBRACKET), PsiElement(Py:INTEGER_LITERAL)]\",\"text\":\"().frame()\\n# [___CELL_SEPARATOR___]\\nresult.head(5)\\n# [___CELL_SEPARATOR___]\\nresult.iloc[0\",\"position\":[738,826]},{\"psi\":\"[PsiElement(Py:LPAR), PsiElement(Py:RPAR), PsiElement(Py:DOT), PsiElement(Py:IDENTIFIER), PsiElement(Py:LPAR), PsiElement(Py:RPAR), PsiElement(Py:IDENTIFIER), PsiElement(Py:DOT), PsiElement(Py:IDENTIFIER), PsiElement(Py:LPAR), PsiElement(Py:INTEGER_LITERAL), PsiElement(Py:RPAR), PsiElement(Py:IDENTIFIER), PsiElement(Py:DOT), PsiElement(Py:IDENTIFIER), PsiElement(Py:LBRACKET), PsiElement(Py:INTEGER_LITERAL)]\",\"text\":\"().frame()\\n# [___CELL_SEPARATOR___]\\nresult.head(5)\\n# [___CELL_SEPARATOR___]\\nresult.iloc[0\",\"position\":[1132,1220]},{\"psi\":\"[PsiElement(Py:LPAR), PsiElement(Py:RPAR), PsiElement(Py:DOT), PsiElement(Py:IDENTIFIER), PsiElement(Py:LPAR), PsiElement(Py:RPAR), PsiElement(Py:IDENTIFIER), PsiElement(Py:DOT), PsiElement(Py:IDENTIFIER), PsiElement(Py:LPAR), PsiElement(Py:INTEGER_LITERAL), PsiElement(Py:RPAR), PsiElement(Py:IDENTIFIER), PsiElement(Py:DOT), PsiElement(Py:IDENTIFIER), PsiElement(Py:LBRACKET), PsiElement(Py:INTEGER_LITERAL)]\",\"text\":\"().frame()\\n# [___CELL_SEPARATOR___]\\nresult.head(5)\\n# [___CELL_SEPARATOR___]\\nresult.iloc[0\",\"position\":[1528,1616]},{\"psi\":\"[PsiElement(Py:LPAR), PsiElement(Py:RPAR), PsiElement(Py:DOT), PsiElement(Py:IDENTIFIER), PsiElement(Py:LPAR), PsiElement(Py:RPAR), PsiElement(Py:IDENTIFIER), PsiElement(Py:DOT), PsiElement(Py:IDENTIFIER), PsiElement(Py:LPAR), PsiElement(Py:INTEGER_LITERAL), PsiElement(Py:RPAR), PsiElement(Py:IDENTIFIER), PsiElement(Py:DOT), PsiElement(Py:IDENTIFIER), PsiElement(Py:LBRACKET), PsiElement(Py:INTEGER_LITERAL)]\",\"text\":\"().frame()\\n# [___CELL_SEPARATOR___]\\nresult.head(5)\\n# [___CELL_SEPARATOR___]\\nresult.iloc[0\",\"position\":[1859,1947]}]},{\"clone_length\":35,\"clones\":[{\"psi\":\"[PsiElement(Py:LPAR), PsiElement(Py:RPAR), PsiElement(Py:DOT), PsiElement(Py:IDENTIFIER), PsiElement(Py:LPAR), PsiElement(Py:RPAR), PsiElement(Py:IDENTIFIER), PsiElement(Py:DOT), PsiElement(Py:IDENTIFIER), PsiElement(Py:LPAR), PsiElement(Py:INTEGER_LITERAL), PsiElement(Py:RPAR), PsiElement(Py:IDENTIFIER), PsiElement(Py:DOT), PsiElement(Py:IDENTIFIER), PsiElement(Py:LBRACKET), PsiElement(Py:INTEGER_LITERAL), PsiElement(Py:RBRACKET), PsiElement(Py:IDENTIFIER), PsiElement(Py:LPAR), PsiElement(Py:RPAR), PsiElement(Py:IDENTIFIER), PsiElement(Py:LPAR), PsiElement(Py:RPAR), PsiElement(Py:IDENTIFIER), PsiElement(Py:EQ), PsiElement(Py:IDENTIFIER), PsiElement(Py:DOT), PsiElement(Py:IDENTIFIER), PsiElement(Py:LPAR), PsiElement(Py:IDENTIFIER), PsiElement(Py:EQ), PsiElement(Py:IDENTIFIER), PsiElement(Py:LPAR), PsiElement(Py:IDENTIFIER)]\",\"text\":\"().frame()\\n# [___CELL_SEPARATOR___]\\nresult.head(5)\\n# [___CELL_SEPARATOR___]\\nresult.iloc[0]\\n# [___CELL_SEPARATOR___]\\nbf_set_network(\\u0027generate_questions\\u0027)\\n# [___CELL_SEPARATOR___]\\nbf_set_snapshot(\\u0027filters\\u0027)\\n# [___CELL_SEPARATOR___]\\nresult \\u003d bfq.searchFilters(headers\\u003dHeaderConstraints(srcIps\",\"position\":[738,1021]},{\"psi\":\"[PsiElement(Py:LPAR), PsiElement(Py:RPAR), PsiElement(Py:DOT), PsiElement(Py:IDENTIFIER), PsiElement(Py:LPAR), PsiElement(Py:RPAR), PsiElement(Py:IDENTIFIER), PsiElement(Py:DOT), PsiElement(Py:IDENTIFIER), PsiElement(Py:LPAR), PsiElement(Py:INTEGER_LITERAL), PsiElement(Py:RPAR), PsiElement(Py:IDENTIFIER), PsiElement(Py:DOT), PsiElement(Py:IDENTIFIER), PsiElement(Py:LBRACKET), PsiElement(Py:INTEGER_LITERAL), PsiElement(Py:RBRACKET), PsiElement(Py:IDENTIFIER), PsiElement(Py:LPAR), PsiElement(Py:RPAR), PsiElement(Py:IDENTIFIER), PsiElement(Py:LPAR), PsiElement(Py:RPAR), PsiElement(Py:IDENTIFIER), PsiElement(Py:EQ), PsiElement(Py:IDENTIFIER), PsiElement(Py:DOT), PsiElement(Py:IDENTIFIER), PsiElement(Py:LPAR), PsiElement(Py:IDENTIFIER), PsiElement(Py:EQ), PsiElement(Py:IDENTIFIER), PsiElement(Py:LPAR), PsiElement(Py:IDENTIFIER)]\",\"text\":\"().frame()\\n# [___CELL_SEPARATOR___]\\nresult.head(5)\\n# [___CELL_SEPARATOR___]\\nresult.iloc[0]\\n# [___CELL_SEPARATOR___]\\nbf_set_network(\\u0027generate_questions\\u0027)\\n# [___CELL_SEPARATOR___]\\nbf_set_snapshot(\\u0027filters\\u0027)\\n# [___CELL_SEPARATOR___]\\nresult \\u003d bfq.testFilters(headers\\u003dHeaderConstraints(srcIps\",\"position\":[1132,1413]}]},{\"clone_length\":6,\"clones\":[{\"psi\":\"[PsiElement(Py:IDENTIFIER), PsiElement(Py:EQ), PsiElement(Py:COMMA), PsiElement(Py:IDENTIFIER), PsiElement(Py:EQ), PsiElement(Py:LBRACKET)]\",\"text\":\"dstIps\\u003d\\u0027218.8.104.58\\u0027, applications \\u003d [\\u0027dns\\u0027\",\"position\":[1045,1083]},{\"psi\":\"[PsiElement(Py:IDENTIFIER), PsiElement(Py:EQ), PsiElement(Py:COMMA), PsiElement(Py:IDENTIFIER), PsiElement(Py:EQ), PsiElement(Py:LBRACKET)]\",\"text\":\"dstIps\\u003d\\u0027218.8.104.58\\u0027, applications \\u003d [\\u0027dns\\u0027\",\"position\":[1434,1472]}]},{\"clone_length\":9,\"clones\":[{\"psi\":\"[PsiElement(Py:IDENTIFIER), PsiElement(Py:DOT), PsiElement(Py:IDENTIFIER), PsiElement(Py:DOT), PsiElement(Py:IDENTIFIER), PsiElement(Py:IMPORT_KEYWORD), PsiElement(Py:MULT), PsiElement(Py:FROM_KEYWORD), PsiElement(Py:IDENTIFIER)]\",\"text\":\"pybatfish.client.commands import *\\nfrom pybatfish\",\"position\":[25,65]},{\"psi\":\"[PsiElement(Py:IDENTIFIER), PsiElement(Py:DOT), PsiElement(Py:IDENTIFIER), PsiElement(Py:IMPORT_KEYWORD), PsiElement(Py:MULT), PsiElement(Py:FROM_KEYWORD), PsiElement(Py:IDENTIFIER)]\",\"text\":\"pybatfish.datamodel import *\\nfrom pybatfish\",\"position\":[65,99]}]},{\"clone_length\":1,\"clones\":[{\"psi\":\"[PsiElement(Py:IDENTIFIER)]\",\"text\":\"result\",\"position\":[774,774]},{\"psi\":\"[PsiElement(Py:IDENTIFIER)]\",\"text\":\"result\",\"position\":[1168,1168]},{\"psi\":\"[PsiElement(Py:IDENTIFIER)]\",\"text\":\"result\",\"position\":[1564,1564]},{\"psi\":\"[PsiElement(Py:IDENTIFIER)]\",\"text\":\"result\",\"position\":[1895,1895]},{\"psi\":\"[PsiElement(Py:IDENTIFIER)]\",\"text\":\"result\",\"position\":[814,814]},{\"psi\":\"[PsiElement(Py:IDENTIFIER)]\",\"text\":\"result\",\"position\":[1208,1208]},{\"psi\":\"[PsiElement(Py:IDENTIFIER)]\",\"text\":\"result\",\"position\":[1604,1604]},{\"psi\":\"[PsiElement(Py:IDENTIFIER)]\",\"text\":\"result\",\"position\":[1935,1935]}]},{\"clone_length\":10,\"clones\":[{\"psi\":\"[PsiElement(Py:IDENTIFIER), PsiElement(Py:EQ), PsiElement(Py:IDENTIFIER), PsiElement(Py:DOT), PsiElement(Py:IDENTIFIER), PsiElement(Py:LPAR), PsiElement(Py:IDENTIFIER), PsiElement(Py:EQ), PsiElement(Py:IDENTIFIER), PsiElement(Py:LPAR)]\",\"text\":\"result \\u003d bfq.searchFilters(headers\\u003dHeaderConstraints(\",\"position\":[968,1020]},{\"psi\":\"[PsiElement(Py:IDENTIFIER), PsiElement(Py:EQ), PsiElement(Py:IDENTIFIER), PsiElement(Py:DOT), PsiElement(Py:IDENTIFIER), PsiElement(Py:LPAR), PsiElement(Py:IDENTIFIER), PsiElement(Py:EQ), PsiElement(Py:IDENTIFIER), PsiElement(Py:LPAR)]\",\"text\":\"result \\u003d bfq.testFilters(headers\\u003dHeaderConstraints(\",\"position\":[1362,1412]},{\"psi\":\"[PsiElement(Py:IDENTIFIER), PsiElement(Py:EQ), PsiElement(Py:IDENTIFIER), PsiElement(Py:DOT), PsiElement(Py:IDENTIFIER), PsiElement(Py:LPAR), PsiElement(Py:IDENTIFIER), PsiElement(Py:EQ), PsiElement(Py:IDENTIFIER), PsiElement(Py:LPAR)]\",\"text\":\"result \\u003d bfq.findMatchingFilterLines(headers\\u003dHeaderConstraints(\",\"position\":[1769,1831]}]},{\"clone_length\":12,\"clones\":[{\"psi\":\"[PsiElement(Py:IDENTIFIER), PsiElement(Py:LPAR), PsiElement(Py:RPAR), PsiElement(Py:IDENTIFIER), PsiElement(Py:LPAR), PsiElement(Py:RPAR), PsiElement(Py:IDENTIFIER), PsiElement(Py:EQ), PsiElement(Py:IDENTIFIER), PsiElement(Py:DOT), PsiElement(Py:IDENTIFIER), PsiElement(Py:LPAR)]\",\"text\":\"bf_set_network(\\u0027generate_questions\\u0027)\\n# [___CELL_SEPARATOR___]\\nbf_set_snapshot(\\u0027generate_questions\\u0027)\\n# [___CELL_SEPARATOR___]\\nresult \\u003d bfq.filterLineReachability(\",\"position\":[569,729]},{\"psi\":\"[PsiElement(Py:IDENTIFIER), PsiElement(Py:LPAR), PsiElement(Py:RPAR), PsiElement(Py:IDENTIFIER), PsiElement(Py:LPAR), PsiElement(Py:RPAR), PsiElement(Py:IDENTIFIER), PsiElement(Py:EQ), PsiElement(Py:IDENTIFIER), PsiElement(Py:DOT), PsiElement(Py:IDENTIFIER), PsiElement(Py:LPAR)]\",\"text\":\"bf_set_network(\\u0027generate_questions\\u0027)\\n# [___CELL_SEPARATOR___]\\nbf_set_snapshot(\\u0027generate_questions\\u0027)\\n# [___CELL_SEPARATOR___]\\nresult \\u003d bfq.findMatchingFilterLines(\",\"position\":[1644,1805]}]},{\"clone_length\":28,\"clones\":[{\"psi\":\"[PsiElement(Py:IDENTIFIER), PsiElement(Py:EQ), PsiElement(Py:RPAR), PsiElement(Py:DOT), PsiElement(Py:IDENTIFIER), PsiElement(Py:LPAR), PsiElement(Py:RPAR), PsiElement(Py:DOT), PsiElement(Py:IDENTIFIER), PsiElement(Py:LPAR), PsiElement(Py:RPAR), PsiElement(Py:IDENTIFIER), PsiElement(Py:DOT), PsiElement(Py:IDENTIFIER), PsiElement(Py:LPAR), PsiElement(Py:INTEGER_LITERAL), PsiElement(Py:RPAR), PsiElement(Py:IDENTIFIER), PsiElement(Py:DOT), PsiElement(Py:IDENTIFIER), PsiElement(Py:LBRACKET), PsiElement(Py:INTEGER_LITERAL), PsiElement(Py:RBRACKET), PsiElement(Py:IDENTIFIER), PsiElement(Py:LPAR), PsiElement(Py:RPAR), PsiElement(Py:IDENTIFIER), PsiElement(Py:LPAR)]\",\"text\":\"filters\\u003d\\u0027acl_in\\u0027).answer().frame()\\n# [___CELL_SEPARATOR___]\\nresult.head(5)\\n# [___CELL_SEPARATOR___]\\nresult.iloc[0]\\n# [___CELL_SEPARATOR___]\\nbf_set_network(\\u0027generate_questions\\u0027)\\n# [___CELL_SEPARATOR___]\\nbf_set_snapshot(\",\"position\":[1108,1325]},{\"psi\":\"[PsiElement(Py:IDENTIFIER), PsiElement(Py:EQ), PsiElement(Py:RPAR), PsiElement(Py:DOT), PsiElement(Py:IDENTIFIER), PsiElement(Py:LPAR), PsiElement(Py:RPAR), PsiElement(Py:DOT), PsiElement(Py:IDENTIFIER), PsiElement(Py:LPAR), PsiElement(Py:RPAR), PsiElement(Py:IDENTIFIER), PsiElement(Py:DOT), PsiElement(Py:IDENTIFIER), PsiElement(Py:LPAR), PsiElement(Py:INTEGER_LITERAL), PsiElement(Py:RPAR), PsiElement(Py:IDENTIFIER), PsiElement(Py:DOT), PsiElement(Py:IDENTIFIER), PsiElement(Py:LBRACKET), PsiElement(Py:INTEGER_LITERAL), PsiElement(Py:RBRACKET), PsiElement(Py:IDENTIFIER), PsiElement(Py:LPAR), PsiElement(Py:RPAR), PsiElement(Py:IDENTIFIER), PsiElement(Py:LPAR)]\",\"text\":\"filters\\u003d\\u0027acl_in\\u0027).answer().frame()\\n# [___CELL_SEPARATOR___]\\nresult.head(5)\\n# [___CELL_SEPARATOR___]\\nresult.iloc[0]\\n# [___CELL_SEPARATOR___]\\nbf_set_network(\\u0027generate_questions\\u0027)\\n# [___CELL_SEPARATOR___]\\nbf_set_snapshot(\",\"position\":[1504,1721]}]},{\"clone_length\":4,\"clones\":[{\"psi\":\"[PsiElement(Py:IDENTIFIER), PsiElement(Py:DOT), PsiElement(Py:IDENTIFIER), PsiElement(Py:LPAR)]\",\"text\":\"pd.set_option(\",\"position\":[282,295]},{\"psi\":\"[PsiElement(Py:IDENTIFIER), PsiElement(Py:DOT), PsiElement(Py:IDENTIFIER), PsiElement(Py:LPAR)]\",\"text\":\"pd.set_option(\",\"position\":[241,254]},{\"psi\":\"[PsiElement(Py:IDENTIFIER), PsiElement(Py:DOT), PsiElement(Py:IDENTIFIER), PsiElement(Py:LPAR)]\",\"text\":\"pd.set_option(\",\"position\":[199,212]},{\"psi\":\"[PsiElement(Py:IDENTIFIER), PsiElement(Py:DOT), PsiElement(Py:IDENTIFIER), PsiElement(Py:LPAR)]\",\"text\":\"pd.set_option(\",\"position\":[162,175]}]},{\"clone_length\":1,\"clones\":[{\"psi\":\"[PsiElement(Py:IDENTIFIER)]\",\"text\":\"bfq\",\"position\":[703,703]},{\"psi\":\"[PsiElement(Py:IDENTIFIER)]\",\"text\":\"bfq\",\"position\":[977,977]},{\"psi\":\"[PsiElement(Py:IDENTIFIER)]\",\"text\":\"bfq\",\"position\":[1371,1371]},{\"psi\":\"[PsiElement(Py:IDENTIFIER)]\",\"text\":\"bfq\",\"position\":[1778,1778]},{\"psi\":\"[PsiElement(Py:IDENTIFIER)]\",\"text\":\"bfq\",\"position\":[703,703]},{\"psi\":\"[PsiElement(Py:IDENTIFIER)]\",\"text\":\"bfq\",\"position\":[977,977]},{\"psi\":\"[PsiElement(Py:IDENTIFIER)]\",\"text\":\"bfq\",\"position\":[1371,1371]},{\"psi\":\"[PsiElement(Py:IDENTIFIER)]\",\"text\":\"bfq\",\"position\":[1778,1778]}]},{\"clone_length\":2,\"clones\":[{\"psi\":\"[PsiElement(Py:IDENTIFIER), PsiElement(Py:IDENTIFIER)]\",\"text\":\"logging\\nlogging\",\"position\":[384,392]},{\"psi\":\"[PsiElement(Py:IDENTIFIER), PsiElement(Py:IDENTIFIER)]\",\"text\":\"logging\\nlogging\",\"position\":[384,392]}]}]}","initial_tree_length":319,"project_name":"fcc1448769ec7d9438a0e2349a3a182fc7201f5a","file_name":"fcc1448769ec7d9438a0e2349a3a182fc7201f5a.ipynb.py"}